competition_id,Ao5,round_type_id,group_id,scramble_num,scramble,optimal_movecount,movecount_solution
GemCitySpecialIIOH2024,8.0,d,B,1,UR6+ DR3+ DL2+ UL1- U3+ R6+ D5- L1- ALL2- y2 U0+ R4- D5+ L1- ALL6+,8,UR4+ R5+ \2- ALL6- y2 dl1+ L2- DL3+ DR4+
GemCitySpecialIIOH2024,8.0,d,B,2,UR2+ DR3- DL3+ UL1- U3- R1+ D4- L2- ALL0+ y2 U3+ R4+ D5- L1+ ALL6+,9,UR2+ DR4+ R6- \5- y2 D5- UL3- DL2+ DR4- \1+
GemCitySpecialIIOH2024,8.0,d,B,3,UR2+ DR6+ DL4+ UL5+ U3+ R4+ D2+ L3- ALL5- y2 U5- R2+ D5- L0+ ALL4+,8,U2+ L6- ur1- dl2+ ALL3- y2 ur6+ DR5+ UR5+
GemCitySpecialIIOH2024,8.0,d,B,4,UR1- DR3+ DL1+ UL3- U0+ R6+ D3- L3+ ALL2- y2 U2+ R5- D6+ L4- ALL4+,8,UR4+ DL1- dl5+ /3- ALL3+ y2 R5+ UL2- DL6+
GemCitySpecialIIOH2024,8.0,d,B,5,UR1+ DR6+ DL5+ UL2+ U2+ R5+ D1+ L0+ ALL3+ y2 U1+ R1+ D5- L0+ ALL2+,8,UL5- L2- ul6- y2 ul4- dl2+ D5+ UR1- /1-
ClockedinQuezonCity2024,8.0,2,B,1,UR6+ DR6+ DL1+ UL5+ U2- R4- D5+ L5- ALL2+ y2 U0+ R0+ D2+ L2+ ALL5-,8,UR3+ DR1+ DL1- /5- y2 dl2+ dr3+ D2- L2-
ClockedinQuezonCity2024,8.0,2,B,2,UR6+ DR0+ DL5+ UL3- U3+ R6+ D2+ L5- ALL3- y2 U5- R3- D5- L5- ALL5-,8,UL3+ U3+ D5+ \2+ y2 dr1+ D2+ UL5+ DR3+
ClockedinQuezonCity2024,8.0,2,B,3,UR4+ DR2- DL5- UL0+ U5+ R4+ D3- L5+ ALL0+ y2 U5- R1+ D4+ L3- ALL4+,9,UR3+ R3+ D2- y2 dr6+ D1- UL5+ DL2- DR1- /4+
ClockedinQuezonCity2024,8.0,2,B,4,UR3- DR4+ DL4+ UL0+ U5- R2+ D4+ L5+ ALL5+ y2 U6+ R5+ D1- L6+ ALL5+,8,DR3- DL3+ U4- y2 dr3- ur1- D6+ UL6+ DR5-
ClockedinQuezonCity2024,8.0,2,B,5,UR0+ DR1+ DL5+ UL3- U1- R2+ D6+ L6+ ALL3- y2 U1- R6+ D4+ L1+ ALL2-,8,UL4+ R3- ul2- y2 L4- DL3+ DR5+ UR1+ ALL1-
SantiagoCubikzChallengeMega2024,8.0,c,A,1,UR2+ DR0+ DL5+ UL1- U0+ R5- D2- L1- ALL1+ y2 U6+ R1+ D5- L1+ ALL1-,8,DL3- U1- R3+ \2+ y2 D5+ U5- L1- UR1-
SantiagoCubikzChallengeMega2024,8.0,c,A,2,UR1- DR5+ DL1- UL1+ U5+ R1+ D3- L0+ ALL2+ y2 U6+ R0+ D1- L5+ ALL2-,7,UR5- D1- dr3- y2 ul1+ UL6+ DL1+ \4-
SantiagoCubikzChallengeMega2024,8.0,c,A,3,UR2+ DR3+ DL2+ UL0+ U4+ R2- D2+ L5+ ALL1- y2 U3+ R4- D5+ L0+ ALL3+,8,UR3- DL5+ U3- /3+ ALL5- y2 dr1+ DR5- UR3-
SantiagoCubikzChallengeMega2024,8.0,c,A,4,UR5- DR1- DL1- UL5- U4+ R4+ D6+ L3+ ALL2- y2 U0+ R1+ D1+ L5- ALL0+,8,UR6- DR4- L3+ /5- ALL3- y2 dr1- L5+ DR1-
SantiagoCubikzChallengeMega2024,8.0,c,A,5,UR0+ DR2+ DL5- UL3- U1- R3+ D4+ L3+ ALL3+ y2 U2- R5- D5- L1- ALL5-,10,DR1- UL5+ U1- R4- ur3+ ALL4+ y2 R1- DL1+ DR4+ UR2+
LakeConstanceCubing2022,8.0,d,B,1,UR5- DR0+ DL2+ UL6+ U3- R5+ D3- L3+ ALL3+ y2 U1+ R5- D2- L0+ ALL3+ DL,8,DL1+ U2+ ur1+ y2 dl6+ dr5+ R3+ U1- DR2+
LakeConstanceCubing2022,8.0,d,B,2,UR4- DR2- DL3- UL0+ U1- R1+ D2- L5- ALL0+ y2 U0+ R0+ D1+ L2+ ALL1- UR DL,7,UR5+ DL4- D1- ur4+ y2 D1+ DL2- /1-
LakeConstanceCubing2022,8.0,d,B,3,UR4- DR6+ DL6+ UL2+ U2+ R1- D5- L5- ALL6+ y2 U3+ R4+ D1- L5+ ALL2- UR,10,DR1- DL3- D3- y2 ul1+ dl2- U3- L2+ DL5+ DR4- /4+
LakeConstanceCubing2022,8.0,d,B,4,UR5+ DR6+ DL1+ UL4- U4+ R5- D5+ L0+ ALL3+ y2 U6+ R3+ D3- L4- ALL1+ DR UL,9,UR5- R1- L3+ y2 ul1- D1- R3+ DL4+ UR6+ \2-
LakeConstanceCubing2022,8.0,d,B,5,UR4+ DR4- DL1+ UL3+ U4- R3+ D3+ L4+ ALL0+ y2 U6+ R6+ D2- L0+ ALL2+ UR UL,7,UR3- L4+ \1+ y2 ur1+ D2+ UR6+ \3+
MinervaZapopan2026,8.33,f,A,1,UR3- DR0+ DL5+ UL2- U5+ R4- D6+ L1- ALL5- y2 U4+ R2+ D2+ L2+ ALL5-,8,DL2- R5- D3+ ur3+ y2 dr1+ D2- UL2- UR2-
MinervaZapopan2026,8.33,f,A,2,UR1+ DR2+ DL6+ UL1+ U1+ R5+ D3+ L0+ ALL3+ y2 U2- R1- D5+ L6+ ALL5-,10,DR4+ DL4- UL3- D1+ dr2- \1+ ALL5+ y2 U2+ DL6+ DR1+
MinervaZapopan2026,8.33,f,A,3,UR1+ DR4+ DL3+ UL5- U1+ R4+ D4+ L1+ ALL4+ y2 U0+ R3- D2- L4+ ALL0+,8,UR3+ DL1+ dr5- ul4+ \4+ y2 D2+ R3+ L4-
MinervaZapopan2026,8.33,f,A,4,UR2+ DR3- DL5- UL4+ U4- R2+ D4+ L0+ ALL4- y2 U4+ R2- D4+ L4+ ALL5+,9,DR1- DL5+ UL4- U2+ dl2+ y2 R2+ U4- DL4- ALL3+
MinervaZapopan2026,8.33,f,A,5,UR1+ DR0+ DL1+ UL0+ U5+ R5- D2- L2+ ALL6+ y2 U4- R2+ D4- L4- ALL6+,8,DR4+ DL3- U6- dl3- y2 ur4- D6+ UL4+ DR2-
DrammenOpen2026,8.33,1,A,1,UR3+ DR6+ DL1- UL0+ U6+ R6+ D5+ L3- ALL6+ y2 U2+ R0+ D3- L2+ ALL1-,8,UR3+ DR6- DL4- L4- \5- y2 dr1- D3+ UL2-
DrammenOpen2026,8.33,1,A,2,UR1+ DR3+ DL5+ UL5- U4- R0+ D4+ L4- ALL1- y2 U4+ R1+ D2- L2+ ALL1-,9,UR4- L4+ ul1+ y2 ul5- dl4+ L1- UL3- DL2+ UR1-
DrammenOpen2026,8.33,1,A,3,UR2+ DR1+ DL1- UL3+ U6+ R3- D5- L5- ALL6+ y2 U2- R4+ D4+ L2- ALL6+,8,UL1+ D5+ L2+ y2 ul3- dl4- ur1- UL2+ DR4-
DrammenOpen2026,8.33,1,A,4,UR6+ DR1- DL4- UL0+ U2+ R1+ D5+ L5+ ALL3+ y2 U0+ R4+ D0+ L3+ ALL2-,9,UR4+ DR1+ DL1- R1+ ALL2+ y2 dr3- R4- L3- /5+
DrammenOpen2026,8.33,1,A,5,UR2- DR1+ DL4+ UL5+ U5- R0+ D5- L5+ ALL1+ y2 U3+ R5- D5- L0+ ALL3-,8,UR1+ U1+ L2- ul4- y2 U3- DR5+ /1+ \5-
NZSouthIslandChamps2026,8.33,d,A,1,UR4- DR5+ DL5+ UL4- U4- R4+ D0+ L4+ ALL3+ y2 U1- R1- D0+ L3+ ALL1+,7,DR5- DL5- dr5- dl4- ALL2- y2 L3- UR1+
NZSouthIslandChamps2026,8.33,d,A,2,UR5- DR3+ DL3- UL5+ U4- R3- D3- L2- ALL3- y2 U1+ R5+ D3+ L2- ALL3-,9,UR5+ U1- D3+ dr5+ ul3+ y2 R2- U1- L2+ DR3-
NZSouthIslandChamps2026,8.33,d,A,3,UR3+ DR2+ DL2- UL0+ U2+ R5- D2- L2+ ALL5+ y2 U2+ R3+ D1+ L5+ ALL3-,9,U5- D2+ ul2+ \4- y2 ul2- D1- R3- U3+ UL5-
NZSouthIslandChamps2026,8.33,d,A,4,UR3- DR3+ DL3- UL5+ U3- R0+ D0+ L3- ALL3+ y2 U3- R3- D3+ L3- ALL3+,6,UL1+ /3+ \3- y2 D3- L3+ UR3+
NZSouthIslandChamps2026,8.33,d,A,5,UR3- DR5+ DL1+ UL3- U1- R0+ D6+ L2+ ALL2- y2 U1- R4- D5- L5+ ALL3-,9,UR2- U3- y2 dl3+ dr4- R4+ U1- UL2+ DL5+ /1-
MumbaiSummerCubeFiesta2026,8.33,c,A,1,UR4+ DR0+ DL0+ UL1- U3- R4- D2- L1- ALL5+ y2 U3+ R1- D6+ L2+ ALL6+,7,DL2+ y2 dr6+ D4+ UL2- DR2+ UR1- ALL1-
MumbaiSummerCubeFiesta2026,8.33,c,A,2,UR1+ DR3+ DL0+ UL3+ U4- R3+ D4+ L3- ALL2+ y2 U1+ R4- D4- L4- ALL4+,7,DR5+ /4+ ALL6- y2 dr1- R5+ DL4+ UR1-
MumbaiSummerCubeFiesta2026,8.33,c,A,3,UR3+ DR1- DL5- UL1+ U5- R5- D3- L2- ALL3- y2 U4- R0+ D6+ L0+ ALL2-,9,UR3+ DL3- UL2- L1- /1- y2 ul4- dr6+ D6+ U4+
MumbaiSummerCubeFiesta2026,8.33,c,A,4,UR3- DR4+ DL5- UL3+ U2- R3- D5- L2+ ALL1+ y2 U4- R0+ D4+ L1- ALL3-,9,UR2+ D6- y2 ul5+ dl1+ dr1+ D4- U4+ L1+ \4-
MumbaiSummerCubeFiesta2026,8.33,c,A,5,UR1+ DR1- DL1+ UL3+ U2- R2+ D3- L4- ALL3- y2 U2- R4- D1- L5+ ALL4-,9,UR2- D3+ ul6- ALL1- y2 ur5- L4- UL1- DR1+ UR3+
McBajaII2026,8.33,d,A,1,UR1+ DR6+ DL1- UL6+ U0+ R4+ D6+ L6+ ALL5- y2 U1- R2+ D1- L1- ALL5+,8,DL1+ U5+ R1+ /6- y2 D1+ R2- UL1+ ALL4-
McBajaII2026,8.33,d,A,2,UR4- DR6+ DL3- UL4+ U3+ R1- D1+ L1- ALL0+ y2 U0+ R4+ D1+ L3- ALL1-,9,DR3- U3- R2+ D1- y2 dl4- dr5+ DL3+ DR4- /1-
McBajaII2026,8.33,d,A,3,UR2+ DR2+ DL1+ UL2- U4+ R1- D5+ L4- ALL0+ y2 U1- R5+ D3- L0+ ALL1+,10,DL4+ U4- R3- L1+ ul5+ \2+ y2 R3+ DR3+ UR1+ \3+
McBajaII2026,8.33,d,A,4,UR6+ DR3- DL4- UL3- U3- R5+ D3+ L2- ALL0+ y2 U5+ R3- D4- L0+ ALL1-,8,DR4+ L3- y2 dl1- dr6+ D4- DR4- UR5- \1-
McBajaII2026,8.33,d,A,5,UR5+ DR0+ DL5+ UL3+ U2- R6+ D4- L2- ALL5- y2 U2+ R2+ D4- L4+ ALL3+,8,DR1- UL6- R2+ /1- y2 D4+ L4- UR2- /5-
BrownCountyBlitz2026,8.33,d,B,1,UR1- DR3- DL4+ UL2- U5- R5- D5+ L3+ ALL0+ y2 U2+ R5- D2- L2+ ALL5+,9,UR1- DR2- DL4- UL3- L2+ y2 D2+ R5+ UL2- \5+
BrownCountyBlitz2026,8.33,d,B,2,UR0+ DR4+ DL0+ UL2+ U5- R6+ D6+ L3+ ALL6+ y2 U5+ R1+ D4- L2- ALL4+,8,DR2+ U3+ L5- /2+ y2 R1- U5- L2- DL4+
BrownCountyBlitz2026,8.33,d,B,3,UR5- DR1+ DL5- UL5+ U2+ R0+ D4+ L6+ ALL1+ y2 U6+ R5+ D5+ L3+ ALL0+,8,UR4+ UL6- dl5+ y2 dl2+ L3+ UL6+ DR5- \1-
BrownCountyBlitz2026,8.33,d,B,4,UR5- DR3- DL3- UL1+ U2- R1- D0+ L4+ ALL0+ y2 U1+ R1+ D1+ L2- ALL1-,9,UR5+ DR4+ DL2+ U1+ L4- /1+ y2 U1- L2+ DR1-
BrownCountyBlitz2026,8.33,d,B,5,UR3+ DR0+ DL4+ UL3+ U0+ R3+ D4+ L5- ALL3- y2 U6+ R1- D5+ L0+ ALL1+,8,UR6- D4+ L2- dr3- \3- ALL1+ y2 DR5- UR6+
McBajaI2026,8.33,1,A,1,UR4- DR0+ DL3+ UL6+ U5- R5+ D5+ L4+ ALL1- y2 U0+ R3- D3- L5+ ALL4-,8,UR4+ UL1- R5- D4+ ALL3- y2 dl5- L5- DR3+
McBajaI2026,8.33,1,A,2,UR6+ DR1+ DL6+ UL6+ U2+ R6+ D1+ L3- ALL1- y2 U0+ R0+ D6+ L3+ ALL2-,9,UR1- DL4+ UL1- ur2- y2 dl4- dr5- D6+ L3- \1-
McBajaI2026,8.33,1,A,3,UR2- DR2+ DL3- UL3+ U5+ R4- D3- L2+ ALL2+ y2 U3+ R4+ D3- L5+ ALL4+,10,DR4+ UL2- U4- ul2+ \2- y2 dl4- L3+ DL4+ DR1- UR3-
McBajaI2026,8.33,1,A,4,UR0+ DR4- DL0+ UL0+ U5- R1- D5+ L5- ALL0+ y2 U5- R2+ D5- L5- ALL5+,8,UR5+ D1- L5+ ul4- ALL5+ y2 D5+ R2- UL5+
McBajaI2026,8.33,1,A,5,UR2- DR0+ DL1- UL1- U4+ R2+ D4- L2- ALL3+ y2 U3- R1+ D1- L1- ALL6+,8,UR1- DR1+ DL4+ \3- y2 ul6+ U4+ DL1+ UR1-
SingaporeWarmUpJanuary2026,8.33,d,A,1,UR2+ DR1+ DL4- UL2- U0+ R6+ D3+ L2- ALL6+ y2 U0+ R1+ D5+ L1- ALL3-,8,R3+ L4- dr2- dl5+ y2 D5- DL1+ DR1- /3+
SingaporeWarmUpJanuary2026,8.33,d,A,2,UR4- DR3+ DL1- UL0+ U3+ R4+ D4+ L2+ ALL3+ y2 U2+ R5+ D6+ L1- ALL1+,10,UR1+ DR4- DL2- L1+ \2+ y2 dr5+ U2- L2+ DL1- DR5-
SingaporeWarmUpJanuary2026,8.33,d,A,3,UR4- DR4- DL5+ UL4- U1- R2+ D5+ L2+ ALL2- y2 U4+ R0+ D4- L2+ ALL1+,8,DR6- UL3- ur5+ dr5+ y2 D2+ UL4- DL2+ ALL3-
SingaporeWarmUpJanuary2026,8.33,d,A,4,UR4+ DR4- DL3+ UL4- U3- R3- D5+ L2+ ALL3- y2 U2- R2+ D2+ L1+ ALL0+,9,DL4- UL3+ R3+ dl4+ /3- y2 R3- DL1- DR1- UR2+
SingaporeWarmUpJanuary2026,8.33,d,A,5,UR0+ DR2- DL2+ UL2- U2- R1+ D2- L4+ ALL4+ y2 U4- R5- D3- L0+ ALL4+,8,DR1+ DL1+ UL4+ L3+ y2 ur1+ U2+ DR3+ UR2+
HongKongChampionship2025,8.33,d,B,1,UR5- DR4- DL0+ UL6+ U5+ R5- D1+ L1- ALL6+ y2 U2+ R1+ D1- L3+ ALL6+,9,UR1- DR3+ UL5- y2 dl1- dr4+ D2+ R1- UL2- DL1-
HongKongChampionship2025,8.33,d,B,2,UR1+ DR2- DL4+ UL3- U2+ R1+ D1- L2- ALL2+ y2 U5+ R5+ D0+ L2+ ALL3+,8,D1- L1+ /2- y2 ul3- dl4- L2- UR5- /1-
HongKongChampionship2025,8.33,d,B,3,UR6+ DR6+ DL5+ UL3- U5- R6+ D3+ L1+ ALL4- y2 U3+ R0+ D4+ L3+ ALL3+,9,DR6- DL5- UL2+ D3- dl3- y2 dl1+ D4- UL3- ALL5+
HongKongChampionship2025,8.33,d,B,4,UR5- DR2+ DL5+ UL2- U3+ R4+ D5+ L5- ALL2+ y2 U2- R3+ D2- L4- ALL6+,8,UL2+ U2+ R1- y2 R3- UL2+ DL2+ /5- ALL3+
HongKongChampionship2025,8.33,d,B,5,UR0+ DR4+ DL4+ UL5- U1- R4- D3- L5- ALL4- y2 U4+ R5+ D2- L5+ ALL4-,8,UL6- D5- dr1+ y2 ul3+ ur3+ U4- DL5- DR5-
HonoluluMegaaMakapo2025,8.33,c,A,1,UR4+ DR1+ DL4+ UL5- U4+ R4- D3+ L3- ALL5+ y2 U2+ R1+ D1+ L0+ ALL1+,9,DR1- UL4+ U5+ D5+ \2+ y2 D1- U1- UR1- /2-
HonoluluMegaaMakapo2025,8.33,c,A,2,UR2+ DR2- DL4+ UL2- U3- R6+ D2+ L5+ ALL4- y2 U3+ R4+ D2- L2+ ALL1+,10,UR3+ DR3+ DL5+ dr2- \5- y2 ur1- R6+ U1- UL2- DR2+
HonoluluMegaaMakapo2025,8.33,c,A,3,UR5- DR2+ DL6+ UL3+ U5- R3+ D5- L6+ ALL3- y2 U3- R0+ D6+ L1- ALL3+,8,UL3- U2- D3- \6- y2 ur2- D6+ U2+ UL1+
HonoluluMegaaMakapo2025,8.33,c,A,4,UR3+ DR3+ DL1- UL4+ U0+ R6+ D3- L2+ ALL4- y2 U5- R5- D1- L0+ ALL3-,8,DL1+ U5+ L6- dl3+ /1- y2 ur4- D1+ UR5+
HonoluluMegaaMakapo2025,8.33,c,A,5,UR5- DR3- DL0+ UL5- U2- R2+ D6+ L5+ ALL5+ y2 U4+ R1+ D3- L1+ ALL2-,8,DR1+ R5+ D4- /5- y2 dr1+ R1- UL4- DL3+
EyesOpenOpenOtautahi2025,8.33,1,B,1,UR0+ DR5- DL2+ UL1+ U6+ R1- D5- L4- ALL3- y2 U0+ R2- D4+ L5- ALL4-,8,U5+ R6- D4- L1+ /1+ y2 L1- DL6+ DR2+
EyesOpenOpenOtautahi2025,8.33,1,B,2,UR5- DR1- DL3- UL0+ U5+ R3+ D1- L2+ ALL4+ y2 U1+ R0+ D5+ L6+ ALL4+,8,DR4+ DL1+ R1- dl4- ul4- y2 ul2+ UL1- DL5-
EyesOpenOpenOtautahi2025,8.33,1,B,3,UR2- DR0+ DL4+ UL3- U5- R5+ D1+ L0+ ALL0+ y2 U1+ R5+ D0+ L0+ ALL5+,9,DR3- DL1- U2- D1- /3- \2- y2 ul5- R5- U1-
EyesOpenOpenOtautahi2025,8.33,1,B,4,UR4- DR0+ DL3+ UL0+ U4+ R2+ D3- L4+ ALL0+ y2 U5- R2- D0+ L4+ ALL1-,7,R2+ L5+ ALL1- y2 ul3- R2+ U3- UL4-
EyesOpenOpenOtautahi2025,8.33,1,B,5,UR5+ DR0+ DL5- UL5- U5+ R5+ D0+ L1- ALL5- y2 U2+ R1- D6+ L3- ALL2-,9,UR5- DL5+ R5- L6- y2 D3+ R3+ DL3+ UR2- \3+
WesternChampionship2025,8.33,d,A,1,UR6+ DR2+ DL3+ UL3+ U1+ R4- D5+ L2- ALL6+ y2 U0+ R5- D1+ L0+ ALL5-,8,UR6- DR2+ UL4- y2 ul3- ur5- D1- R5+ \1+
WesternChampionship2025,8.33,d,A,2,UR1- DR0+ DL4- UL1+ U5+ R1- D5+ L3- ALL0+ y2 U3+ R2- D2- L0+ ALL3+,9,DL1- UL5- R2+ dl2+ y2 ul4+ dl4+ U3- DR2+ /3+
WesternChampionship2025,8.33,d,A,3,UR0+ DR3- DL4- UL1+ U1- R1- D4- L4- ALL4+ y2 U3+ R4- D1- L5+ ALL3+,8,DR4+ DL5- /1+ y2 ul2- R3+ U3- L5- DR1+
WesternChampionship2025,8.33,d,A,4,UR2- DR2- DL3+ UL4- U1+ R4- D1+ L2+ ALL5+ y2 U4+ R3- D5+ L3- ALL1-,10,UR3- DR1- DL1- U4- ul3- y2 L3+ DR5- UR4- /5+ ALL1-
WesternChampionship2025,8.33,d,A,5,UR6+ DR0+ DL2- UL0+ U4- R5- D1- L0+ ALL4- y2 U5- R0+ D1- L0+ ALL2-,8,UR1- U1- D3+ L2+ dl5- y2 D1+ U5+ /2+
BurleySummer2025,8.33,d,B,1,UR1- DR3- DL2- UL1- U4- R1- D5+ L5+ ALL4- y2 U4- R5- D2+ L1- ALL0+,9,UR5+ UL2- U3+ y2 R5- L3- UL4+ DR2- \3+ ALL1-
BurleySummer2025,8.33,d,B,2,UR0+ DR0+ DL4+ UL2+ U4- R3- D3+ L4+ ALL4- y2 U3+ R3- D1+ L5- ALL3-,9,DR3+ DL2+ U2+ dr5+ ul2- y2 DL5+ DR6+ UR3- ALL1-
BurleySummer2025,8.33,d,B,3,UR3+ DR4+ DL1- UL3- U4- R1- D0+ L3- ALL5+ y2 U3- R2+ D1- L1- ALL1-,9,UR3- DR3- UL5- ur1- y2 dl4- R2- U3+ DL1+ ALL6+
BurleySummer2025,8.33,d,B,4,UR4+ DR4+ DL4- UL4- U0+ R3- D4- L4+ ALL5+ y2 U4+ R1+ D4- L4- ALL5+,7,DL4+ R5- dl1- y2 dr5- R3+ DL4+ UR4-
BurleySummer2025,8.33,d,B,5,UR4+ DR3- DL4+ UL4+ U1- R1- D1- L4+ ALL3- y2 U1+ R1+ D4- L1- ALL5-,7,U5+ /5+ ALL5- y2 L3- DL4+ UR1- /4-
EnergyCubeTomaszowMazowiecki2025,8.33,f,A,1,UR0+ DR4- DL4- UL4- U4+ R1+ D5+ L5+ ALL0+ y2 U5+ R2- D1+ L6+ ALL4+,8,DL3+ R3+ /3+ y2 R3+ U5- L6+ DR1- \5-
EnergyCubeTomaszowMazowiecki2025,8.33,f,A,2,UR5+ DR1- DL5- UL0+ U6+ R1- D0+ L1+ ALL3+ y2 U2+ R2- D2+ L5- ALL3-,10,DR3- U1+ D3- L4+ \5+ y2 U2- L3- DL4- DR2+ ALL1+
EnergyCubeTomaszowMazowiecki2025,8.33,f,A,3,UR5- DR2- DL0+ UL2- U5+ R2- D2+ L2+ ALL2- y2 U1+ R4+ D1+ L6+ ALL3-,9,UR2+ R5- dl3- ALL2- y2 R3- L5- DL1- UR1- \1+
EnergyCubeTomaszowMazowiecki2025,8.33,f,A,4,UR5+ DR3+ DL4- UL3+ U3- R3- D3- L2- ALL5- y2 U3- R0+ D1+ L2+ ALL3+,8,UR5- DL4+ L1- ALL1- y2 D1- U3+ L2- \3-
EnergyCubeTomaszowMazowiecki2025,8.33,f,A,5,UR3- DR2- DL5+ UL6+ U4+ R3- D5- L2+ ALL2- y2 U2+ R2+ D0+ L5+ ALL5-,8,UR6- DR2+ UL1- \3+ y2 ul2- dl5+ L5- UR2-
USMPenangCube2025,8.33,c,B,1,UR0+ DR3- DL1+ UL1+ U1- R2- D6+ L1- ALL6+ y2 U5+ R5+ D3+ L4+ ALL2-,8,DL1- R5+ D3- ALL4+ y2 dl6+ L1- DL3- UR5-
USMPenangCube2025,8.33,c,B,2,UR4+ DR6+ DL0+ UL0+ U4- R3+ D3- L1+ ALL1+ y2 U2+ R4- D4- L3+ ALL1-,9,DR1- DL1- D1- \5- y2 ur5- U1+ UL3- DR4+ ALL5-
USMPenangCube2025,8.33,c,B,3,UR4+ DR2+ DL4- UL5- U4+ R0+ D0+ L2- ALL2- y2 U6+ R5+ D3+ L2+ ALL5+,11,UR3- DR3- D5+ L1- \5+ y2 ul3- dr3+ D2- UL1- DL1- UR5-
USMPenangCube2025,8.33,c,B,4,UR3+ DR1- DL4- UL4- U1+ R1- D4+ L0+ ALL1- y2 U0+ R3- D0+ L6+ ALL3+,8,DR3- DL4+ R2+ L4+ /4- y2 dr3- R3+ L6+
USMPenangCube2025,8.33,c,B,5,UR1+ DR2+ DL3- UL1- U0+ R2- D5- L6+ ALL5+ y2 U1+ R2- D4- L4- ALL4+,8,DR1- DL5- L3+ y2 L3+ DL1+ DR3+ UR1- /1-
UIUCSideEventsSpring2025,8.33,c,B,1,UR2+ DR5- DL2+ UL0+ U4- R5+ D2- L1- ALL3+ y2 U3+ R1- D5- L3+ ALL3+,9,DR5+ DL1- U2+ R5+ D1+ y2 dr5- D4+ UL3- DR1+
UIUCSideEventsSpring2025,8.33,c,B,2,UR3- DR3+ DL0+ UL1+ U3- R3- D6+ L1- ALL3- y2 U4- R4+ D1- L3+ ALL3+,8,DR3+ U5+ /5- y2 D1+ R1+ UL3- UR5- \1+
UIUCSideEventsSpring2025,8.33,c,B,3,UR3+ DR3- DL0+ UL0+ U2+ R1+ D1+ L0+ ALL4+ y2 U2+ R3+ D1- L1+ ALL5+,8,UR5- DR4+ D2- ALL5- y2 R3- UL2- DL1+ ALL6+
UIUCSideEventsSpring2025,8.33,c,B,4,UR2- DR6+ DL6+ UL5- U5- R1+ D0+ L5+ ALL5+ y2 U2+ R5+ D6+ L4- ALL1+,8,R5- L6- y2 ul6+ dl5+ R5- UL2- DL6+ ALL4+
UIUCSideEventsSpring2025,8.33,c,B,5,UR2- DR5+ DL5+ UL6+ U3- R3+ D0+ L6+ ALL4+ y2 U5+ R2- D2+ L5+ ALL3+,9,UR1- DR5- DL5- ALL1- y2 dl6+ dr2- D2- R2+ UL5-
SouthernIndianaQualifier2025,8.33,f,E,1,UR5- DR2+ DL3+ UL5- U2+ R5- D5- L4+ ALL4- y2 U3+ R3- D1- L3- ALL4-,8,UR4- L2- dr5- y2 ur2- D2- U6+ UL3+ DR3+
SouthernIndianaQualifier2025,8.33,f,E,2,UR4+ DR4- DL5+ UL3- U0+ R0+ D2- L4+ ALL3- y2 U4- R5- D5- L3- ALL6+,9,UR1- DR1+ L6- /1- ALL6- y2 U1+ UL3+ DR5+ \2+
SouthernIndianaQualifier2025,8.33,f,E,3,UR1+ DR1+ DL5- UL5- U0+ R5+ D3- L2+ ALL1+ y2 U4- R1- D6+ L1+ ALL1+,10,UR1- DR1- DL4- U5+ R5- ur3- y2 U3- L1- DR6+ UR5-
SouthernIndianaQualifier2025,8.33,f,E,4,UR5+ DR0+ DL4- UL0+ U4- R4- D4+ L1+ ALL2- y2 U5+ R3+ D4+ L5- ALL1-,8,UR1- L3+ \2+ y2 D1- U2+ UL5+ DR3- /3+
SouthernIndianaQualifier2025,8.33,f,E,5,UR4- DR6+ DL6+ UL5+ U1- R2- D1- L1+ ALL3+ y2 U3- R5+ D6+ L4- ALL1+,8,D1+ dl4- /2+ y2 ul2- D2- DL4+ DR4+ UR3+
SouthDakotaPlayhouse2025,8.33,f,A,1,UR3- DR3+ DL0+ UL2+ U1- R0+ D5+ L2+ ALL5+ y2 U0+ R6+ D3- L3- ALL6+,8,U2+ D4+ L4- dl3- y2 dl2- R6+ DL3+ ALL1-
SouthDakotaPlayhouse2025,8.33,f,A,2,UR3- DR2+ DL0+ UL2+ U3+ R3+ D6+ L1- ALL2+ y2 U1- R0+ D4+ L4+ ALL0+,8,UR2- D4+ L1- dl5- /2+ y2 D4- U1+ L4-
SouthDakotaPlayhouse2025,8.33,f,A,3,UR2- DR4+ DL6+ UL4- U2+ R5- D2+ L4+ ALL2- y2 U5+ R0+ D2- L0+ ALL2-,8,UL4+ R3+ L2+ dl2- y2 ul6+ ur4- D2+ U5-
SouthDakotaPlayhouse2025,8.33,f,A,4,UR0+ DR3+ DL3+ UL4- U5- R1+ D1- L4+ ALL5- y2 U1+ R4- D4- L1- ALL2+,9,DR4- UL3- D1- y2 ur5- R1+ U1- DL1+ DR3+ \5-
SouthDakotaPlayhouse2025,8.33,f,A,5,UR3+ DR3- DL3- UL1- U3+ R6+ D5+ L5- ALL2- y2 U3- R6+ D4+ L3+ ALL2+,10,DR1+ UL3- U2- R5+ /4- y2 ul3- L4+ UL3+ DL2+ DR6+
VERKIV2025,8.33,d,A,1,UR2- DR3+ DL2- UL3+ U2+ R1- D6+ L5- ALL6+ y2 U2+ R5+ D2- L2+ ALL3-,8,DL4+ U3- D1+ y2 R5+ UL2- DR2+ \3- ALL6+
VERKIV2025,8.33,d,A,2,UR4- DR3+ DL2+ UL1- U4- R3- D2- L6+ ALL2- y2 U4+ R5+ D2+ L2- ALL1+,10,DR4+ DL5+ U3- dr2+ \3- y2 ur5+ L3+ UL1- DR2- UR3-
VERKIV2025,8.33,d,A,3,UR4- DR2- DL3- UL6+ U5- R1- D4+ L4+ ALL3- y2 U0+ R5+ D5+ L5+ ALL4-,8,UR5+ DR2+ DL1- UL6- U4+ y2 L5- DR5- /1-
VERKIV2025,8.33,d,A,4,UR3+ DR4+ DL2- UL6+ U3- R5- D3+ L3+ ALL5+ y2 U1+ R0+ D1+ L5+ ALL2+,9,DR5- UL6- R3+ L1- ur5- y2 U1- L4- DL1- /3-
VERKIV2025,8.33,d,A,5,UR1- DR6+ DL1- UL0+ U3+ R1- D2+ L3- ALL4- y2 U0+ R3+ D4- L5+ ALL6+,8,UR3+ DR5+ U5- L4+ ul4+ y2 DL5- DR3- /2-
SouthLuzonChampionship2025,8.33,c,A,1,UR4- DR5+ DL3- UL6+ U1- R2- D1- L1- ALL6+ y2 U0+ R6+ D3+ L1- ALL0+,9,DR1+ DL2- U1- ur1+ dl4- y2 D3+ L1+ DR6+ \6+
SouthLuzonChampionship2025,8.33,c,A,2,UR6+ DR3+ DL4- UL0+ U1- R1- D3+ L2- ALL3- y2 U5+ R4- D2- L5- ALL1+,9,UR5- DR3- D1+ L6- y2 D2+ R4+ U2+ UL5+ /4+
SouthLuzonChampionship2025,8.33,c,A,3,UR1+ DR4- DL2+ UL5+ U5- R4+ D2+ L3+ ALL3- y2 U1+ R5- D2+ L1+ ALL3-,8,UR1- L2+ dr6- y2 R4+ L3+ DL4- DR2+ UR1-
SouthLuzonChampionship2025,8.33,c,A,4,UR3+ DR4- DL2- UL0+ U0+ R3+ D6+ L3+ ALL6+ y2 U4+ R4- D2+ L0+ ALL3+,8,UR2- UL1- y2 dr1- ur5- R2- DR2- UR4- \3-
SouthLuzonChampionship2025,8.33,c,A,5,UR3+ DR1+ DL4- UL3- U5- R2- D5+ L5- ALL1- y2 U3- R0+ D0+ L6+ ALL5-,8,DR2- U5+ ALL4- y2 ul4+ dl3+ ur1+ L3+ UL3+
SkewbontheMadisonSnow2025,8.33,1,B,1,UR1- DR3+ DL4+ UL5- U4+ R6+ D5- L1+ ALL3+ y2 U2- R6+ D2+ L3- ALL2-,10,UR2+ R2+ D2- y2 dl5- dr1- D3+ DL3+ DR4+ UR2+ ALL5+
SkewbontheMadisonSnow2025,8.33,1,B,2,UR1- DR3+ DL1+ UL3- U5- R2- D2+ L6+ ALL3+ y2 U1+ R2+ D5+ L1+ ALL6+,8,DL6- U3- L2+ ul6- /3- y2 R3+ UL1- DR5-
SkewbontheMadisonSnow2025,8.33,1,B,3,UR0+ DR2- DL3- UL3- U4- R0+ D3+ L6+ ALL6+ y2 U3+ R1+ D3+ L3- ALL2+,7,DR2+ U5- y2 R5+ L3+ DR3- UR3- ALL4+
SkewbontheMadisonSnow2025,8.33,1,B,4,UR0+ DR2- DL2+ UL1- U1+ R0+ D2- L4- ALL2+ y2 U0+ R5- D0+ L0+ ALL1-,6,DR2+ L3+ ur2+ ALL3- y2 dl1+ R5+
SkewbontheMadisonSnow2025,8.33,1,B,5,UR5+ DR4+ DL3+ UL5- U0+ R4+ D2- L2- ALL2- y2 U2- R3+ D4- L3+ ALL3+,10,DR1- DL4- L4- ALL4+ y2 ul1+ dl1+ UL5+ DL4+ UR3- \1+
ManhattanMiniAM2024,8.33,2,B,1,UR3- DR3- DL5- UL1- U4+ R4+ D3- L5- ALL5+ y2 U5+ R2+ D4+ L3+ ALL5+,8,DL1- R2+ ur6- y2 dl1- ur3+ D4- UL3- UR2-
ManhattanMiniAM2024,8.33,2,B,2,UR5+ DR5+ DL3+ UL4+ U5+ R2- D3- L1+ ALL5- y2 U4- R5+ D1- L5- ALL4+,9,UR2- DR5- R1- L4+ \3+ y2 D1+ R3+ L5+ UR4+
ManhattanMiniAM2024,8.33,2,B,3,UR3- DR5+ DL2+ UL1+ U5+ R3+ D2- L0+ ALL1- y2 U5- R1+ D6+ L1- ALL1-,8,DR5- UL3- ur4- dr5+ dl3- y2 L1+ DR6+ UR5+
ManhattanMiniAM2024,8.33,2,B,4,UR0+ DR4- DL5- UL1+ U3- R5- D4- L4+ ALL5- y2 U0+ R0+ D3+ L6+ ALL4-,8,U2+ R3- D1+ ur5- dr2+ y2 L3- DL3- \1+
ManhattanMiniAM2024,8.33,2,B,5,UR5- DR6+ DL2- UL0+ U6+ R3+ D2- L4+ ALL1- y2 U1- R1+ D2+ L4- ALL2-,10,UR2- DR2- UL1+ L3- dl5+ ul4+ y2 L4+ DR2- UR1+ ALL1+
HungarianOpen2024,8.33,f,A,1,UR3- DR1+ DL3- UL4+ U6+ R1+ D2- L5+ ALL4- y2 U0+ R0+ D2- L4- ALL1-,8,DR1+ UL5+ D3+ L1+ \3- y2 dl3+ L2+ DL2+
HungarianOpen2024,8.33,f,A,2,UR1+ DR2+ DL0+ UL5- U0+ R1+ D3- L3+ ALL1- y2 U3- R2+ D3- L4+ ALL4+,10,UR2+ DR1+ UL2+ R5+ dr1- ALL5+ y2 dr2+ UL5+ DL3+ UR2-
HungarianOpen2024,8.33,f,A,3,UR5+ DR1- DL3- UL5- U5+ R6+ D4+ L3+ ALL4- y2 U5- R3- D1+ L2+ ALL1-,8,UR2+ UL5+ dl2- \3- y2 R3+ U5+ L1- DL1-
HungarianOpen2024,8.33,f,A,4,UR5- DR6+ DL2- UL6+ U4- R2+ D2+ L2+ ALL5- y2 U3- R3+ D1- L1- ALL0+,9,DR3- DL3- UL3+ L6- \5- y2 ur2- U6+ DL1+ UR3-
HungarianOpen2024,8.33,f,A,5,UR0+ DR0+ DL4+ UL2- U3+ R0+ D2- L1- ALL0+ y2 U0+ R5- D3+ L3- ALL2-,8,UL1- D2- ur4+ dr3- y2 D3- R5+ L3+ ALL2+
MuggioICQualifier2024,8.33,f,B,1,UR5+ DR1- DL4- UL3- U0+ R5- D1- L5+ ALL3- y2 U5+ R1- D1- L2- ALL3-,9,DR1+ DL5+ UL3- U1+ dl3+ y2 dl6+ U5+ UL2+ DR1+
MuggioICQualifier2024,8.33,f,B,2,UR6+ DR2- DL5- UL4- U6+ R3- D3+ L5+ ALL1+ y2 U0+ R3- D3+ L2- ALL3+,8,DR4+ UL4+ R5- ALL2+ y2 dr6+ R4- DL2+ DR5-
MuggioICQualifier2024,8.33,f,B,3,UR2- DR4+ DL4- UL3- U3+ R6+ D1+ L5+ ALL5+ y2 U1- R2- D0+ L6+ ALL2-,10,DR1- UL2+ R5+ ul4+ /1- y2 dr1- R2+ L5+ UL1+ /4+
MuggioICQualifier2024,8.33,f,B,4,UR1- DR1- DL5- UL6+ U2+ R2+ D6+ L2+ ALL6+ y2 U6+ R1- D1+ L5- ALL1-,8,UL5+ L4+ dl2- y2 dl1+ R1+ UL6+ DL1- /5+
MuggioICQualifier2024,8.33,f,B,5,UR3+ DR4+ DL3- UL4- U4+ R4- D3- L5+ ALL6+ y2 U4+ R0+ D2+ L2+ ALL2-,7,UR3- DL2+ ur1- ul2- /4- y2 U4- DL2-
SaltaalCuboV22024,8.33,f,A,1,UR3- DR2- DL0+ UL3+ U1- R3+ D5- L5+ ALL3- y2 U3+ R3+ D0+ L4- ALL4-,9,DR2+ UL1+ D5+ L3+ dr4+ y2 R3- L5- UL3- ALL1+
SaltaalCuboV22024,8.33,f,A,2,UR1- DR1+ DL2+ UL6+ U5- R4+ D6+ L2- ALL3+ y2 U4+ R2+ D1- L5- ALL3-,10,DR3- DL6- R1- \4- y2 dr3- D1+ R2+ L5+ UR4- \2+
SaltaalCuboV22024,8.33,f,A,3,UR0+ DR4- DL6+ UL0+ U1- R5- D1+ L6+ ALL3+ y2 U2+ R0+ D5+ L4- ALL0+,8,DR3- U1+ ur6- ul5+ ALL3- y2 D5- U2- L4+
SaltaalCuboV22024,8.33,f,A,4,UR2+ DR1- DL2+ UL4- U2+ R0+ D3+ L5+ ALL2+ y2 U5- R4+ D5+ L3+ ALL2+,8,DR1- DL3- dl5+ y2 ul1+ ur2+ D5- UL3- UR4-
SaltaalCuboV22024,8.33,f,A,5,UR0+ DR4+ DL4- UL0+ U0+ R2+ D1- L3+ ALL2- y2 U4- R3+ D2- L5+ ALL4+,8,DL1+ R6- ul3- ALL6- y2 D2- U4+ DL5- DR3-
DFWBacktoSchool2024,8.33,d,A,1,UR5- DR6+ DL2+ UL4+ U2+ R1- D4+ L3+ ALL4- y2 U5+ R3- D6+ L2- ALL6+,8,UL3+ U4- \2+ y2 dr5- R4- L4- DL6+ UR5-
DFWBacktoSchool2024,8.33,d,A,2,UR3+ DR6+ DL6+ UL4- U3- R3- D1- L1+ ALL5- y2 U5- R2+ D2+ L0+ ALL2-,8,DR6- DL5- UL4+ L2- \3+ ALL6- y2 U5+ DR2-
DFWBacktoSchool2024,8.33,d,A,3,UR2+ DR1+ DL4- UL4- U6+ R1- D3+ L6+ ALL5- y2 U2+ R4+ D4- L4+ ALL5-,8,UR2- UL2+ U4- y2 dl2+ ur5- U2- DL4- DR4-
DFWBacktoSchool2024,8.33,d,A,4,UR5+ DR1+ DL0+ UL2- U1+ R3- D4- L4- ALL1- y2 U5- R1- D4+ L4- ALL5+,10,UR1- DR3+ UL3- R5- L3- ul2- /6- y2 D4- UL4+ UR1+
DFWBacktoSchool2024,8.33,d,A,5,UR0+ DR3- DL6+ UL2+ U2+ R1- D0+ L6+ ALL0+ y2 U3+ R3+ D0+ L5+ ALL0+,9,UR4+ DL3- UL4+ L3- dl1+ /3- y2 L5- UR3- /3-
SlovenianNationals2024,8.33,f,A,1,UR4+ DR6+ DL2- UL5- U1+ R4- D3+ L2+ ALL5- y2 U4+ R3- D0+ L6+ ALL2-,9,DR6- D1- L5+ dr4+ \2- y2 U1- UL6+ UR3+ ALL1-
SlovenianNationals2024,8.33,f,A,2,UR2+ DR4- DL1+ UL5- U5+ R5- D0+ L4- ALL4+ y2 U0+ R1- D1- L5+ ALL4+,8,UR2- R3- D3+ L4- y2 dl5+ ur4+ L5- DR1+
SlovenianNationals2024,8.33,f,A,3,UR3- DR5+ DL3+ UL4+ U1+ R2- D2+ L3+ ALL2- y2 U3+ R5- D3- L6+ ALL6+,8,DL2+ U2- ul1+ y2 D2- L3- UL3- DR5+ \4-
SlovenianNationals2024,8.33,f,A,4,UR2- DR2- DL6+ UL4+ U2- R1+ D0+ L1- ALL4+ y2 U3+ R2- D5+ L1- ALL1+,10,DR3+ DL3+ D2+ dr4- y2 dr5+ U1+ DL1+ DR6+ UR4- /3-
SlovenianNationals2024,8.33,f,A,5,UR3+ DR6+ DL0+ UL2+ U5- R3- D1+ L2- ALL1+ y2 U5- R2+ D1+ L3+ ALL1+,8,DR5+ R1+ dl3+ y2 dl2- R2- U5+ L2- DL1-
DonasenTlalocanVolumen22024,8.33,d,A,1,UR4+ DR5+ DL1- UL5+ U3+ R3+ D1+ L4- ALL6+ y2 U4- R1+ D1- L6+ ALL1+,7,D5- /5- y2 D2+ L2+ UL4+ DR1- \2+
DonasenTlalocanVolumen22024,8.33,d,A,2,UR3- DR0+ DL2+ UL6+ U6+ R1+ D1- L4+ ALL5+ y2 U0+ R0+ D3+ L5- ALL3+,7,UR3+ DR1- /2+ y2 ul2- dl4- L4- DL3-
DonasenTlalocanVolumen22024,8.33,d,A,3,UR3- DR0+ DL1- UL2- U3- R1+ D5- L1+ ALL2+ y2 U3- R6+ D6+ L3- ALL1+,8,UR6- UL2+ R4- D6- y2 ul5- UL3+ DR6+ ALL1+
DonasenTlalocanVolumen22024,8.33,d,A,4,UR1- DR4+ DL0+ UL4+ U5- R4- D0+ L5+ ALL1- y2 U4+ R1- D2- L2+ ALL3-,10,UR1+ UL3+ U2- D4- y2 dl5- dr4- R1+ UL4- DL2+ \2-
DonasenTlalocanVolumen22024,8.33,d,A,5,UR1- DR2- DL1+ UL1- U4+ R2+ D2+ L5+ ALL1+ y2 U5- R4- D3+ L3- ALL4-,11,UR2+ DL1- UL4- R1- ul2- ALL5- y2 dl3- D3- L2+ UL1+ UR4+
GdanskaLigaSpeedcubinguIV2024,8.33,f,A,1,UR1+ DR2- DL3- UL0+ U1- R1- D2- L1- ALL3- y2 U2- R1+ D1+ L1- ALL2+,8,DR2+ DL4+ D1+ ALL5+ y2 ul2- U1+ UL1+ DR1-
GdanskaLigaSpeedcubinguIV2024,8.33,f,A,2,UR5+ DR4+ DL2- UL3- U5+ R6+ D2- L2- ALL0+ y2 U0+ R5+ D1- L5+ ALL5+,8,UR5+ R4+ L5- /3- y2 D6+ R5- DL5- /2+
GdanskaLigaSpeedcubinguIV2024,8.33,f,A,3,UR0+ DR3+ DL3+ UL6+ U4- R2+ D5+ L5- ALL4- y2 U4- R4+ D4+ L4+ ALL6+,10,UR2- DR3- DL1- D5+ L3- dr2- y2 D4- UL4- UR4- /2-
GdanskaLigaSpeedcubinguIV2024,8.33,f,A,4,UR1- DR0+ DL6+ UL0+ U5+ R4- D6+ L3+ ALL4- y2 U5- R1+ D1- L3- ALL5-,9,UR5+ UL3+ ur5+ y2 dl3- D1+ R1- U2+ UL3+ /1-
GdanskaLigaSpeedcubinguIV2024,8.33,f,A,5,UR0+ DR1+ DL3- UL4- U1+ R4+ D2+ L0+ ALL2+ y2 U0+ R5+ D0+ L2- ALL1+,8,UL5+ U2- R5- L2+ ur3- y2 R5- L2+ \1-
MumbaiTwistathon2024,8.33,c,B,1,UR6+ DR4+ DL3+ UL4- U4+ R4+ D4- L4+ ALL5+ y2 U1+ R1+ D3- L0+ ALL4-,7,UR6- DL3- R4+ ul5- y2 D3+ UR1- \3+
MumbaiTwistathon2024,8.33,c,B,2,UR1- DR3- DL2+ UL3- U2+ R1+ D2- L1+ ALL2- y2 U5+ R2- D1+ L4- ALL2-,8,DR3+ U2+ y2 dl3+ dr1+ D3- U5- L4+ DR2+
MumbaiTwistathon2024,8.33,c,B,3,UR1+ DR2+ DL4+ UL5- U5- R4- D5+ L4+ ALL2+ y2 U2- R2- D3- L6+ ALL2+,9,DR1+ UL3- dl2- y2 ul4- dl4- R2+ U1- UL3+ DL3+
MumbaiTwistathon2024,8.33,c,B,4,UR4+ DR1+ DL2+ UL5+ U2- R6+ D1+ L4+ ALL0+ y2 U0+ R2+ D0+ L0+ ALL1-,8,DL4- UL5+ R1+ /1+ y2 ul2+ dl3+ dr4- R2-
MumbaiTwistathon2024,8.33,c,B,5,UR3+ DR3- DL3+ UL4+ U3+ R4- D3+ L3+ ALL2- y2 U5+ R4- D4+ L0+ ALL4-,9,UL2+ R4+ D3- /1- y2 ur2+ D4- R3- UR5- /3-
MRUlaanbaatar2024,8.33,f,B,1,UR2+ DR2- DL1+ UL4+ U1- R0+ D2- L5- ALL3+ y2 U3- R3- D2+ L5+ ALL3+,8,U5- D3+ dl2+ y2 ul1- dl1- L3- DL2- UR3+
MRUlaanbaatar2024,8.33,f,B,2,UR5- DR3+ DL0+ UL2- U3- R4+ D6+ L2- ALL1- y2 U2- R3+ D5+ L2- ALL5+,9,UR2- DL3+ L1+ dr5- /3+ y2 D5- R3- UL2+ /3-
MRUlaanbaatar2024,8.33,f,B,3,UR3- DR3+ DL1+ UL4- U1+ R3- D4- L0+ ALL4- y2 U1+ R5+ D4+ L3- ALL3+,8,UR3+ UL3+ ALL5- y2 ul1- D5+ R4- DL3+ UR1-
MRUlaanbaatar2024,8.33,f,B,4,UR3- DR1- DL2- UL4- U3+ R0+ D3+ L0+ ALL3- y2 U5+ R2- D1- L2- ALL4+,10,UL4+ R4+ L2+ \3- y2 ur1+ R1+ U5- L2+ DR1+ ALL4-
MRUlaanbaatar2024,8.33,f,B,5,UR0+ DR1- DL4+ UL4- U4+ R6+ D0+ L2+ ALL1+ y2 U4+ R5- D2- L5- ALL1+,8,DR3- R2- L2- ur5- y2 ur3- DL5+ DR3- UR4-
RareEventsAthens2024,8.33,d,A,1,UR2+ DR6+ DL3+ UL0+ U2- R5+ D2+ L3+ ALL4- y2 U4+ R0+ D0+ L0+ ALL2+,8,DR1- DL2+ L4+ ul5+ ALL1- y2 dr3+ U4- /5-
RareEventsAthens2024,8.33,d,A,2,UR2+ DR1- DL6+ UL5- U1+ R3- D6+ L5+ ALL4- y2 U5+ R2- D0+ L0+ ALL5+,9,UR1+ DR1+ UL5- U6- L1- \3+ y2 ul3- U5+ UR2+
RareEventsAthens2024,8.33,d,A,3,UR1+ DR1+ DL1+ UL5- U3- R3- D4- L4+ ALL6+ y2 U4+ R4- D4- L0+ ALL1-,8,UR1- DR2+ U4- ur3- ul4- y2 U4- DR4+ \5+
RareEventsAthens2024,8.33,d,A,4,UR1+ DR4- DL1+ UL5- U3- R3- D1+ L1- ALL6+ y2 U0+ R2+ D3+ L3- ALL5-,10,UR6- DL2+ UL1+ L2+ /4- y2 dr4- D3- R2- L3+ /3-
RareEventsAthens2024,8.33,d,A,5,UR2+ DR2- DL0+ UL4+ U4- R0+ D2+ L2- ALL0+ y2 U4+ R5+ D3- L4- ALL3-,8,UL2- /2- ALL4+ y2 dr1- UL1+ DL3+ UR5- \3+
SaoMiguelBlindSides2024,8.33,f,A,1,UR1- DR2- DL0+ UL4+ U3- R0+ D4+ L3- ALL4+ y2 U1- R2- D1+ L3- ALL2+,8,DR3+ D5- L1- y2 L5+ UL1- DL1- UR2+ \2-
SaoMiguelBlindSides2024,8.33,f,A,2,UR0+ DR0+ DL4- UL2+ U1- R0+ D5- L5+ ALL6+ y2 U0+ R5- D2- L5+ ALL4+,7,DL3- U1- ul1+ y2 L2- DL3- DR5+ \2-
SaoMiguelBlindSides2024,8.33,f,A,3,UR2- DR3- DL1+ UL1- U2- R5- D4+ L4+ ALL6+ y2 U2- R2- D2- L6+ ALL1+,9,DR2- UL4- U3- /5- y2 ul1- U2+ L6+ DR2+ /2+
SaoMiguelBlindSides2024,8.33,f,A,4,UR3+ DR4+ DL2+ UL4+ U5+ R5+ D5+ L6+ ALL4+ y2 U4+ R0+ D3+ L1+ ALL3-,8,D1+ /4+ \4+ ALL1+ y2 ul2+ D3- U3- UL1-
SaoMiguelBlindSides2024,8.33,f,A,5,UR5+ DR6+ DL2+ UL3- U2+ R4- D2- L3- ALL5+ y2 U5- R1- D1- L2- ALL1-,10,UR1- DR6- UL4+ U5+ \2+ y2 D1+ U2+ UL2+ UR1+ ALL4+
BrizZonSideOpen2024,8.33,d,E,1,UR4+ DR0+ DL4+ UL5+ U1+ R6+ D5- L5- ALL5- y2 U2- R3+ D1- L5- ALL2-,9,UR2+ DL4- D5+ dl1+ ALL3+ y2 dl4+ D1+ UL5+ UR3-
BrizZonSideOpen2024,8.33,d,E,2,UR3- DR4+ DL4- UL6+ U1+ R1- D0+ L3+ ALL1+ y2 U2- R4- D1- L0+ ALL2+,8,U4- L5- dl2+ y2 R1+ DR1+ UR2+ /5+ \4-
BrizZonSideOpen2024,8.33,d,E,3,UR6+ DR6+ DL2+ UL6+ U1- R1+ D0+ L0+ ALL0+ y2 U2- R6+ D6+ L6+ ALL1-,8,DL4+ U1+ R1- y2 U4- UL6+ DR6+ \6+ ALL5-
BrizZonSideOpen2024,8.33,d,E,4,UR3+ DR4- DL3+ UL5+ U5- R3+ D1+ L2+ ALL6+ y2 U3- R6+ D5- L3- ALL5+,9,DR2- DL2+ U3- /1+ y2 dl4- ur5- R1+ UL3+ DR5+
BrizZonSideOpen2024,8.33,d,E,5,UR1- DR0+ DL5- UL1+ U4+ R1+ D2+ L2+ ALL2- y2 U1- R5- D5+ L0+ ALL1-,8,DL3+ UL1- U3- \1- y2 ul1+ D5- R5+ U1+
USAFAFlybyCubing2023,8.33,f,A,1,UR5+ DR4- DL2+ UL6+ U1+ R4- D4+ L1+ ALL2- y2 U1+ R4+ D5- L6+ ALL6+,10,DR5- DL3+ R4- /2- ALL1- y2 U3+ L1+ DL5+ UR4- /5-
USAFAFlybyCubing2023,8.33,f,A,2,UR5+ DR5- DL4- UL5- U5- R0+ D6+ L3+ ALL1+ y2 U4+ R5+ D6+ L4+ ALL6+ UR DR,9,DL2- U5+ D5+ L4- y2 dr3+ R1+ UL4- DR6+ \5+
USAFAFlybyCubing2023,8.33,f,A,3,UR3- DR2- DL3- UL5+ U2- R4+ D6+ L3+ ALL6+ y2 U3- R2+ D3+ L3+ ALL3- DL,8,DR1- UL5- U5+ R2+ \3- y2 R2- U3+ DL3-
USAFAFlybyCubing2023,8.33,f,A,4,UR6+ DR1- DL1+ UL5- U6+ R5- D2- L1- ALL0+ y2 U1- R5- D5+ L1+ ALL1- DR DL,8,UL5+ D2+ dl5+ \1+ y2 D4- R5+ U1+ DL1-
USAFAFlybyCubing2023,8.33,f,A,5,UR4+ DR0+ DL1+ UL0+ U2- R5- D6+ L1- ALL6+ y2 U0+ R0+ D2- L1+ ALL4- UR DR UL,8,UR1+ U3- D5+ y2 ul1- dr5- D2+ L1- ALL2-
DanishChampionship2023,8.33,1,C,1,UR1- DR1+ DL4- UL4+ U5- R4+ D2+ L0+ ALL4- y2 U1- R1- D5+ L5+ ALL4- UR DR,8,UR2+ DR6- D5- y2 ul4+ dl3- dr1- DL5- UR1+
DanishChampionship2023,8.33,1,C,2,UR2- DR5+ DL5+ UL4- U2+ R1+ D4+ L4+ ALL6+ y2 U4+ R5+ D1- L4+ ALL2- UR DR UL,9,DR3+ DL5- U4+ R5+ /4- y2 dr2- D1+ R5- UL4-
DanishChampionship2023,8.33,1,C,3,UR3- DR4+ DL4- UL4+ U1+ R6+ D4- L0+ ALL6+ y2 U3- R0+ D1+ L2- ALL2+ UR DR DL,8,UR5+ DL4+ U5+ L4- /4+ y2 D1- U1+ UL2+
DanishChampionship2023,8.33,1,C,4,UR4+ DR2- DL6+ UL2- U1+ R1- D3+ L6+ ALL0+ y2 U6+ R1+ D0+ L3+ ALL2+ DR,10,DL5+ UL3- R1- dl2- /2- y2 ul1+ dr3+ R2+ UL3- UR3-
DanishChampionship2023,8.33,1,C,5,UR5+ DR1+ DL4- UL4- U3- R1- D1- L4- ALL2+ y2 U0+ R4+ D1+ L1- ALL3- UR DL,8,UR5- U5- D4+ dr4- ALL5- y2 D2+ DL1+ DR4-
GCUSpring2023,8.33,2,B,1,UR1+ DR0+ DL1+ UL4+ U6+ R3+ D4+ L0+ ALL2- y2 U3+ R0+ D3+ L0+ ALL4- DL UL,8,UR1+ DL5- R5- dr4+ y2 ul6+ D3- U3- /2-
GCUSpring2023,8.33,2,B,2,UR4+ DR3+ DL3- UL5+ U1+ R6+ D1- L1+ ALL2- y2 U3+ R2+ D0+ L1+ ALL2- UR DR DL,9,DR1- DL2+ UL5- U5- dl5- y2 ul1- UL3- DL2+ DR2-
GCUSpring2023,8.33,2,B,3,UR1+ DR1+ DL3+ UL2+ U3- R3- D3- L3+ ALL2- y2 U5+ R5+ D4- L4- ALL2+ UR UL,8,DR1+ DL2- L6- /5- \1+ y2 ur3- DL4+ UR5-
GCUSpring2023,8.33,2,B,4,UR5+ DR4- DL1- UL1+ U3- R1- D6+ L0+ ALL3- y2 U0+ R1- D3+ L6+ ALL2+ UR DR,9,U3- D1- ur3+ dr1+ y2 dr2+ L2- DL4- DR1+ /5+
GCUSpring2023,8.33,2,B,5,UR3+ DR4- DL3- UL3- U0+ R4+ D5- L6+ ALL4+ y2 U1- R2+ D5- L5+ ALL2+ UR DL UL,8,UR3- U3+ ALL2- y2 dl4+ L1- DL4- DR3- UR1+
CubinginCambridge2023,8.33,f,A,1,UR4- DR2- DL2+ UL2+ U3+ R1- D1- L3- ALL4+ y2 U3+ R3- D4+ L5- ALL2- DL,10,DR1+ UL1- R6- dr2- ALL4- y2 D3- UL6+ DL1- UR3+ /2-
CubinginCambridge2023,8.33,f,A,2,UR2+ DR3- DL4+ UL6+ U6+ R6+ D3+ L1- ALL2- y2 U3+ R0+ D0+ L3- ALL3+ DL,8,UR5- UL3+ D4- /3- y2 ul4- L6+ UL3- ALL2-
CubinginCambridge2023,8.33,f,A,3,UR1+ DR0+ DL4+ UL1- U6+ R4- D2+ L0+ ALL5- y2 U4- R0+ D1+ L4- ALL2+ DR DL UL,8,UR3+ DL6- UL3+ dr2+ ALL5- y2 ul2+ D1- UL4+
CubinginCambridge2023,8.33,f,A,4,UR2- DR4+ DL4+ UL5+ U3- R6+ D1- L6+ ALL2+ y2 U4- R1+ D5+ L5+ ALL4- UR DL,9,DR4- DL3- R4- dl3- /5+ y2 R1- U4+ DL5- /1-
CubinginCambridge2023,8.33,f,A,5,UR2+ DR3+ DL0+ UL6+ U6+ R1+ D4+ L6+ ALL3- y2 U0+ R6+ D2- L4+ ALL3+ DL,8,UR2- DR5+ R3+ /5+ y2 R6+ L6+ DL2+ \1-
Stockholmsligan6RedDevils2023,8.33,f,A,1,UR1- DR2- DL1- UL2+ U4+ R4- D5- L2- ALL5- y2 U3+ R3+ D4- L2- ALL3+ DR UL,9,DR5- DL1+ U5- \1- y2 ul1- D4+ L2+ UR3- \5-
Stockholmsligan6RedDevils2023,8.33,f,A,2,UR0+ DR4+ DL5+ UL2- U6+ R1- D3+ L3- ALL3+ y2 U2- R6+ D0+ L4- ALL2+ UL,8,UR3- U1- ul4+ \5+ ALL4+ y2 R4- UL4+ UR2-
Stockholmsligan6RedDevils2023,8.33,f,A,3,UR5- DR0+ DL5- UL4+ U4- R5+ D0+ L6+ ALL6+ y2 U0+ R5- D5- L2+ ALL2+ UR DR DL,8,DL2+ UL5+ D3+ dl3+ \4+ y2 dl3+ L2- DR5+
Stockholmsligan6RedDevils2023,8.33,f,A,4,UR2+ DR4- DL2+ UL0+ U3+ R5+ D2- L2- ALL2+ y2 U1+ R3- D2- L2+ ALL0+ UR DR,8,DR4+ U5- R5+ \2+ y2 D2+ R3+ U1- L2-
Stockholmsligan6RedDevils2023,8.33,f,A,5,UR5- DR1- DL3- UL2+ U3- R5- D6+ L2+ ALL0+ y2 U3- R2+ D1- L2+ ALL3+ UL,10,DR1- DL1- U6- ul4- \5- y2 R3- U3+ L2- DR1+ \2-
NiskayunaNimbleFingers2023,8.33,f,A,1,UR6+ DR0+ DL0+ UL0+ U0+ R3+ D5+ L6+ ALL0+ y2 U6+ R5- D3- L4+ ALL0+ UR DL UL,8,UL6- R3+ D5- y2 dr6+ D3+ R1- L4- UR6+
NiskayunaNimbleFingers2023,8.33,f,A,2,UR0+ DR0+ DL1+ UL6+ U0+ R0+ D1+ L2+ ALL3- y2 U6+ R3- D3- L2- ALL2+ UR,9,DL2- UL6- L1- dl2+ y2 U4+ UL2+ DR3+ /4+ ALL1-
NiskayunaNimbleFingers2023,8.33,f,A,3,UR4+ DR4+ DL5+ UL1- U3- R6+ D3- L6+ ALL1- y2 U5- R1+ D0+ L0+ ALL4+ UR DL UL,8,DR4+ DL2+ R6- \5- y2 dr3+ ur4+ U6+ UR1-
NiskayunaNimbleFingers2023,8.33,f,A,4,UR4- DR2- DL0+ UL0+ U0+ R3- D3+ L0+ ALL2+ y2 U4+ R0+ D5+ L2- ALL2- UR DL,8,DR1- U4+ R2- ul3+ y2 D1+ UL4- DL6+ ALL4+
NiskayunaNimbleFingers2023,8.33,f,A,5,UR1+ DR0+ DL5+ UL4- U2- R2+ D3- L2- ALL5+ y2 U1- R3+ D2+ L4- ALL0+ DL UL,9,UR4+ DR2- UL1+ R5- y2 U4+ L6+ DL2- UR3- /5-
FlatasenOpen2023,8.33,c,A,1,UR4- DR3+ DL4+ UL1- U4+ R1+ D6+ L3- ALL0+ y2 U2+ R4- D6+ L2- ALL5+ DR UL,8,UR1+ DR1- dl3- ALL5+ y2 dl1+ U2- DL2+ DR4+
FlatasenOpen2023,8.33,c,A,2,UR1+ DR0+ DL1+ UL3+ U1- R2+ D6+ L1- ALL2- y2 U6+ R4+ D6+ L3+ ALL3- UR DR DL UL,8,DR3- UL3- D4- \1+ y2 D3- R4- U6+ DL3-
FlatasenOpen2023,8.33,c,A,3,UR4- DR4- DL2+ UL2+ U2+ R0+ D4+ L2- ALL6+ y2 U0+ R4- D2- L4+ ALL3+,8,DL2- R4- y2 dl2+ ur4+ D2+ UL4- UR4+ ALL3+
FlatasenOpen2023,8.33,c,A,4,UR3- DR4- DL0+ UL1+ U0+ R4+ D1- L3- ALL4+ y2 U4+ R1+ D1- L3+ ALL2- DR DL UL,9,DR5+ UL2+ R2- ul3- y2 D1+ UL3- UR1- \4- ALL2+
FlatasenOpen2023,8.33,c,A,5,UR5- DR2+ DL4+ UL0+ U4+ R1- D5- L2+ ALL1- y2 U1- R3+ D0+ L4- ALL6+ DR UL,9,DL1- UL1- U2+ R4+ L4- y2 UL4+ UR3- /3- \2-
ANewYearinHamilton2023,8.33,e,B,1,UR3- DR2+ DL5- UL3+ U1+ R0+ D5+ L3- ALL3- y2 U1- R6+ D0+ L4+ ALL4+ DR UL,10,UR1- DR2+ DL5+ D3+ dr6- y2 R1+ UL4- UR5+ \4- ALL1+
ANewYearinHamilton2023,8.33,e,B,2,UR2- DR4- DL5+ UL2+ U5- R5+ D3+ L2+ ALL6+ y2 U5- R6+ D5- L5- ALL2+ UR DR DL UL,9,UR5+ DR4- L3+ dr2- dl2- y2 R1+ UL5+ DR5+ \4-
ANewYearinHamilton2023,8.33,e,B,3,UR5+ DR3+ DL1- UL3- U4+ R6+ D2- L4+ ALL2+ y2 U0+ R6+ D3+ L3- ALL2+ UR DL UL,7,UR2- U4- y2 ul2- ur3- UL3+ DR3- UR3-
ANewYearinHamilton2023,8.33,e,B,4,UR5+ DR0+ DL3- UL3- U2- R2- D2- L1+ ALL5- y2 U2+ R2+ D5+ L0+ ALL1- DR UL,8,UR3- DL5+ U3+ ALL6- y2 dl1+ D5- UR2- /2-
ANewYearinHamilton2023,8.33,e,B,5,UR5- DR3- DL3+ UL1- U2- R6+ D0+ L4+ ALL5+ y2 U3+ R0+ D0+ L1- ALL1- DR DL,8,UR2+ UL6- /3- y2 ul6+ dl4+ U3- L1+ /3+
TheSidesBahiaExperience2023,8.33,f,B,1,UR2+ DR6+ DL3+ UL5- U0+ R4+ D4+ L2+ ALL5- y2 U0+ R2+ D0+ L2+ ALL5- UR DR DL UL,8,DL3- UL3+ D2+ ul1- y2 ur5+ L4- UL2+ UR2-
TheSidesBahiaExperience2023,8.33,f,B,2,UR5+ DR1+ DL3- UL5+ U5- R6+ D2+ L2- ALL5- y2 U4- R5- D5+ L1+ ALL3+ UR DL UL,8,U5- ul1+ y2 ul5- dr2- D5- UL1- UR5+ /4-
TheSidesBahiaExperience2023,8.33,f,B,3,UR2- DR2- DL4- UL6+ U1- R5+ D1- L6+ ALL4- y2 U1- R5+ D5+ L6+ ALL1- DR DL,10,DR1- DL4- UL3- L1- ul3- \3- y2 dl3- L5+ UL1+ DR5-
TheSidesBahiaExperience2023,8.33,f,B,4,UR6+ DR2+ DL1- UL0+ U5- R1- D5+ L5- ALL0+ y2 U2+ R3+ D5- L1- ALL0+ DL,8,UR1- DR6- L6- y2 ul2- U5+ UL5+ DL4- DR3-
TheSidesBahiaExperience2023,8.33,f,B,5,UR4+ DR2- DL3+ UL0+ U3+ R4- D4- L4- ALL6+ y2 U1+ R3- D6+ L4- ALL4+ DR DL,9,DR2+ DL1+ U5+ ALL2+ y2 D6+ R3+ U1- L4+ /4-
RacetheClockMinnesota2022,8.33,d,A,1,UR3- DR5+ DL1- UL1+ U5+ R5+ D1+ L2- ALL6+ y2 U1- R1- D2+ L4- ALL1+ UL,10,UR2- DR5- U1- L2+ ur1- dl5- ALL5- y2 D2- L4+ UR1+
RacetheClockMinnesota2022,8.33,d,A,2,UR2- DR4- DL5+ UL5- U2+ R6+ D3- L5- ALL1+ y2 U4+ R1+ D4- L5- ALL5- UR DR UL,8,UL5+ D2+ dl4+ \6- y2 ur3- U4- DL5+ DR1-
RacetheClockMinnesota2022,8.33,d,A,3,UR6+ DR2+ DL3- UL3+ U4- R6+ D1+ L5+ ALL2+ y2 U4+ R1- D1- L5- ALL0+ UR UL,9,UL5- R2- dl1+ y2 ul4+ dl4+ U3+ UL5+ DR1+ \2-
RacetheClockMinnesota2022,8.33,d,A,4,UR3- DR3+ DL4- UL5+ U4+ R3- D4+ L6+ ALL5- y2 U3+ R2+ D2+ L3+ ALL1+ DL,8,UR6- DR3- L5+ ur4+ dr5+ y2 UL3- DR2- /6+
RacetheClockMinnesota2022,8.33,d,A,5,UR2- DR5- DL5+ UL1+ U2- R5- D4- L5- ALL5+ y2 U5- R0+ D0+ L1+ ALL2- UR DL UL,8,UL1- U4+ D4+ \5+ y2 ur5+ L6+ UL5+ ALL2+
CariloOpen2022,8.33,d,A,1,UR0+ DR0+ DL4- UL5- U5- R0+ D4+ L3- ALL3- y2 U4- R5+ D5+ L3+ ALL6+ UR DL,7,U2- ur3+ \3+ y2 ul2- D5- UL3- UR5-
CariloOpen2022,8.33,d,A,2,UR6+ DR1+ DL3+ UL4- U0+ R4- D3- L2+ ALL2- y2 U1+ R5+ D0+ L0+ ALL6+ UR,8,UR2- DR1- UL1- U1+ \4+ y2 ul1+ U4+ UR5-
CariloOpen2022,8.33,d,A,3,UR2- DR0+ DL4+ UL3+ U3- R4+ D6+ L2+ ALL2- y2 U3+ R6+ D2- L2+ ALL1+ UR DR DL,10,UR1- UL3+ R1- D2+ \3- y2 ul5+ D2+ U3+ L2- UR6+
CariloOpen2022,8.33,d,A,4,UR4- DR1+ DL3+ UL2+ U4+ R2- D3- L2- ALL1- y2 U3+ R0+ D2+ L0+ ALL3+ UR DL,8,DL1- UL2- R5+ y2 ul6+ ur1- D2- U3- /4+
CariloOpen2022,8.33,d,A,5,UR3- DR4+ DL5+ UL1+ U5- R1- D1- L5+ ALL2+ y2 U0+ R4- D4+ L4+ ALL2- DR UL,9,UR4- DR4+ UL1- L2+ \4+ y2 ul1- dr1- R4+ DL4-
LevelUpUusimaa2022,8.33,c,A,1,UR0+ DR5+ DL2+ UL0+ U5+ R3+ D5+ L3+ ALL5+ y2 U1- R0+ D6+ L1- ALL1+ UR DR,8,UL5- R4+ ur2+ dr3+ /4+ y2 D5+ U1+ DL1+
LevelUpUusimaa2022,8.33,c,A,2,UR6+ DR3- DL4+ UL5- U1- R0+ D3- L5- ALL4- y2 U5- R0+ D1- L1+ ALL3- UR DR UL,10,DL2+ R3- L4+ /4- y2 dl1+ U5+ L2- DL1+ /6+ ALL3-
LevelUpUusimaa2022,8.33,c,A,3,UR2+ DR3+ DL1- UL0+ U1+ R5- D3+ L6+ ALL6+ y2 U4- R4+ D4- L0+ ALL0+ UR DL UL,8,DL5- U3- ul1- /4+ \2+ y2 dl4- DR4+ UR4+
LevelUpUusimaa2022,8.33,c,A,4,UR5- DR1+ DL3+ UL5- U4+ R1+ D4- L2+ ALL4+ y2 U6+ R1- D1- L1- ALL2+ UL,9,UR3+ U3+ dr5- ALL2- y2 ul3- dr2+ R1+ U6+ DL1+
LevelUpUusimaa2022,8.33,c,A,5,UR6+ DR4- DL2- UL6+ U3+ R3- D2+ L3- ALL2+ y2 U1- R2- D0+ L0+ ALL4+ UR,8,UR3- DR4+ L1- dr5+ y2 dr5- R1+ UR1+ /2+
PittsburghSummerB2022,8.33,f,A,1,UR5+ DR3- DL0+ UL1- U3- R2- D4- L0+ ALL0+ y2 U6+ R0+ D0+ L1- ALL5- UR,8,UL1+ U2- D5- ul3- \5+ y2 ul5+ U6+ L1+
PittsburghSummerB2022,8.33,f,A,2,UR4+ DR2+ DL2+ UL2+ U4- R6+ D1- L1- ALL4+ y2 U6+ R1- D2+ L6+ ALL4+ UR DR DL,8,DL3- U2- ur1+ /2+ y2 D2- R1+ UL6+ /2+
PittsburghSummerB2022,8.33,f,A,3,UR3- DR5+ DL2+ UL4- U5+ R5- D1+ L3- ALL0+ y2 U5+ R0+ D5+ L1+ ALL2+ UL,10,UR2+ DR1- DL5+ R2+ ul4+ ALL2+ y2 R3- UL1- DR5- UR4-
PittsburghSummerB2022,8.33,f,A,4,UR2- DR0+ DL0+ UL2+ U5- R2+ D1+ L4+ ALL3+ y2 U6+ R6+ D3- L0+ ALL5+ DL UL,8,DL1- UL4+ U1+ L3+ y2 ul1- D3+ UR6+ /2+
PittsburghSummerB2022,8.33,f,A,5,UR3- DR3- DL5- UL0+ U4- R1- D5+ L1+ ALL0+ y2 U5- R2+ D2- L4- ALL1- UR,9,UR5- DL3+ L1+ ALL1- y2 ur3+ D4+ U1+ UL4+ DR2-
MedanRevival2022,8.33,c,B,1,UR4+ DR0+ DL4+ UL4+ U2+ R4- D6+ L0+ ALL4+ y2 U3- R1+ D0+ L0+ ALL2+ DR DL,8,DL2+ UL2+ y2 ul4- dl6+ dr2- R1- U3+ /2-
MedanRevival2022,8.33,c,B,2,UR5+ DR1+ DL1+ UL2+ U5+ R1- D2- L2- ALL5- y2 U1+ R2+ D1+ L5- ALL3+ DR DL UL,9,DR1+ DL1- R6- /2+ y2 D1- R2- U6+ UL5+ ALL2+
MedanRevival2022,8.33,c,B,3,UR2- DR1- DL3- UL1- U4- R4- D1- L1+ ALL4+ y2 U4+ R5+ D4+ L4- ALL1- UL,10,UR5- DL3+ D2+ ul1- y2 ul1+ U3- L4+ DR4- UR1- /5-
MedanRevival2022,8.33,c,B,4,UR2+ DR5+ DL3+ UL5+ U6+ R5+ D1- L1- ALL4+ y2 U2- R5+ D5+ L1- ALL1- DL,8,DL5+ U1- /4+ y2 ul1- L1- UL2+ DR5- \1-
MedanRevival2022,8.33,c,B,5,UR6+ DR4- DL3- UL5- U4- R2- D5- L5+ ALL0+ y2 U1- R5+ D6+ L1- ALL0+,8,UL3+ /3- y2 dr3- ur1+ L1+ DR6+ UR1+ /3-
LinfenOpen2019,8.33,c,A,1,UR0+ DR2- DL5+ UL5+ U3+ R5+ D4- L4+ ALL5- y2 U0+ R6+ D4+ L0+ ALL6+ UR DR DL UL,9,DL1+ UL3- U5- R3- ALL1- y2 dl2- ur2+ D2+ DR6+
LinfenOpen2019,8.33,c,A,2,UR2- DR6+ DL0+ UL4- U2- R3+ D1+ L4- ALL3+ y2 U5+ R0+ D2- L3+ ALL5+ DL,8,DR5+ UL4- /2- y2 dl6+ dr3- ur1+ UL5- DL2+
LinfenOpen2019,8.33,c,A,3,UR4- DR4- DL0+ UL0+ U3+ R1- D3+ L3- ALL1- y2 U3+ R4- D3- L2+ ALL4- DR,10,UR1+ DL3+ R4- D2- ALL3- y2 ur4+ R1+ L1+ UL3- DR3+
LinfenOpen2019,8.33,c,A,4,UR2- DR2+ DL3+ UL5+ U2+ R4+ D5- L5+ ALL4- y2 U1- R0+ D0+ L2- ALL4+,8,UR4- UL1- ur1- dr4+ \4+ y2 ur2- U1- UL2+
LinfenOpen2019,8.33,c,A,5,UR5- DR3+ DL4- UL0+ U6+ R3+ D2+ L5+ ALL4- y2 U5- R5+ D5- L4+ ALL3+ DR DL UL,8,UR1- DL1- dl1+ ALL5- y2 D5- UL5+ DL3+ DR5-
FoothillsFinalFight2019,8.33,c,B,1,UR6+ DR1+ DL2- UL0+ U4- R6+ D0+ L0+ ALL0+ y2 U1- R4+ D4+ L3+ ALL4- UR UL,8,UR2- DR1- DL2+ R2+ \4+ y2 U1+ L3- DR4-
FoothillsFinalFight2019,8.33,c,B,2,UR2+ DR6+ DL4- UL1- U3- R1+ D2+ L6+ ALL6+ y2 U6+ R3+ D4+ L2- ALL0+ UR DR,9,UR3+ UL1- D4- dl3+ \4- y2 R3- UL6+ DL4- \2+
FoothillsFinalFight2019,8.33,c,B,3,UR1- DR4- DL1+ UL4+ U5+ R1- D3+ L6+ ALL4- y2 U3- R1- D5- L3- ALL0+ UR DL UL,8,UR4+ R2+ L1+ /4- y2 dl4+ D4+ UL3+ DR1+
FoothillsFinalFight2019,8.33,c,B,4,UR0+ DR5+ DL1+ UL1+ U2- R5- D1+ L0+ ALL5+ y2 U1- R5- D5- L0+ ALL5+ DL UL,8,DL3+ U1+ D2+ L5- ul5+ y2 D1+ DR4+ UR1+
FoothillsFinalFight2019,8.33,c,B,5,UR5- DR4- DL2+ UL5+ U0+ R3- D4- L0+ ALL3+ y2 U5+ R4+ D0+ L5- ALL4+ UR,9,DL5+ D1+ /4- ALL4+ y2 dl1- U1- L5+ UR4- /5+
LugaOpen2019,8.33,c,B,1,UR3- DR3- DL2+ UL6+ U2+ R3- D1- L4- ALL0+ y2 U1- R6+ D1+ L1+ ALL1+ UR DL,9,UR5- DR2+ L4- \1- y2 ul3- dr5- U5- DL1- UR6+
LugaOpen2019,8.33,c,B,2,UR3- DR5+ DL0+ UL3- U4+ R5- D3- L1+ ALL3- y2 U1+ R5+ D4- L4- ALL5+ DR,9,UL2+ R3+ D2- /4+ y2 dr5- ur1- D4+ UL4+ UR5-
LugaOpen2019,8.33,c,B,3,UR3- DR0+ DL2+ UL1- U1+ R3- D1- L4- ALL0+ y2 U0+ R1+ D5- L1- ALL4- DR DL,10,UR3+ DL1- R3+ L4+ y2 ul1- dl1+ D5+ R1- L1+ ALL4+
LugaOpen2019,8.33,c,B,4,UR3- DR6+ DL3- UL5+ U2- R4+ D2- L3+ ALL5- y2 U4+ R0+ D1- L0+ ALL5+ UR,7,DR1- R6- L5- \3- y2 D1+ U4- \5-
LugaOpen2019,8.33,c,B,5,UR2- DR3+ DL6+ UL4+ U2+ R2+ D2+ L6+ ALL6+ y2 U4- R0+ D0+ L1- ALL0+ UR DR,7,DR3- UL4- D4+ \2- y2 L3- UL4+ /4+
CubingPeoria2019,8.33,1,A,1,UR2- DR0+ DL4+ UL2+ U4+ R0+ D5- L5- ALL2- y2 U0+ R2+ D5- L4+ ALL5- DR DL UL,9,UR2+ DL1+ UL2- U4- ur5- y2 D5- L4- DR2- ALL3+
CubingPeoria2019,8.33,1,A,2,UR4+ DR4- DL2- UL3+ U1+ R3+ D6+ L5- ALL1+ y2 U5+ R0+ D6+ L6+ ALL4- DR DL,8,UL4+ R3- dl6- \2- y2 ur5+ U5- DL6+ \5+
CubingPeoria2019,8.33,1,A,3,UR0+ DR3+ DL0+ UL2+ U1- R2- D2- L4+ ALL1+ y2 U4- R0+ D2- L5- ALL1- UR UL,8,DR1- UL1- L5- /2+ y2 dl1+ D2+ U4+ L5+
CubingPeoria2019,8.33,1,A,4,UR6+ DR0+ DL0+ UL0+ U4- R4- D6+ L6+ ALL1+ y2 U6+ R2- D1+ L3- ALL3+ UR DR DL UL,8,UR2- DL6- ur3- y2 R3+ L3- UL6+ DR1- /2+
CubingPeoria2019,8.33,1,A,5,UR3+ DR6+ DL3+ UL2- U2+ R4- D5+ L3- ALL1- y2 U4- R2- D5- L3+ ALL4+ DL UL,10,UR3- DR2- L2+ dr1- /5- y2 ul3- D4- R2- DL3- UR4+
SJTUOpen2018,8.33,1,B,1,UR0+ DR5- DL1+ UL4- U4- R1+ D1- L2- ALL3+ y2 U2- R2+ D0+ L0+ ALL5- UR DR DL,8,DL5+ U4- R4+ ur6- y2 ur1+ R2- U2+ \4+
SJTUOpen2018,8.33,1,B,2,UR5- DR1+ DL1+ UL1+ U4+ R2- D6+ L3- ALL2- y2 U3+ R1- D3- L4+ ALL2+ DR DL UL,10,DR1- DL1+ R5- D4+ y2 ul2- dr1+ D3+ UL4- UR1+ ALL4-
SJTUOpen2018,8.33,1,B,3,UR3+ DR1- DL0+ UL5- U1- R4+ D4+ L5- ALL1+ y2 U3+ R3+ D0+ L3- ALL3+ DR DL,8,UR3- DR3- UL2- U4- y2 L3+ UR3- \4+ ALL2+
SJTUOpen2018,8.33,1,B,4,UR5- DR4- DL5+ UL3+ U2- R5+ D5- L5- ALL4- y2 U3+ R2+ D0+ L3+ ALL3+ UR DR DL,8,DR4+ UL3- U5- dl4+ y2 dr1- R2- UL3- /5-
SJTUOpen2018,8.33,1,B,5,UR4- DR1- DL5+ UL3+ U3+ R2- D2- L6+ ALL1+ y2 U3- R0+ D3+ L4- ALL3+,9,UR5- DL2- U3+ /5- y2 dl4+ D5+ U3+ DL4+ /3-
LatvianOpen2016,8.33,f,A,1,UR0+ DR3+ DL4- UL1+ U0+ R3- D0+ L4+ ALL1+ y2 U6+ R2+ D2- L5+ ALL5+ DR DL,9,UL1- D1+ \2- y2 D1- R2- U2+ UL4+ DL3+ /2+
LatvianOpen2016,8.33,f,A,2,UR5+ DR3+ DL5+ UL2- U2+ R4- D2- L3+ ALL4+ y2 U1- R6+ D1+ L1+ ALL6+ DR UL,9,UR5- DL6- R1+ /3+ ALL5+ y2 U6+ L1- DR1- UR5-
LatvianOpen2016,8.33,f,A,3,UR3+ DR4- DL1- UL3+ U6+ R5+ D3+ L4- ALL5- y2 U4- R4- D1+ L1- ALL3+ UR DR DL UL,9,DL2+ R4- ul4- y2 R2+ UL1+ DR1- UR3+ /2- ALL2+
LatvianOpen2016,8.33,f,A,4,UR1- DR1- DL0+ UL6+ U2- R2+ D1+ L3- ALL4- y2 U1+ R5+ D3- L5+ ALL3+ UR DL UL,7,UL3- ur5+ y2 UL1- DL4- DR5- \3- ALL2+
LatvianOpen2016,8.33,f,A,5,UR3- DR6+ DL4- UL6+ U3- R1+ D2- L2- ALL1+ y2 U3+ R3- D0+ L3- ALL3+ UR DR UL,7,R4- ur4- ALL4- y2 R3+ L6+ UL3- \6+
CanadianOpen2015,8.33,c,A,1,UR5- DR1+ DL2- UL1+ U4+ R4+ D1- L0+ ALL6+ y2 U2- R3- D3+ L1- ALL2- UR UL,8,D2+ L1+ /1+ y2 D6+ U2+ L1+ DR3+ /5+
CanadianOpen2015,8.33,c,A,2,UR2- DR4+ DL2+ UL2+ U3- R2- D4+ L5+ ALL2- y2 U1- R1- D5- L0+ ALL5- DL UL,8,UL3+ D2+ \1- y2 ul3- dr1+ D5+ UR1+ \4-
CanadianOpen2015,8.33,c,A,3,UR5- DR2- DL3+ UL0+ U5+ R2+ D2- L2- ALL1+ y2 U5+ R0+ D5- L0+ ALL4- UR DL,8,DR5+ D4- L1- y2 ul3- ur2+ UL5- DL5+ ALL5+
CanadianOpen2015,8.33,c,A,4,UR5- DR0+ DL5- UL4- U2+ R1- D5- L4+ ALL2+ y2 U1+ R4+ D1- L1+ ALL1- UL,10,UR5- DL3- R1- D1+ L4- y2 dl4+ R5- UL1- DR1+ /3-
CanadianOpen2015,8.33,c,A,5,UR5- DR5+ DL3- UL2+ U4- R6+ D1- L3- ALL4- y2 U2- R3+ D1- L2+ ALL5+ DR,9,UR5- DR1- L4+ ALL3- y2 dl2- L4+ UL2+ DL4+ DR3-
IndianNationals2014,8.33,f,B,1,UR0+ DR0+ DL0+ UL1+ U2+ R0+ D1- L2+ ALL1+ y2 U2- R2+ D2+ L4+ ALL2+ UR,8,UL3- D1+ dr4- ALL1+ y2 D2- R4- L4- UR2+
IndianNationals2014,8.33,f,B,2,UR3- DR5- DL2+ UL4- U3+ R4+ D5+ L4+ ALL4- y2 U1- R3- D0+ L6+ ALL1- UR DR UL,8,UR4+ DL2- dr1- /3- y2 ur2+ R3+ L5+ UL1+
IndianNationals2014,8.33,f,B,3,UR0+ DR4- DL2- UL1- U3- R4+ D3- L5+ ALL4- y2 U5- R3+ D3+ L0+ ALL2- DL UL,9,DL1- U4+ D2- L1- ul2- /2- y2 dl1- U5+ DR3-
IndianNationals2014,8.33,f,B,4,UR1+ DR3+ DL4- UL2+ U1- R0+ D5+ L3+ ALL5- y2 U1- R5+ D6+ L0+ ALL6+ UR DR UL,8,UR2- DR2- DL2- L1+ /1+ y2 dr1+ DR6+ UR1+
IndianNationals2014,8.33,f,B,5,UR4- DR3+ DL5+ UL2- U3+ R1+ D3- L5- ALL3+ y2 U3- R4+ D4- L4+ ALL4- UR DL,10,UR1+ DR5- UL2+ R4+ \3- y2 ur2- U3+ DL4- DR4- ALL2-
