competition_id,Ao5,round_type_id,group_id,is_extra,scramble_num,scramble,optimal_simtickcount,simtickcount_solution
QualifyingCougarsWV2026,14.67,f,B,0,1,UR3+ DR5+ DL6+ UL3- U3- R3+ D3+ L0+ ALL1+ y2 U5- R2+ D2+ L4+ ALL1+,18,"UR(3,-1) DR(-2,-2) U(0,2) L(-3,-1) ur(-4,5) ul(2,2) /(1,-1)"
QualifyingCougarsWV2026,14.67,f,B,0,2,UR6+ DR2+ DL6+ UL1+ U3- R6+ D4+ L2- ALL5+ y2 U1+ R1+ D4+ L0+ ALL1-,16,"UL(-4,5) U(0,1) R(-2,-2) D(0,1) L(-1,0) dl(-3,3) /(-3,-3)"
QualifyingCougarsWV2026,14.67,f,B,0,3,UR2+ DR3+ DL2+ UL1+ U2+ R4- D3+ L3- ALL1- y2 U2- R3- D2+ L4+ ALL2+,18,"UR(-5,4) DR(4,-1) L(0,1) ur(0,1) dr(0,2) ul(-2,-3) \(-2,-1)"
QualifyingCougarsWV2026,14.67,f,B,0,4,UR3- DR3- DL1- UL6+ U6+ R4- D4+ L1+ ALL3+ y2 U3+ R1+ D0+ L5+ ALL2+,14,"DR(-1,-2) DL(1,-1) UL(3,-3) R(-1,0) L(2,3) ur(0,2) ul(-1,1) ALL(0,-1)"
QualifyingCougarsWV2026,14.67,f,B,0,5,UR4- DR1- DL1+ UL3+ U1- R4+ D0+ L6+ ALL1- y2 U0+ R4- D2+ L1- ALL1-,13,"UR(2,2) R(-1,-4) L(2,-3) dr(2,2) dl(-1,0) /(1,-1)"
QualifyingCougarsWV2026,14.67,f,B,1,1,UR5+ DR3+ DL0+ UL4- U3+ R4+ D4+ L1+ ALL1- y2 U3+ R2- D5- L6+ ALL1-,20,"UR(-2,1) DR(2,0) DL(3,3) U(-2,2) D(0,3) L(0,-1) dr(-4,-5) dl(0,-2)"
QualifyingCougarsWV2026,14.67,f,B,1,2,UR1+ DR0+ DL3+ UL6+ U1- R2- D4- L1- ALL3- y2 U0+ R1- D0+ L2- ALL4-,14,"UR(1,1) UL(5,4) D(1,1) L(-1,-2) ul(-2,-1) /(-2,2) ALL(-1,0)"
Alekuben2026,15.0,c,A,0,1,UR2- DR3- DL3- UL2- U3+ R1+ D5- L6+ ALL6+ y2 U3+ R4+ D2- L2+ ALL4-,13,"UR(0,-1) DL(-1,1) U(1,-2) R(4,3) ur(-2,2) ul(-2,1) /(-1,-1)"
Alekuben2026,15.0,c,A,0,2,UR2+ DR4- DL1- UL5- U5+ R2+ D5+ L4+ ALL5- y2 U3- R2- D6+ L2+ ALL6+,17,"UR(-2,-1) U(0,2) R(2,-2) D(0,-3) L(2,-2) dr(-5,4) ALL(0,-1)"
Alekuben2026,15.0,c,A,0,3,UR5- DR4- DL2- UL4+ U6+ R5+ D3+ L2+ ALL5+ y2 U5+ R5+ D0+ L3+ ALL5+,17,"DR(2,0) DL(1,-1) UL(-5,-2) R(2,3) ur(0,3) ul(-1,2) \(-1,1)"
Alekuben2026,15.0,c,A,0,4,UR1+ DR3- DL3- UL4+ U4- R2+ D4+ L4+ ALL2+ y2 U1- R1+ D2- L2+ ALL1+,15,"DR(2,1) UL(-2,-2) U(1,-2) R(-2,1) L(-3,3) ur(-3,-1) \(0,1)"
Alekuben2026,15.0,c,A,0,5,UR4+ DR4+ DL6+ UL3- U3- R6+ D4+ L3+ ALL2- y2 U0+ R4+ D4- L3- ALL5+,20,"UR(1,0) DL(-2,1) U(1,-1) R(-3,4) L(-4,0) dr(-4,-3) \(4,1)"
Alekuben2026,15.0,c,A,1,1,UR1+ DR0+ DL2+ UL6+ U1+ R6+ D6+ L0+ ALL3+ y2 U2- R1+ D0+ L1- ALL3+,12,"DR(4,-2) UL(4,4) R(1,1) D(0,-1) ur(2,-1)"
Alekuben2026,15.0,c,A,1,2,UR4+ DR1+ DL4- UL3+ U5- R5- D5+ L1- ALL0+ y2 U5- R0+ D1+ L4+ ALL4+,18,"UL(-2,0) D(-2,0) L(4,-4) ur(-3,-4) dl(0,1) ul(1,-1) ALL(4,0)"
SouthGermany2025,15.0,d,B,0,1,UR2+ DR0+ DL0+ UL2- U3+ R1- D2+ L5+ ALL2- y2 U1+ R3+ D2+ L1+ ALL6+,14,"UR(-1,0) DL(-2,1) U(-2,0) L(-1,1) dr(-1,0) dl(0,2) ul(0,1) ALL(0,-4)"
SouthGermany2025,15.0,d,B,0,2,UR2+ DR1+ DL4- UL5+ U5+ R0+ D1- L0+ ALL0+ y2 U2- R6+ D0+ L3+ ALL1-,20,"UR(0,2) DL(4,4) R(-3,-4) L(-5,3) ul(-2,-2) \(-2,3)"
SouthGermany2025,15.0,d,B,0,3,UR5+ DR2- DL3- UL0+ U3+ R1+ D5+ L4- ALL4- y2 U1+ R2+ D4+ L4- ALL3-,16,"UR(-4,-2) UL(-1,0) U(-3,3) L(-4,-4) dl(1,1) ul(-2,1) ALL(0,1)"
SouthGermany2025,15.0,d,B,0,4,UR1- DR6+ DL3- UL1+ U2- R4+ D2- L4+ ALL5- y2 U1+ R1+ D0+ L1- ALL2+,15,"UR(2,-2) R(1,-1) D(-1,1) L(-2,1) dr(-3,-2) dl(0,2) \(1,4)"
SouthGermany2025,15.0,d,B,0,5,UR1+ DR3- DL2+ UL0+ U5+ R4+ D1- L5- ALL3- y2 U1+ R1+ D2+ L2+ ALL2-,14,"UR(-3,3) DR(1,0) DL(1,-1) U(-3,0) L(2,0) ur(1,1) dr(1,1) dl(0,1) \(0,-1)"
SouthGermany2025,15.0,d,B,1,1,UR3- DR2+ DL5- UL3- U5+ R1- D6+ L1+ ALL1- y2 U4+ R1- D1+ L1+ ALL4+,20,"DR(2,3) DL(-5,-4) U(1,1) D(0,4) ur(0,1) ul(-1,-1) \(2,5)"
SouthGermany2025,15.0,d,B,1,2,UR3- DR0+ DL4- UL4- U5+ R5- D3+ L2- ALL4- y2 U3+ R1+ D5+ L2- ALL1-,19,"U(2,-5) R(-4,1) D(1,1) L(-2,-2) ur(-3,2) dr(-2,-2) /(-2,-1)"
NZNorthIslandChampionship2025,15.0,f,A,0,1,UR1+ DR1- DL5+ UL4+ U4- R1- D4- L5+ ALL2- y2 U3- R5- D1+ L0+ ALL5-,13,"UR(1,1) U(-2,3) L(-2,0) dl(0,-2) ul(-2,-3) \(2,1)"
NZNorthIslandChampionship2025,15.0,f,A,0,2,UR2+ DR1+ DL6+ UL6+ U4- R4- D5- L0+ ALL5- y2 U3+ R1+ D2+ L1+ ALL6+,17,"UR(1,1) DL(-2,0) UL(3,3) U(4,2) D(0,2) L(-1,1) ul(0,1) /(-2,3)"
NZNorthIslandChampionship2025,15.0,f,A,0,3,UR2+ DR0+ DL5+ UL0+ U4+ R6+ D4+ L1+ ALL2- y2 U4- R0+ D4- L5+ ALL2+,22,"UR(4,-4) DL(3,2) U(2,-4) L(3,-3) ur(0,-4) ALL(4,0)"
NZNorthIslandChampionship2025,15.0,f,A,0,4,UR4- DR1+ DL2+ UL4- U2+ R1- D4+ L0+ ALL1- y2 U3+ R0+ D1- L1+ ALL2-,15,"UR(3,0) DR(1,-2) UL(2,2) U(1,-1) D(4,2) ur(2,1) ALL(0,-1)"
NZNorthIslandChampionship2025,15.0,f,A,0,5,UR6+ DR0+ DL2+ UL0+ U2+ R1- D2- L5+ ALL0+ y2 U5+ R4- D3+ L3+ ALL6+,24,"UR(4,-1) R(3,-4) L(5,-5) ur(0,5) dr(-3,3) /(3,3)"
NZNorthIslandChampionship2025,15.0,f,A,1,1,UR4+ DR0+ DL6+ UL2- U2- R1- D4- L4- ALL1- y2 U3- R0+ D2- L3- ALL1+,12,"UR(-1,-2) DR(-2,0) U(1,-2) ur(-4,-3) /(-2,0)"
NZNorthIslandChampionship2025,15.0,f,A,1,2,UR0+ DR3+ DL3+ UL5+ U0+ R2+ D5- L5+ ALL1- y2 U6+ R6+ D6+ L5+ ALL5+,21,"UR(-5,-5) DL(-1,0) U(0,1) ur(0,2) dr(0,3) dl(0,2) ul(-3,4) /(-3,-3)"
BeskidySideDays2024,15.0,d,B,0,1,UR0+ DR3+ DL4+ UL3- U4+ R4- D4- L2+ ALL3- y2 U4- R0+ D0+ L2+ ALL3+,17,"UR(2,2) DR(-1,1) UL(-3,-2) D(-2,-4) L(0,2) dr(1,0) /(4,2)"
BeskidySideDays2024,15.0,d,B,0,2,UR3- DR6+ DL6+ UL5+ U3- R3- D4+ L2- ALL3+ y2 U5+ R5+ D0+ L6+ ALL3-,22,"UR(1,0) DR(-1,0) D(-3,2) L(3,-4) ur(-2,-2) ul(-5,5) /(-2,0) \(-4,0)"
BeskidySideDays2024,15.0,d,B,0,3,UR3- DR4- DL1+ UL1- U3- R5+ D2- L5+ ALL1+ y2 U1- R2- D2- L3+ ALL5-,20,"DR(2,-2) UL(-5,2) D(3,-4) ur(1,3) dl(2,-2) \(-2,-4)"
BeskidySideDays2024,15.0,d,B,0,4,UR3+ DR4+ DL3- UL5- U5+ R1- D2- L6+ ALL1+ y2 U0+ R1+ D2+ L4+ ALL3-,17,"UR(-3,-3) DR(-2,2) R(-1,1) D(3,0) L(2,2) dr(1,2) /(4,0)"
BeskidySideDays2024,15.0,d,B,0,5,UR4+ DR4- DL0+ UL5+ U5+ R1- D3+ L6+ ALL3+ y2 U2+ R4- D1- L1+ ALL3+,14,"UR(-2,-2) DR(3,4) R(0,-2) D(-2,2) L(1,0) dr(1,1) dl(2,-2)"
BeskidySideDays2024,15.0,d,B,1,1,UR5+ DR1- DL5- UL2- U4- R5- D4- L5- ALL3+ y2 U1+ R1- D2+ L6+ ALL5-,14,"UR(1,-1) DR(-1,0) R(1,-1) D(-1,-1) L(0,2) ur(0,2) dr(-2,2) \(-4,0)"
BeskidySideDays2024,15.0,d,B,1,2,UR1+ DR3- DL2- UL4+ U5+ R1+ D4+ L6+ ALL5+ y2 U2- R5- D1+ L0+ ALL6+,14,"UR(1,0) DL(2,2) U(1,1) R(0,-1) D(-1,2) L(2,0) ul(-3,-4) ALL(1,0)"
Cube4funLublinonWEII2024,15.0,f,A,0,1,UR5- DR4+ DL0+ UL4+ U3- R3+ D2+ L4- ALL4- y2 U6+ R4- D6+ L0+ ALL3-,20,"DR(-2,2) U(4,-2) D(-4,-5) L(0,1) ur(-1,-1) dl(-3,-4) \(-3,2)"
Cube4funLublinonWEII2024,15.0,f,A,0,2,UR4- DR1- DL3- UL5- U0+ R2+ D0+ L3- ALL5- y2 U3- R2- D1- L1- ALL5-,14,"DR(3,2) U(-3,-1) D(1,-1) L(-1,-1) dl(-1,0) ul(-1,-2) \(-3,3)"
Cube4funLublinonWEII2024,15.0,f,A,0,3,UR0+ DR2- DL2- UL1+ U5+ R5+ D6+ L3+ ALL3- y2 U1+ R3+ D1+ L1- ALL1-,13,"UL(-2,-1) U(-4,1) R(-3,3) D(-2,2) ur(-1,-1) /(-1,-1)"
Cube4funLublinonWEII2024,15.0,f,A,0,4,UR1- DR1+ DL1+ UL0+ U4+ R3+ D0+ L3- ALL1- y2 U1- R2- D1+ L0+ ALL0+,11,"UR(-1,1) DR(-2,-2) U(-2,1) L(2,-1) ur(1,1) ul(-1,-2) \(-1,0)"
Cube4funLublinonWEII2024,15.0,f,A,0,5,UR4+ DR2- DL4+ UL3- U2+ R2+ D0+ L2- ALL6+ y2 U6+ R0+ D5- L1+ ALL3-,21,"UR(-3,1) DR(-1,0) U(0,-5) D(-1,5) L(1,0) ur(1,1) \(2,-3) ALL(2,0)"
Cube4funLublinonWEII2024,15.0,f,A,1,1,UR4- DR6+ DL5+ UL6+ U3- R5- D0+ L2- ALL3+ y2 U2- R6+ D6+ L0+ ALL5+,18,"UR(-1,0) DL(1,1) UL(2,-2) R(4,2) ur(-2,-2) dr(-2,2) dl(4,4) \(0,-2)"
Cube4funLublinonWEII2024,15.0,f,A,1,2,UR3- DR2- DL2- UL0+ U0+ R3+ D4- L5+ ALL1+ y2 U5- R3+ D2+ L3- ALL6+,19,"UR(2,-2) DL(-3,-1) U(1,-1) D(-1,-2) ur(3,-3) dr(2,0) dl(0,3) /(-2,-3)"
FountainCity2023,15.0,1,B,0,1,UR6+ DR3+ DL1- UL3- U1+ R5- D3- L6+ ALL3+ y2 U4+ R2+ D1- L2- ALL5+ DR DL,18,"UR(-4,0) DL(-1,2) D(2,4) L(-1,1) dr(-3,-3) dl(0,2) ALL(0,2)"
FountainCity2023,15.0,1,B,0,2,UR6+ DR2+ DL1- UL3- U2- R4+ D2- L5- ALL5- y2 U1+ R5+ D3+ L3- ALL6+ DR DL,14,"UR(-1,-1) DR(1,-1) L(-3,-2) ur(2,-1) dl(3,3) ul(3,2) \(1,0)"
FountainCity2023,15.0,1,B,0,3,UR3+ DR4+ DL1- UL5- U1+ R2+ D3+ L5- ALL3- y2 U2- R1+ D1+ L3- ALL0+ UR DR,15,"DR(3,0) DL(1,1) UL(1,-1) D(2,-2) L(-3,-3) dl(1,1) /(-4,1)"
FountainCity2023,15.0,1,B,0,4,UR0+ DR3- DL1+ UL5- U1+ R5- D4- L6+ ALL3+ y2 U2+ R2- D5- L0+ ALL3- DR DL,18,"DR(-2,0) DL(-2,1) U(4,-5) R(-2,-2) D(-2,2) /(-2,-1) \(0,-3)"
FountainCity2023,15.0,1,B,0,5,UR6+ DR1+ DL4- UL3+ U1+ R5+ D3+ L4- ALL2+ y2 U0+ R3- D4- L2- ALL6+ UR,16,"UL(2,-3) L(3,-1) dr(2,-1) dl(1,-3) /(3,5)"
FountainCity2023,15.0,1,B,1,1,UR4+ DR5+ DL5+ UL4- U6+ R1+ D1+ L1- ALL0+ y2 U2- R4+ D5- L3+ ALL4-,22,"UR(2,2) DL(1,0) U(4,-1) L(-1,1) ur(0,2) dl(-4,-4) ul(1,-4) /(4,0)"
FountainCity2023,15.0,1,B,1,2,UR3- DR4+ DL5- UL4+ U2- R1- D0+ L4+ ALL0+ y2 U0+ R1+ D3- L0+ ALL1+ DL UL,13,"UR(0,-2) UL(-3,3) U(4,-4) D(1,0) dl(-1,1) \(-2,1)"
OsloOpen2023,15.0,d,B,0,1,UR2- DR1+ DL1+ UL1- U0+ R5+ D5+ L2- ALL2+ y2 U2+ R6+ D3+ L6+ ALL5- UR DL,24,"UR(3,-1) DL(2,0) R(5,5) D(3,-2) ur(0,3) dr(-3,3) ul(1,1) \(4,3)"
OsloOpen2023,15.0,d,B,0,2,UR1- DR2- DL4- UL1- U1+ R4+ D1+ L2+ ALL2- y2 U5+ R2- D0+ L4+ ALL2- DR DL UL,12,"DL(2,2) UL(1,-1) R(-1,-1) D(3,2) ur(-3,3) dr(0,1) dl(0,-1)"
OsloOpen2023,15.0,d,B,0,3,UR2+ DR3+ DL6+ UL2- U5+ R0+ D2- L4+ ALL3+ y2 U5- R2- D4+ L5+ ALL5+ UR UL,22,"UR(-5,-2) DL(4,-3) D(1,-3) L(0,1) dr(-2,4) ul(-3,-2) /(-2,0)"
OsloOpen2023,15.0,d,B,0,4,UR2+ DR2- DL5- UL4- U0+ R2- D3+ L3+ ALL4+ y2 U0+ R4+ D4+ L4+ ALL1- DR,19,"DL(4,2) UL(2,1) R(2,3) L(0,1) dr(-2,3) dl(0,1) ALL(-5,0)"
OsloOpen2023,15.0,d,B,0,5,UR5- DR4- DL1- UL5- U3- R3- D4+ L4+ ALL5+ y2 U3+ R1- D3+ L1+ ALL1- UR DR,16,"UR(0,1) DL(1,0) UL(1,0) U(0,4) D(0,2) ur(0,1) dl(-2,-1) /(-4,-2)"
OsloOpen2023,15.0,d,B,1,1,UR1+ DR1+ DL3- UL2- U3- R2- D0+ L1+ ALL2+ y2 U2- R2+ D0+ L1- ALL1- DR UL,12,"UR(1,-1) DL(1,1) UL(3,0) R(-1,2) D(1,-1) ur(-1,-1) /(1,0) ALL(0,-2)"
OsloOpen2023,15.0,d,B,1,2,UR2- DR6+ DL2- UL3+ U1- R4- D4- L5+ ALL4- y2 U2- R2+ D2- L3+ ALL3- UR DR UL,17,"R(0,2) L(6,-5) ur(2,-2) dr(-1,-2) \(-4,4) ALL(0,1)"
MidAtlanticChampionship2023,15.0,2,B,0,1,UR2+ DR2+ DL1+ UL2- U4+ R4- D4- L3+ ALL5- y2 U5+ R4+ D6+ L6+ ALL4- UR DR DL UL,18,"UR(-1,-1) DR(1,-1) UL(-2,-1) U(-1,1) ur(0,1) dr(4,5) ul(0,4) \(2,-3)"
MidAtlanticChampionship2023,15.0,2,B,0,2,UR4- DR1- DL3+ UL4- U5+ R1- D3+ L1- ALL5- y2 U5+ R5+ D5- L4- ALL2+ UL,24,"UR(1,-1) DR(5,2) DL(2,0) U(2,-1) ur(0,-4) dl(3,-4) ul(1,-3) /(3,2)"
MidAtlanticChampionship2023,15.0,2,B,0,3,UR5+ DR5+ DL2- UL5+ U4+ R3+ D4- L4- ALL0+ y2 U2- R2+ D0+ L1- ALL1- UR DR DL,14,"DR(-2,3) DL(3,3) UL(-2,3) R(1,2) D(0,-1) ur(0,-1) /(0,1)"
MidAtlanticChampionship2023,15.0,2,B,0,4,UR4- DR5- DL2+ UL5- U2- R4- D2+ L0+ ALL3- y2 U4+ R1- D3- L2- ALL0+ DL UL,15,"DR(1,-1) U(-1,0) D(0,2) L(3,-2) dl(-3,-3) ul(-2,2) /(-2,0) \(-1,0)"
MidAtlanticChampionship2023,15.0,2,B,0,5,UR4+ DR5- DL5+ UL4+ U1+ R3+ D3+ L5- ALL0+ y2 U2+ R1+ D5- L0+ ALL5+ UR DL,17,"DR(-2,0) DL(-1,0) UL(-2,2) U(5,-5) D(0,1) L(-1,0) ul(0,1) /(3,4)"
MidAtlanticChampionship2023,15.0,2,B,1,1,UR4- DR6+ DL3- UL0+ U0+ R5- D3- L2+ ALL0+ y2 U1+ R3+ D1- L2+ ALL4+ UR DR,15,"UR(1,-1) UL(1,-3) U(2,-2) R(2,3) ur(0,1) dr(3,1) /(-2,-2)"
MidAtlanticChampionship2023,15.0,2,B,1,2,UR6+ DR4- DL2+ UL4- U3- R3- D1+ L0+ ALL4+ y2 U1+ R6+ D4+ L2- ALL1+ DR DL,15,"UR(1,1) DL(1,0) L(1,-1) ur(1,-1) dl(1,4) ul(-2,2) /(-2,5)"
TassieSummer2023,15.0,c,A,0,1,UR4+ DR3+ DL4+ UL2- U1- R6+ D3- L3- ALL3+ y2 U3- R0+ D1+ L2- ALL5+,15,"UR(-1,0) DL(-1,1) UL(2,2) U(-2,1) D(-3,-1) ur(3,-2) ul(1,0) ALL(2,0)"
TassieSummer2023,15.0,c,A,0,2,UR6+ DR5+ DL2- UL4- U5- R1+ D3- L0+ ALL2+ y2 U5- R4+ D4+ L0+ ALL1- UR DR DL UL,20,"DR(0,-2) UL(3,4) D(0,-5) L(3,0) dl(4,4) \(2,1)"
TassieSummer2023,15.0,c,A,0,3,UR2- DR2- DL1+ UL4+ U1- R3- D0+ L6+ ALL1- y2 U6+ R6+ D2- L5- ALL5+,22,"UR(-1,-1) DL(1,1) UL(0,-4) U(0,-2) R(-4,-5) ur(0,-5) ul(-1,-1) /(3,3)"
TassieSummer2023,15.0,c,A,0,4,UR5- DR5+ DL3- UL1+ U1+ R4- D3- L4- ALL5- y2 U2- R4+ D2+ L4+ ALL2- UR,20,"DL(1,-1) UL(3,0) R(4,-4) L(2,0) ur(0,2) dr(1,2) ul(-4,-4) \(-2,-1)"
TassieSummer2023,15.0,c,A,0,5,UR3- DR4- DL1+ UL0+ U4+ R4- D6+ L0+ ALL2+ y2 U2+ R3+ D4+ L2+ ALL5- DR DL UL,15,"DL(-1,-1) U(-1,2) R(-1,3) D(-2,2) ur(2,0) dr(2,2) \(-2,-2) ALL(1,0)"
TassieSummer2023,15.0,c,A,1,1,UR3+ DR1+ DL2- UL1- U1- R2- D3- L1+ ALL1+ y2 U0+ R3+ D0+ L4+ ALL3- UR DR UL,15,"UR(-1,-1) DL(2,1) R(-1,1) D(2,-2) L(0,4) ul(0,2) \(1,1) ALL(0,-2)"
TassieSummer2023,15.0,c,A,1,2,UR2+ DR0+ DL2- UL5+ U4- R5+ D4+ L1- ALL2- y2 U0+ R5+ D3+ L2+ ALL2- UL,12,"UR(-1,-1) DR(-2,2) UL(-2,0) R(-4,4) dr(1,2) dl(1,1)"
MinervaOpen2022,15.0,d,C,0,1,UR5- DR2+ DL4- UL1+ U5+ R4+ D4+ L4- ALL6+ y2 U6+ R1+ D1+ L1+ ALL6+ DL UL,14,"UR(0,-1) DR(-1,0) UL(-1,1) D(-1,1) L(-4,-4) ur(-2,5) dl(0,1)"
MinervaOpen2022,15.0,d,C,0,2,UR6+ DR5- DL3- UL3- U5+ R2+ D1- L6+ ALL1+ y2 U1- R5- D5- L1+ ALL3+ DL UL,18,"DL(-3,0) UL(3,-3) U(1,1) R(-3,3) dr(0,1) dl(-5,5) ul(0,-1) /(-1,-1)"
MinervaOpen2022,15.0,d,C,0,3,UR4+ DR2- DL3+ UL6+ U2+ R6+ D4+ L2+ ALL2+ y2 U4- R0+ D2- L2- ALL2-,15,"DR(4,4) DL(1,0) D(2,-4) dr(2,-2) /(0,4)"
MinervaOpen2022,15.0,d,C,0,4,UR4+ DR3+ DL3- UL4+ U3- R6+ D2+ L3+ ALL3+ y2 U1+ R2+ D3+ L1+ ALL2+ UR DR,13,"UR(-1,0) UL(-4,4) D(-2,1) ur(-2,0) dr(0,1) dl(2,2) /(0,1)"
MinervaOpen2022,15.0,d,C,0,5,UR0+ DR3+ DL5+ UL0+ U2+ R4- D5- L5+ ALL6+ y2 U3- R4- D2- L1+ ALL3+ UR DL,16,"DR(0,-1) U(-2,1) R(1,-1) D(-3,-3) L(2,1) dl(-2,-3) ul(2,0) \(2,1)"
MinervaOpen2022,15.0,d,C,1,1,UR5- DR1+ DL5- UL5+ U6+ R2- D6+ L6+ ALL5- y2 U5+ R4+ D4- L3+ ALL5+ DR DL UL,23,"UR(6,4) DL(-2,0) D(0,1) L(-4,-5) dr(-4,-4) ul(-4,4) /(1,1)"
MinervaOpen2022,15.0,d,C,1,2,UR5+ DR4+ DL1- UL1+ U5- R4+ D3- L5+ ALL3+ y2 U3- R5+ D4+ L5+ ALL5+ UL,18,"UL(-1,4) R(-1,1) L(-4,-4) ur(3,-3) dl(2,4) ALL(0,2)"
DneprNeverFails2018,15.0,d,B,0,1,UR1+ DR1+ DL1- UL2+ U5- R0+ D4- L3- ALL5- y2 U1- R3+ D1+ L4+ ALL2+,17,"DR(1,0) DL(2,0) U(2,1) R(-3,3) D(1,-1) L(0,4) \(1,2) ALL(-2,0)"
DneprNeverFails2018,15.0,d,B,0,2,UR3+ DR4+ DL3- UL4+ U4+ R3+ D2- L1+ ALL5+ y2 U1- R2- D2- L3- ALL1- UR,13,"UR(2,3) UL(-1,1) D(1,1) L(-1,-1) ur(1,-2) dl(0,-2) /(3,3)"
DneprNeverFails2018,15.0,d,B,0,3,UR4+ DR4- DL3+ UL0+ U0+ R0+ D2+ L1+ ALL2- y2 U2- R1+ D6+ L4- ALL2+ UR DR UL,18,"UR(-1,0) DL(-1,1) UL(-3,-3) U(0,-4) R(1,1) ur(2,-2) dr(0,-2) /(-3,0) ALL(1,0)"
DneprNeverFails2018,15.0,d,B,0,4,UR4- DR1+ DL5+ UL1+ U1+ R2+ D5- L4- ALL2- y2 U1- R2+ D0+ L3+ ALL5+ DR,15,"DL(-2,2) U(2,-1) R(1,1) D(1,-1) L(0,3) dl(2,1) /(1,4)"
DneprNeverFails2018,15.0,d,B,0,5,UR1+ DR5- DL3+ UL1- U2+ R1+ D5+ L2- ALL5+ y2 U4- R3+ D0+ L4- ALL2+ DR UL,21,"UR(0,2) U(-2,2) R(3,0) D(-3,5) L(0,-2) dr(0,-2) ul(3,3) /(2,1)"
DneprNeverFails2018,15.0,d,B,1,1,UR0+ DR6+ DL4+ UL0+ U3+ R3+ D4- L1- ALL2- y2 U3+ R4+ D3- L0+ ALL2+ UR DL UL,21,"DL(-1,0) UL(-2,-2) U(-1,0) R(3,-3) D(-5,5) dl(0,-3) ul(0,-2) /(-3,0) \(0,-1)"
DneprNeverFails2018,15.0,d,B,1,2,UR2- DR4+ DL3- UL4- U6+ R1- D3- L4- ALL2- y2 U3- R4- D1- L0+ ALL4- DR DL,13,"DL(1,0) R(-1,-1) D(1,0) L(-2,1) dr(1,-1) ul(-1,-3) \(-2,4)"
SCMU2016,15.0,d,D,0,1,UR2+ DR0+ DL2+ UL1- U5- R1- D4+ L2+ ALL5- y2 U1+ R5- D4- L1+ ALL5- UR DL,19,"UR(2,2) DR(-3,2) DL(-3,2) U(2,1) ur(1,1) dl(0,-5) \(3,-3)"
SCMU2016,15.0,d,D,0,2,UR2+ DR1- DL3+ UL1- U4+ R5- D1- L3- ALL4- y2 U1+ R2- D1- L3+ ALL0+ DR DL UL,15,"UR(5,3) DR(-1,0) UL(1,0) U(1,-1) ur(2,3) ul(0,-2) /(-2,-2)"
SCMU2016,15.0,d,D,0,3,UR5+ DR2+ DL5- UL4+ U5- R5- D2+ L3+ ALL0+ y2 U1+ R0+ D2- L0+ ALL1+ DL UL,14,"UR(-2,-2) DL(2,2) UL(-4,2) U(2,-2) D(-1,1) dl(2,0) /(0,-1)"
SCMU2016,15.0,d,D,0,4,UR5+ DR2+ DL2+ UL1- U0+ R5+ D6+ L1+ ALL5+ y2 U5- R3- D1+ L2- ALL2+ UR UL,16,"UR(-2,1) DR(2,4) UL(-2,2) U(0,1) ur(0,-2) ul(0,-3) \(1,2)"
SCMU2016,15.0,d,D,0,5,UR1+ DR4+ DL5- UL0+ U4- R0+ D4+ L4+ ALL2- y2 U4- R5+ D6+ L5+ ALL1+ UR DR UL,22,"UR(2,1) DR(-3,3) UL(1,0) R(-4,-4) ur(4,-4) dr(0,-3) dl(0,-3) /(-2,-1)"
SCMU2016,15.0,d,D,1,1,UR2- DR0+ DL2- UL6+ U6+ R1- D2- L3- ALL5+ y2 U4- R6+ D1+ L0+ ALL2+ UR DR DL,16,"UR(2,-1) DR(1,-1) D(3,3) L(-1,0) dl(0,1) ul(1,5) ALL(-1,-2)"
SCMU2016,15.0,d,D,1,2,UR4- DR2- DL1+ UL4- U6+ R5- D2+ L3+ ALL4+ y2 U1+ R2- D2+ L3+ ALL4+ DR DL,12,"UR(1,0) DR(0,-3) DL(-1,-2) UL(1,0) R(-2,-2) ur(0,1) dr(0,2)"
MasovianOpen2015,15.0,d,B,0,1,UR3+ DR1+ DL0+ UL2- U1- R2- D3+ L3+ ALL1+ y2 U5- R5- D3+ L2+ ALL2+ DL,15,"DR(-3,-2) DL(-1,2) R(1,-1) ur(-1,-1) dr(-3,3) ul(2,-4) /(-1,0)"
MasovianOpen2015,15.0,d,B,0,2,UR3- DR4- DL6+ UL3+ U1- R2+ D1- L1- ALL5+ y2 U5- R6+ D5- L6+ ALL6+ DL,22,"UR(1,-2) DL(2,0) R(4,-4) D(-3,-3) L(2,-1) dr(0,-5) ul(2,-2) \(-2,1)"
MasovianOpen2015,15.0,d,B,0,3,UR0+ DR1+ DL4- UL4- U4+ R4- D2+ L3- ALL3+ y2 U0+ R2+ D2- L1- ALL1+ UR DR DL,13,"DR(1,-1) R(2,2) L(-1,1) ur(-4,0) dr(-3,-2) ALL(-2,0)"
MasovianOpen2015,15.0,d,B,0,4,UR5- DR6+ DL1- UL2- U4- R5- D5- L5- ALL4- y2 U4+ R1+ D5- L5- ALL1- DR,19,"UR(2,0) UL(-3,0) R(2,-2) L(-1,-1) dr(0,-4) dl(-1,-1) ul(3,4) /(-1,-2)"
MasovianOpen2015,15.0,d,B,0,5,UR2- DR2+ DL5- UL0+ U5- R2+ D4+ L6+ ALL4- y2 U1- R1+ D5- L5- ALL4+ UR UL,17,"UR(-2,0) DL(-1,1) U(-3,-2) ur(1,-2) dr(2,-3) ul(0,1) \(5,-1)"
MasovianOpen2015,15.0,d,B,1,1,UR2- DR2+ DL2- UL5- U5- R4- D1- L5- ALL3+ y2 U3+ R2+ D2+ L5+ ALL3- UR DL,14,"DR(1,1) R(3,2) ur(-3,3) dr(1,2) /(5,1)"
MasovianOpen2015,15.0,d,B,1,2,UR0+ DR2- DL2+ UL2- U2+ R3+ D1- L5- ALL4- y2 U2- R5- D3- L3+ ALL5- UR DR DL UL,16,"UR(-1,0) DL(1,2) UL(1,0) L(3,3) dr(-3,0) dl(-3,-3) ul(-2,-2) ALL(-1,0)"
GermanOpen2014,15.0,f,A,0,1,UR5+ DR1+ DL2- UL2+ U1- R4- D4+ L5+ ALL2+ y2 U1- R0+ D2+ L1- ALL4+ UR DR DL UL,13,"UR(-2,-2) DL(-3,4) UL(-2,1) U(-2,2) ur(-1,-1) \(-2,0)"
GermanOpen2014,15.0,f,A,0,2,UR0+ DR1+ DL0+ UL1+ U3- R2+ D1- L4- ALL4+ y2 U1+ R4- D2+ L2+ ALL3+ DL UL,12,"DL(1,1) UL(2,2) U(0,1) R(-3,-3) D(-1,1) dr(2,2) dl(-1,-1) \(0,1)"
GermanOpen2014,15.0,f,A,0,3,UR0+ DR2+ DL3- UL1- U2+ R5- D5+ L5+ ALL4+ y2 U4- R1- D4+ L1- ALL5- DR DL,18,"DR(0,-1) DL(-1,0) U(-1,2) R(3,-3) D(-3,-3) ur(1,-1) dl(2,2) ul(2,0) /(0,-3)"
GermanOpen2014,15.0,f,A,0,4,UR2- DR1- DL1- UL4- U6+ R5+ D3+ L3+ ALL1- y2 U5- R5- D2+ L3+ ALL2- UR UL,16,"DR(-2,-2) DL(1,-2) L(1,1) dr(5,2) ul(-1,-5) ALL(0,-1)"
GermanOpen2014,15.0,f,A,0,5,UR4- DR2- DL4- UL2+ U4+ R0+ D3+ L2- ALL1+ y2 U4- R6+ D4- L5- ALL1- UR DL UL,21,"UR(-2,0) DR(-1,-2) DL(4,4) R(-3,-3) ur(-1,-1) dr(0,-4) ul(4,-3) /(1,1)"
GermanOpen2014,15.0,f,A,1,1,UR5+ DR5- DL1+ UL4- U6+ R5+ D0+ L1- ALL6+ y2 U1- R0+ D0+ L1- ALL5- UR DL UL,16,"UR(5,3) DR(2,-3) DL(2,-2) UL(0,-2) D(0,-1) L(2,-1) \(0,-1)"
GermanOpen2014,15.0,f,A,1,2,UR1+ DR2+ DL5+ UL1+ U5- R4+ D2- L6+ ALL1+ y2 U2+ R5- D3- L2+ ALL5-,21,"UR(1,0) DR(3,-1) UL(2,1) R(1,-2) D(4,2) L(-2,2) dl(0,-3) \(2,4)"
CubingMineRybnikIV2026,15.33,c,A,0,1,UR1- DR1- DL2+ UL3+ U2- R5- D2+ L4+ ALL3+ y2 U1- R6+ D1+ L0+ ALL2+,16,"DR(-3,2) R(-2,-3) L(3,-3) dr(0,3) dl(-1,-2) ul(-1,-1) ALL(-1,0)"
CubingMineRybnikIV2026,15.33,c,A,0,2,UR3- DR0+ DL1- UL1+ U1+ R1+ D5+ L1- ALL5- y2 U1- R6+ D4+ L0+ ALL5-,15,"UR(1,1) DL(-2,-2) R(1,2) D(-2,-1) L(3,0) dr(1,0) dl(0,4)"
CubingMineRybnikIV2026,15.33,c,A,0,3,UR1- DR0+ DL2+ UL4- U4- R2+ D1- L5+ ALL5- y2 U4+ R0+ D1- L0+ ALL2-,14,"UR(-1,1) DL(-1,-1) UL(-2,2) R(0,-3) dl(0,-1) ul(0,4) /(-2,-1)"
CubingMineRybnikIV2026,15.33,c,A,0,4,UR5- DR3- DL3- UL5- U1- R6+ D2+ L4+ ALL1- y2 U3- R2+ D1- L0+ ALL4-,18,"U(-1,0) R(2,2) D(4,-4) L(4,0) ur(1,1) dr(-1,-1) /(-4,-4) ALL(1,0)"
CubingMineRybnikIV2026,15.33,c,A,0,5,UR2+ DR3- DL0+ UL5+ U5- R3- D3- L4- ALL5- y2 U5+ R3+ D3+ L1- ALL6+,15,"DR(4,-4) U(-2,2) D(2,3) L(-1,-1) dr(-1,0) dl(1,1) ul(1,2) /(0,1)"
CubingMineRybnikIV2026,15.33,c,A,1,1,UR1- DR2+ DL3+ UL6+ U3+ R2- D1+ L4- ALL4+ y2 U5+ R2+ D1+ L3- ALL1-,22,"DL(2,2) UL(4,3) R(1,0) D(4,5) L(1,-2) dr(0,-1) dl(2,2) /(-2,-5)"
CubingMineRybnikIV2026,15.33,c,A,1,2,UR1+ DR6+ DL2+ UL1- U3+ R4- D2+ L6+ ALL3+ y2 U2+ R5+ D4- L1- ALL3-,21,"DR(0,-1) DL(2,-3) U(-3,-3) R(-3,3) L(3,0) dr(0,-1) ul(3,2) \(4,2)"
CurtanCubingContest2026,15.33,d,B,0,1,UR3+ DR5+ DL1+ UL4+ U2- R4- D5- L1- ALL6+ y2 U2- R1+ D1+ L0+ ALL6+,11,"UR(-2,2) DR(-2,1) UL(-3,3) D(1,-1) L(-1,1) ur(0,-1) dl(0,1)"
CurtanCubingContest2026,15.33,d,B,0,2,UR5+ DR0+ DL2- UL4- U6+ R0+ D5+ L4- ALL5+ y2 U4- R3+ D5- L1+ ALL3+,21,"UR(-4,4) DR(-1,1) UL(-2,0) U(-1,0) D(-2,0) L(0,1) dl(0,-5) ul(-2,-4) /(1,1)"
CurtanCubingContest2026,15.33,d,B,0,3,UR4- DR5- DL4+ UL4- U5+ R4- D3+ L4+ ALL5+ y2 U6+ R4+ D4+ L3- ALL4+,19,"DR(1,0) DL(-4,-4) U(3,4) D(1,2) L(0,-3) ul(-4,4) ALL(-1,0)"
CurtanCubingContest2026,15.33,d,B,0,4,UR6+ DR0+ DL3+ UL4- U1- R4- D4- L3+ ALL4- y2 U5- R2- D3- L4+ ALL5-,16,"UL(-1,-2) R(-2,-2) D(1,-1) L(-1,-1) ur(1,-4) dr(-4,-3) /(-1,2)"
CurtanCubingContest2026,15.33,d,B,0,5,UR2+ DR3- DL1- UL4+ U5- R4+ D2- L4- ALL3+ y2 U1- R5+ D0+ L1+ ALL2+,15,"UR(-1,-1) DR(3,3) DL(1,0) R(-5,5) D(2,-1) L(0,1) dr(1,0) \(1,0)"
CurtanCubingContest2026,15.33,d,B,1,1,UR6+ DR3+ DL6+ UL1+ U5+ R4+ D6+ L3- ALL2+ y2 U2- R4- D5- L5- ALL1+,15,"DR(1,1) DL(-4,4) R(-2,-2) ur(0,-2) dr(-1,-3) dl(0,-2) \(0,1)"
CurtanCubingContest2026,15.33,d,B,1,2,UR2- DR4+ DL3- UL5- U5+ R1- D4+ L5+ ALL4- y2 U1+ R5+ D5+ L3+ ALL3-,17,"DR(-1,0) UL(2,3) D(-4,-1) L(1,1) dr(-1,2) dl(-2,3) ul(2,2) ALL(0,1)"
AdelaideSummer2026,15.33,c,C,0,1,UR0+ DR3- DL4- UL1- U3+ R4+ D3- L1- ALL3- y2 U1+ R3- D2- L2- ALL2-,14,"UR(-1,1) DL(-2,-1) UL(-1,-1) R(0,-1) L(-3,-3) ur(2,1) dl(0,-2) \(1,-2)"
AdelaideSummer2026,15.33,c,C,0,2,UR5- DR4- DL3+ UL4- U6+ R2- D2- L3- ALL0+ y2 U1+ R2+ D3+ L3- ALL4-,17,"DL(3,0) U(3,3) R(-1,1) L(1,-3) ur(-1,0) ul(-1,1) \(-5,-3)"
AdelaideSummer2026,15.33,c,C,0,3,UR0+ DR1+ DL4+ UL4- U5- R6+ D3+ L4+ ALL6+ y2 U3- R3+ D5+ L4- ALL1-,22,"UR(1,-1) DR(4,-5) UL(-4,-4) U(0,2) L(0,-1) ur(-2,-3) dl(0,3) \(-2,-3)"
AdelaideSummer2026,15.33,c,C,0,4,UR4+ DR3+ DL3+ UL0+ U2+ R2- D6+ L6+ ALL5+ y2 U0+ R0+ D3- L1+ ALL5+,12,"UR(-5,4) U(-1,-1) L(3,3) dr(-1,-2) /(1,-1)"
AdelaideSummer2026,15.33,c,C,0,5,UR2- DR2- DL2- UL5- U4+ R3+ D5+ L5+ ALL0+ y2 U1- R3- D4+ L4+ ALL1+,15,"UR(1,-1) DR(0,2) UL(2,2) D(-1,2) dr(4,4) ul(0,-3) /(0,-1)"
AdelaideSummer2026,15.33,c,C,1,1,UR3+ DR2- DL0+ UL1+ U3+ R6+ D1- L4- ALL5- y2 U4- R2- D1- L4+ ALL1+,20,"UR(5,3) D(3,-3) L(3,4) dr(2,0) dl(0,-1) ul(0,-1) /(-2,-4)"
AdelaideSummer2026,15.33,c,C,1,2,UR5+ DR1- DL4- UL4- U5+ R6+ D0+ L4+ ALL0+ y2 U6+ R5- D0+ L5- ALL2-,23,"DR(5,-1) UL(4,4) U(2,1) R(-3,-3) ur(-5,-5) dl(0,-1) ul(0,-1) ALL(-2,0)"
IICubodeBarroES2025,15.33,f,A,0,1,UR5+ DR3+ DL5+ UL6+ U4- R5+ D4- L5+ ALL5- y2 U5+ R0+ D4- L5- ALL3+,20,"UR(-1,0) DL(-2,-1) UL(-2,-1) U(-4,-4) D(-2,-2) ur(3,-5) /(4,0)"
IICubodeBarroES2025,15.33,f,A,0,2,UR5+ DR2+ DL5+ UL2+ U2+ R4+ D2+ L4+ ALL2+ y2 U2+ R1- D0+ L1+ ALL2-,15,"UR(1,3) DL(1,4) U(2,1) D(2,2) L(0,1) dl(0,-1) /(2,2)"
IICubodeBarroES2025,15.33,f,A,0,3,UR2- DR4- DL4- UL2+ U0+ R3- D3+ L6+ ALL6+ y2 U1+ R4- D4+ L4+ ALL2+,21,"DL(-4,6) R(-3,-4) D(-3,1) dr(2,4) \(4,0)"
IICubodeBarroES2025,15.33,f,A,0,4,UR4+ DR5- DL3- UL5- U4+ R5- D1- L4- ALL6+ y2 U1- R3- D3- L2- ALL5+,14,"UR(-3,-4) DR(-3,4) R(0,-1) dr(1,-2) dl(1,-1) ul(1,-1) \(0,1)"
IICubodeBarroES2025,15.33,f,A,0,5,UR5+ DR3- DL4+ UL3- U1+ R3+ D5- L2- ALL4- y2 U3+ R2+ D0+ L1+ ALL1+,17,"UR(-3,3) DL(1,0) R(-2,2) D(3,3) L(0,1) /(-1,0) \(2,-2) ALL(4,0)"
IICubodeBarroES2025,15.33,f,A,1,1,UR1+ DR4+ DL5- UL1- U3+ R0+ D5+ L1- ALL6+ y2 U3+ R2+ D5- L1+ ALL5-,20,"DL(-4,4) UL(-1,2) U(-2,-2) R(-5,3) ur(2,3) dr(-2,-2) dl(0,-1) ALL(0,1)"
IICubodeBarroES2025,15.33,f,A,1,2,UR0+ DR4- DL2- UL5- U3+ R5+ D4+ L5+ ALL3+ y2 U6+ R5+ D3+ L0+ ALL5+,14,"DR(-1,0) UL(2,-2) U(0,1) D(3,3) dl(0,2) ul(-3,3) ALL(2,0)"
GladsaxeMidsommer2025,15.33,f,B,0,1,UR2+ DR1+ DL2+ UL0+ U4+ R4- D6+ L0+ ALL1+ y2 U4+ R4+ D6+ L2+ ALL0+,17,"UR(-1,1) DR(2,2) UL(-2,2) U(-3,4) D(1,0) dr(0,2) ul(3,4) /(0,1)"
GladsaxeMidsommer2025,15.33,f,B,0,2,UR2- DR6+ DL5- UL4- U0+ R3+ D5+ L4- ALL3+ y2 U4+ R1+ D3+ L1- ALL5+,18,"UR(3,-4) DR(2,-1) DL(1,1) U(3,3) D(3,3) L(0,-1) ul(-2,1) \(0,-2)"
GladsaxeMidsommer2025,15.33,f,B,0,3,UR3+ DR2+ DL0+ UL2+ U6+ R4- D1- L1- ALL4+ y2 U4- R1+ D2+ L5+ ALL1+,14,"UR(0,-1) DR(-1,1) U(1,1) L(-1,-3) ur(2,-4) dl(-1,1) /(1,0) ALL(0,-2)"
GladsaxeMidsommer2025,15.33,f,B,0,4,UR0+ DR5- DL3+ UL4- U2+ R6+ D3+ L2+ ALL3- y2 U1- R2+ D0+ L3- ALL4-,14,"DL(-1,-2) UL(2,-3) R(-1,2) D(0,-1) L(-2,-3) /(-2,2) ALL(0,-1)"
GladsaxeMidsommer2025,15.33,f,B,0,5,UR2- DR6+ DL3+ UL4- U5- R4+ D2- L4- ALL6+ y2 U2+ R4- D5- L2+ ALL3-,18,"DR(4,-2) DL(1,-1) U(-1,-1) L(4,0) ur(1,2) dl(2,-4) \(-1,-2)"
GladsaxeMidsommer2025,15.33,f,B,1,1,UR2- DR5+ DL0+ UL5- U2+ R5- D0+ L6+ ALL5+ y2 U4- R5- D2- L6+ ALL3+,22,"UR(2,-1) U(3,-3) D(-5,0) L(-1,4) ur(0,1) dr(1,1) ul(5,-5) /(1,1)"
GladsaxeMidsommer2025,15.33,f,B,1,2,UR1- DR6+ DL6+ UL5- U0+ R4- D0+ L3+ ALL5- y2 U0+ R4+ D1+ L0+ ALL3-,15,"UR(-2,-2) UL(-4,3) R(1,3) dl(0,1) /(3,-3) ALL(2,0)"
AnyangHaseyo2025,15.33,d,B,0,1,UR1+ DR2+ DL1- UL0+ U1- R2- D5+ L0+ ALL1+ y2 U2- R2+ D4+ L2- ALL4-,16,"DR(-1,-1) U(0,2) D(-5,-2) L(1,-2) dl(0,2) /(1,1) ALL(-1,-2)"
AnyangHaseyo2025,15.33,d,B,0,2,UR1- DR0+ DL1+ UL4+ U5+ R2- D5+ L1- ALL6+ y2 U2+ R4- D5+ L1- ALL1-,22,"DR(3,2) DL(1,1) UL(-5,5) U(-3,-2) D(2,2) dr(0,-1) dl(0,-4) /(-3,-2)"
AnyangHaseyo2025,15.33,d,B,0,3,UR5- DR3+ DL4- UL4+ U3+ R1- D0+ L3- ALL2- y2 U2- R1- D2- L2- ALL2-,14,"UR(2,-1) DL(1,-1) U(-4,-2) R(1,1) L(2,-2) ul(1,-2) /(2,-2)"
AnyangHaseyo2025,15.33,d,B,0,4,UR6+ DR2+ DL3- UL1- U2- R2+ D3- L1+ ALL1- y2 U1- R1+ D2- L1+ ALL1-,16,"UR(1,1) DR(1,-1) DL(3,-3) UL(0,3) U(-4,-3) D(0,-1) L(0,1) dl(-2,1)"
AnyangHaseyo2025,15.33,d,B,0,5,UR0+ DR4+ DL5+ UL3+ U6+ R4+ D4- L5- ALL1+ y2 U1+ R4+ D3- L4+ ALL2+,21,"DR(-5,4) U(3,-3) R(-3,4) L(-3,3) ur(4,1) \(1,-1) ALL(1,0)"
AnyangHaseyo2025,15.33,d,B,1,1,UR1- DR5+ DL5+ UL2- U3- R4+ D1+ L5+ ALL1+ y2 U5- R1- D2- L6+ ALL6+,20,"UR(3,-2) DL(1,0) UL(3,3) R(1,0) ur(-2,-4) dr(0,-2) ul(0,-1) /(0,-2) ALL(3,0)"
AnyangHaseyo2025,15.33,d,B,1,2,UR3+ DR3- DL4- UL2+ U0+ R0+ D5- L1+ ALL4+ y2 U0+ R3+ D2+ L3- ALL4+,14,"UR(0,-1) DR(0,-1) UL(-3,-3) U(-2,-1) L(4,-3) dl(3,3)"
ManchesterJanuary2025,15.33,d,A,0,1,UR0+ DR1+ DL5+ UL5+ U5+ R2+ D3+ L0+ ALL6+ y2 U1- R5+ D0+ L2- ALL4-,18,"DR(1,4) DL(2,2) U(2,0) R(-4,4) ur(-1,-1) dr(0,-1) dl(0,1) \(-3,1)"
ManchesterJanuary2025,15.33,d,A,0,2,UR5+ DR4+ DL1- UL5- U2- R1+ D5+ L4- ALL4- y2 U3- R1+ D5- L4+ ALL1-,20,"DR(2,0) DL(-1,5) U(2,2) D(3,-3) L(-1,0) dr(-3,4) dl(1,1) /(-2,-1)"
ManchesterJanuary2025,15.33,d,A,0,3,UR4+ DR4- DL1+ UL3- U6+ R2- D1+ L5+ ALL3+ y2 U0+ R1+ D1- L0+ ALL4-,15,"DL(2,1) UL(-5,4) U(-2,-1) R(2,1) /(4,3)"
ManchesterJanuary2025,15.33,d,A,0,4,UR1+ DR5+ DL4- UL0+ U1- R3- D3+ L4+ ALL3- y2 U2- R1- D3+ L3- ALL2-,14,"DR(-4,-1) U(0,2) R(1,-2) L(0,-1) ur(-1,-2) dl(1,1) /(1,-2)"
ManchesterJanuary2025,15.33,d,A,0,5,UR2+ DR5+ DL1- UL0+ U1- R3- D0+ L3+ ALL5- y2 U3- R5+ D2+ L6+ ALL4-,18,"DR(-3,-3) DL(-1,-1) UL(-1,0) R(-1,0) ur(3,-3) dr(3,-3) dl(0,5) \(0,-1)"
ManchesterJanuary2025,15.33,d,A,1,1,UR3- DR1- DL3- UL2- U5+ R2+ D5+ L5+ ALL5- y2 U3- R4+ D2- L0+ ALL1+,15,"U(0,-2) R(2,4) D(-1,-3) dr(-1,0) \(-3,-1) ALL(0,2)"
ManchesterJanuary2025,15.33,d,A,1,2,UR0+ DR1- DL2+ UL4- U1+ R2- D4- L1- ALL1+ y2 U2+ R1+ D4+ L2+ ALL5-,16,"DR(3,-4) UL(3,-1) U(0,3) ur(0,2) dl(-1,1) /(3,3)"
AdelaideSummer2025,15.33,c,A,0,1,UR0+ DR5+ DL0+ UL5+ U0+ R5- D1- L0+ ALL3+ y2 U6+ R3+ D6+ L6+ ALL4-,22,"DL(-4,0) UL(-1,1) U(-4,3) ur(-4,6) dl(3,3) \(3,4)"
AdelaideSummer2025,15.33,c,A,0,2,UR5- DR4- DL6+ UL3- U2- R1- D2- L5+ ALL2- y2 U1- R4- D2+ L5+ ALL6+,17,"UR(0,-1) U(-2,1) R(-2,-3) L(4,4) dr(-1,1) ul(0,-1) /(-3,-5)"
AdelaideSummer2025,15.33,c,A,0,3,UR2+ DR0+ DL4- UL2- U1- R4- D5+ L4- ALL3- y2 U2+ R0+ D2+ L2+ ALL1-,13,"DL(-1,3) UL(1,1) R(2,-2) L(-2,0) ur(-2,2) dl(2,2) /(-1,-1)"
AdelaideSummer2025,15.33,c,A,0,4,UR4+ DR3- DL5+ UL1- U0+ R2- D1- L3+ ALL3- y2 U5+ R6+ D0+ L2- ALL2-,19,"UR(1,0) DL(-3,3) UL(-4,-3) R(0,1) D(2,2) ur(2,-2) ul(0,5) ALL(0,1)"
AdelaideSummer2025,15.33,c,A,0,5,UR6+ DR4- DL4+ UL5- U4- R1+ D1+ L5+ ALL3- y2 U4+ R0+ D4+ L4- ALL1-,21,"DR(-3,-2) DL(2,0) UL(3,-3) L(3,0) ur(-4,4) dr(0,4) \(-2,0)"
AdelaideSummer2025,15.33,c,A,1,1,UR2+ DR0+ DL1- UL1- U2+ R1- D2- L4+ ALL6+ y2 U4+ R0+ D0+ L2- ALL5-,14,"UR(-1,-2) UL(-2,0) R(0,-1) D(3,3) L(0,-2) ul(2,1) \(1,-2)"
AdelaideSummer2025,15.33,c,A,1,2,UR3- DR1- DL1+ UL1+ U4+ R2+ D6+ L4- ALL1+ y2 U3- R2- D0+ L0+ ALL4+,15,"UR(1,1) DR(1,1) DL(2,0) U(-3,2) D(3,-3) dl(-2,-2) ALL(3,0)"
KenyaNationals2024,15.33,f,B,0,1,UR3+ DR4- DL2- UL0+ U4+ R6+ D6+ L5+ ALL4+ y2 U1+ R5+ D5- L2- ALL2-,21,"UR(-5,-5) UL(-2,-2) U(0,2) D(0,1) L(-1,-2) dl(2,5) \(-4,-2)"
KenyaNationals2024,15.33,f,B,0,2,UR4- DR5- DL4- UL0+ U2+ R3- D3- L3+ ALL1- y2 U0+ R4+ D4- L3- ALL2+,15,"UL(1,3) U(1,-1) R(0,4) dr(0,-3) /(1,-4)"
KenyaNationals2024,15.33,f,B,0,3,UR2- DR4+ DL0+ UL4- U5- R1- D0+ L5- ALL0+ y2 U4+ R0+ D2+ L3+ ALL6+,14,"DL(-2,1) UL(-1,-1) R(-1,-1) D(-2,2) ur(0,1) dr(0,2) ul(-1,1) /(-4,-2)"
KenyaNationals2024,15.33,f,B,0,4,UR1- DR2+ DL2+ UL1+ U3+ R0+ D0+ L2- ALL6+ y2 U0+ R1- D3+ L3- ALL4+,15,"UR(1,1) DR(-2,1) U(-4,4) D(-2,1) L(-1,-2) ur(0,-1) dl(-1,-1) ALL(-2,0)"
KenyaNationals2024,15.33,f,B,0,5,UR4- DR0+ DL5+ UL3+ U1+ R6+ D3- L2+ ALL5+ y2 U2+ R0+ D5- L1- ALL0+,19,"UR(0,-1) DR(-2,4) DL(2,0) U(0,-4) D(-2,2) dr(2,-1) /(-3,-4)"
KenyaNationals2024,15.33,f,B,1,1,UR5+ DR3+ DL3- UL5+ U5+ R4+ D2+ L3+ ALL4+ y2 U1- R0+ D4+ L3+ ALL1-,16,"DL(-2,-3) UL(-3,-3) dr(4,3) dl(0,1) ul(0,-1) /(-3,-4)"
KenyaNationals2024,15.33,f,B,1,2,UR5- DR0+ DL5- UL2- U2- R5- D5+ L3- ALL4- y2 U4+ R1+ D6+ L5- ALL3-,18,"UR(-1,1) UL(-2,2) U(0,3) R(-1,1) ur(-4,4) dr(-5,3) \(-2,1)"
Rosario2024,15.33,f,A,0,1,UR0+ DR0+ DL3- UL0+ U0+ R1+ D6+ L5+ ALL5+ y2 U3+ R5+ D0+ L4- ALL5+,16,"UR(0,-3) DR(-1,0) DL(-2,-1) L(0,-2) dr(3,-2) dl(1,2) ul(-3,3)"
Rosario2024,15.33,f,A,0,2,UR2+ DR5+ DL5- UL4+ U1- R3- D4- L4+ ALL2- y2 U5+ R4- D0+ L4- ALL6+,23,"UR(-4,-4) DL(1,-2) U(-1,0) D(3,-3) L(-4,-4) ul(5,-4) ALL(0,-4)"
Rosario2024,15.33,f,A,0,3,UR6+ DR2- DL4+ UL5+ U4- R2+ D0+ L6+ ALL5- y2 U5+ R4- D0+ L1- ALL2+,20,"UR(5,0) DR(1,-1) DL(-3,-3) D(0,-2) ur(0,-1) ul(-3,-4) /(2,1) ALL(-2,0)"
Rosario2024,15.33,f,A,0,4,UR4+ DR6+ DL1+ UL2- U5- R5+ D2+ L2- ALL4- y2 U1- R1- D2- L2- ALL4-,16,"UL(3,5) R(-3,0) D(3,0) ur(0,-1) dr(1,-1) dl(3,-1)"
Rosario2024,15.33,f,A,0,5,UR4- DR3+ DL4- UL4+ U3+ R1+ D3- L2- ALL2+ y2 U1- R2- D1- L3+ ALL1+,14,"UR(0,-1) DL(4,-3) UL(-3,3) L(1,3) dl(-1,-1) ul(0,-1) ALL(-1,0)"
Rosario2024,15.33,f,A,1,1,UR6+ DR1- DL1+ UL3- U3+ R4+ D5+ L4+ ALL3- y2 U6+ R2+ D4- L5+ ALL6+,22,"UR(3,0) DL(-2,-2) U(3,4) D(-3,3) ur(-1,1) dr(-4,4) ul(0,2) \(0,3)"
Rosario2024,15.33,f,A,1,2,UR0+ DR6+ DL3- UL4+ U5+ R5+ D4- L6+ ALL5+ y2 U2- R0+ D2+ L3+ ALL5-,13,"DR(1,-1) DL(2,1) UL(3,-1) U(0,-1) D(-2,-2) dr(-3,3) /(-1,-1)"
SzansaCubingOpenWarsaw2024,15.33,e,B,0,1,UR2+ DR2- DL3+ UL0+ U3- R5- D2+ L1- ALL3- y2 U2- R6+ D4- L6+ ALL5+,19,"DR(-3,-3) UL(1,0) R(-4,-3) L(-3,-3) dr(0,-3) dl(0,-1) ul(2,-2) /(2,2)"
SzansaCubingOpenWarsaw2024,15.33,e,B,0,2,UR2+ DR3+ DL3- UL3+ U5- R6+ D3- L4- ALL2+ y2 U3- R2- D2- L5- ALL5+,13,"DL(3,0) R(1,-1) L(1,-1) ur(0,-2) dr(2,-2) ul(1,-1) ALL(3,0)"
SzansaCubingOpenWarsaw2024,15.33,e,B,0,3,UR0+ DR0+ DL2+ UL6+ U4- R4+ D0+ L4- ALL5+ y2 U3- R4+ D1- L3- ALL5-,17,"DL(-2,0) UL(-2,1) R(-4,-5) L(0,-2) dr(1,-1) ul(-2,-3) ALL(0,2)"
SzansaCubingOpenWarsaw2024,15.33,e,B,0,4,UR4+ DR2+ DL4+ UL0+ U5+ R0+ D5+ L4+ ALL3- y2 U5+ R4- D0+ L4+ ALL2+,22,"UR(1,-1) DR(1,0) UL(2,1) R(4,-4) D(0,5) L(2,4) \(5,2)"
SzansaCubingOpenWarsaw2024,15.33,e,B,0,5,UR3+ DR0+ DL1+ UL4+ U3- R6+ D3- L4- ALL6+ y2 U1+ R2- D0+ L4- ALL2+,15,"UR(-1,-1) DR(2,1) UL(-1,0) U(-2,0) R(2,-2) D(0,1) L(0,-4) /(2,2)"
SzansaCubingOpenWarsaw2024,15.33,e,B,1,1,UR5- DR5+ DL5- UL5- U1+ R2+ D2+ L1+ ALL0+ y2 U5+ R3+ D1+ L3+ ALL0+,15,"DR(-2,3) UL(-3,0) ur(-1,3) dl(1,1) ul(0,2) \(-3,3)"
SzansaCubingOpenWarsaw2024,15.33,e,B,1,2,UR1- DR0+ DL3- UL2- U5- R0+ D2+ L5+ ALL2- y2 U3+ R4+ D3- L5+ ALL3-,16,"DL(1,0) U(-4,-3) R(1,2) L(-1,4) ur(-2,1) ul(0,2) ALL(-1,0)"
PribramCube2024,15.33,f,A,0,1,UR0+ DR4+ DL0+ UL3- U4+ R3- D2+ L4- ALL1+ y2 U2+ R1- D6+ L0+ ALL1+,18,"UR(0,-2) DR(-1,0) DL(-2,0) U(-1,-3) R(0,-1) D(-3,2) L(-3,3) dr(-3,-3)"
PribramCube2024,15.33,f,A,0,2,UR4- DR2- DL3- UL1+ U4+ R5+ D5+ L6+ ALL0+ y2 U2- R4- D4- L4- ALL5-,16,"DR(1,-1) DL(-1,0) UL(-1,-2) L(-2,-2) ur(0,-2) dl(2,-4) /(1,4)"
PribramCube2024,15.33,f,A,0,3,UR1- DR3+ DL6+ UL1- U3+ R3+ D5+ L2- ALL3+ y2 U3+ R3+ D1+ L0+ ALL2+,16,"UR(-1,-4) DR(-2,-2) R(-2,2) L(-3,-3) ur(-1,3) dl(1,1) /(1,0)"
PribramCube2024,15.33,f,A,0,4,UR5+ DR4- DL6+ UL2+ U4+ R0+ D5- L2+ ALL3+ y2 U3- R1+ D4+ L0+ ALL2+,14,"DR(1,0) DL(2,2) U(1,1) R(-2,1) ur(-4,-3) dr(2,3) ALL(-1,0)"
PribramCube2024,15.33,f,A,0,5,UR3+ DR1+ DL5+ UL2- U3- R1- D1- L1+ ALL3+ y2 U0+ R2+ D1- L1- ALL4+,12,"DL(-5,3) UL(1,1) U(1,0) R(-3,2) dr(0,-1) \(0,-1)"
PribramCube2024,15.33,f,A,1,1,UR4- DR5- DL4+ UL3+ U6+ R4- D3- L4+ ALL1- y2 U0+ R4+ D5+ L0+ ALL2-,17,"DL(4,-4) UL(-3,-5) U(-2,1) R(1,0) dl(0,4) ALL(0,-1)"
PribramCube2024,15.33,f,A,1,2,UR5+ DR6+ DL0+ UL2+ U4- R2+ D2+ L1- ALL3+ y2 U1- R2- D1- L3+ ALL3-,19,"UR(-1,0) DL(1,-1) UL(-2,0) R(0,2) D(3,-1) dr(3,3) dl(-4,-4) /(-3,-3)"
SAC2024,15.33,d,B,0,1,UR3- DR5- DL3- UL5- U1- R0+ D3- L1- ALL4+ y2 U3+ R5+ D1+ L4+ ALL6+,19,"UL(-3,-4) R(-4,5) D(-1,0) ur(-3,3) dr(4,1) ALL(0,2)"
SAC2024,15.33,d,B,0,2,UR3+ DR5- DL2- UL6+ U5- R3- D2- L3- ALL4+ y2 U2- R2- D3+ L2- ALL1-,19,"UR(-1,-2) DR(-3,0) UL(-1,-1) U(-2,3) R(-3,-2) ur(0,-2) /(5,0)"
SAC2024,15.33,d,B,0,3,UR2- DR2+ DL5- UL6+ U3- R2+ D6+ L2+ ALL3+ y2 U4- R6+ D2+ L3+ ALL3+,15,"UR(-2,2) DL(-3,-2) U(1,1) ur(2,2) dr(0,1) ul(3,6)"
SAC2024,15.33,d,B,0,4,UR4- DR4- DL5+ UL1+ U5- R1+ D3- L0+ ALL6+ y2 U5+ R5+ D6+ L3+ ALL4+,23,"UR(-5,-3) DL(2,2) UL(1,0) D(0,3) L(3,0) dr(3,3) dl(0,3) ul(-2,2) /(1,1)"
SAC2024,15.33,d,B,0,5,UR4+ DR1- DL5+ UL2+ U4+ R6+ D3- L3+ ALL2- y2 U0+ R4- D1+ L3+ ALL2-,16,"UR(2,2) DL(-1,-4) U(0,1) R(1,-2) L(3,1) ur(2,2) ul(-1,-2)"
SAC2024,15.33,d,B,1,1,UR2+ DR1+ DL0+ UL1+ U1+ R0+ D2- L3+ ALL4- y2 U2- R3- D0+ L1+ ALL5-,15,"UR(-3,-3) DL(-2,-2) UL(-1,0) R(0,-3) D(3,-2) L(-1,1) ul(1,0) \(1,0)"
SAC2024,15.33,d,B,1,2,UR2- DR1- DL2+ UL3- U2+ R3+ D3- L0+ ALL0+ y2 U6+ R1- D0+ L3+ ALL3+,15,"UR(1,0) UL(1,1) U(1,0) R(-1,-1) D(2,3) ur(0,3) /(-2,2) ALL(0,3)"
TallinnOpen2024,15.33,f,A,0,1,UR2- DR2+ DL5+ UL5+ U1+ R0+ D3+ L3- ALL1+ y2 U3- R0+ D1- L0+ ALL1+,15,"UR(0,1) DL(-2,-2) UL(-5,2) U(1,-1) D(4,-3) ur(2,0)"
TallinnOpen2024,15.33,f,A,0,2,UR5- DR1- DL2- UL1- U2+ R3- D3+ L2+ ALL5+ y2 U6+ R2+ D1- L3+ ALL5+,15,"U(4,-1) R(-3,0) L(1,-1) ur(-1,4) ul(-2,2) /(1,-1)"
TallinnOpen2024,15.33,f,A,0,3,UR6+ DR5+ DL4- UL1+ U5- R1- D2+ L4- ALL1- y2 U2+ R3+ D5+ L3+ ALL1+,16,"UR(2,-1) DL(-1,0) UL(-4,-4) D(-2,2) L(0,1) dr(-2,2) dl(-3,3) /(-1,-1)"
TallinnOpen2024,15.33,f,A,0,4,UR1- DR1- DL0+ UL6+ U5+ R3- D1- L5- ALL1+ y2 U2- R4- D5+ L1+ ALL1+,15,"UR(1,0) DR(2,0) UL(-1,0) U(2,4) R(2,-2) dr(3,1) ul(2,-2)"
TallinnOpen2024,15.33,f,A,0,5,UR2- DR4- DL1- UL1+ U4- R1- D2+ L3+ ALL1+ y2 U5- R4- D1+ L6+ ALL4+,20,"UR(3,1) DR(3,0) U(2,1) R(1,-2) L(-3,-3) ur(0,-3) ul(0,-2) /(-1,-2)"
TallinnOpen2024,15.33,f,A,1,1,UR1- DR2+ DL6+ UL6+ U1+ R5- D3+ L3- ALL1- y2 U2+ R4- D3+ L1+ ALL5+,21,"UR(2,1) DR(1,3) U(4,3) R(1,-4) L(3,-1) ur(2,2) /(3,3)"
TallinnOpen2024,15.33,f,A,1,2,UR1- DR3+ DL0+ UL1+ U0+ R4+ D2+ L1+ ALL1+ y2 U4- R5- D2+ L3+ ALL1-,17,"DR(-5,-3) R(-1,-1) L(-2,1) dr(0,2) dl(-1,0) ul(0,-4) ALL(-2,0)"
XMadridOpen2024,15.33,d,B,0,1,UR6+ DR4+ DL0+ UL4+ U6+ R5+ D1+ L5+ ALL4+ y2 U4+ R1+ D5+ L1+ ALL6+,21,"UR(2,2) DR(-5,-5) UL(3,-1) U(3,4) D(0,3) ur(1,1) dl(-1,1) \(-2,0)"
XMadridOpen2024,15.33,d,B,0,2,UR2+ DR4+ DL1+ UL2+ U5- R2- D2+ L1- ALL3+ y2 U2+ R2- D3- L1- ALL3-,18,"DR(-4,3) DL(-2,2) U(1,0) D(-1,2) dr(0,-1) dl(3,-2) \(-3,-1) ALL(0,2)"
XMadridOpen2024,15.33,d,B,0,3,UR2+ DR1+ DL3- UL0+ U2- R2- D4- L3- ALL5- y2 U3- R4- D6+ L1- ALL4-,17,"UR(-1,0) DL(6,4) U(1,-1) D(0,-3) dr(0,-1) dl(-2,-4) /(0,-1)"
XMadridOpen2024,15.33,d,B,0,4,UR1- DR1+ DL6+ UL1- U2+ R1+ D5- L3- ALL0+ y2 U2+ R5+ D2+ L3- ALL0+,15,"DR(-1,0) DL(-1,0) D(0,2) L(-1,0) ur(-3,-3) dl(-2,2) ul(-2,3) \(-2,2)"
XMadridOpen2024,15.33,d,B,0,5,UR2- DR1- DL2- UL1- U3+ R1+ D2+ L5+ ALL6+ y2 U1+ R3+ D1- L5- ALL3-,12,"DR(1,-1) R(1,2) L(-2,-4) dr(2,-1) ul(0,1) /(-1,-2)"
XMadridOpen2024,15.33,d,B,1,1,UR2+ DR4- DL2+ UL4+ U6+ R5+ D1- L5- ALL1- y2 U3- R2+ D4+ L4+ ALL1-,14,"UR(0,1) DL(-1,2) R(-3,2) D(4,-3) dr(4,4)"
XMadridOpen2024,15.33,d,B,1,2,UR2+ DR0+ DL2- UL5- U4- R3+ D5+ L3- ALL5+ y2 U3- R0+ D3+ L2+ ALL2-,18,"UR(-2,-2) DR(-3,-2) U(-3,3) D(0,-3) L(-2,2) /(-3,0) ALL(0,2)"
50YearsVallentuna2024,15.33,f,B,0,1,UR5+ DR3+ DL3- UL1+ U4+ R3- D1+ L3+ ALL1+ y2 U1- R4+ D1- L2- ALL4+,15,"UR(2,1) DL(-1,-1) R(5,4) ur(0,-1) dr(-1,-1) \(-5,2)"
50YearsVallentuna2024,15.33,f,B,0,2,UR1- DR5+ DL4+ UL5+ U0+ R0+ D6+ L5+ ALL5- y2 U0+ R3- D6+ L2- ALL3-,14,"UR(-1,1) DR(-3,3) UL(-2,0) U(-1,-1) dr(0,-2) dl(-2,-3) ALL(2,0)"
50YearsVallentuna2024,15.33,f,B,0,3,UR3+ DR1+ DL1+ UL1+ U5- R4- D2- L3- ALL4+ y2 U5+ R0+ D1- L5+ ALL4-,12,"U(1,0) L(1,1) ur(5,5) dr(1,-1) \(-4,0)"
50YearsVallentuna2024,15.33,f,B,0,4,UR2- DR1- DL2+ UL2- U3- R5- D4- L4- ALL6+ y2 U4+ R0+ D3+ L5+ ALL1+,20,"UR(-4,-4) DL(3,-2) UL(1,0) U(-2,2) ur(-3,4) dr(-1,1) ALL(-5,0)"
50YearsVallentuna2024,15.33,f,B,0,5,UR2+ DR5- DL5- UL1- U3- R4- D5+ L4+ ALL1- y2 U1+ R6+ D0+ L1+ ALL3+,17,"DR(2,2) DL(3,4) U(2,0) R(5,5) L(-1,1) ul(-1,1) /(-2,-2)"
50YearsVallentuna2024,15.33,f,B,1,1,UR1- DR0+ DL5+ UL6+ U2- R2+ D3+ L5- ALL1+ y2 U2- R2- D5+ L2- ALL2-,20,"UR(-1,-2) DL(4,-2) U(-2,4) D(0,1) L(2,-2) dl(0,1) ul(-3,-3) /(3,0)"
50YearsVallentuna2024,15.33,f,B,1,2,UR6+ DR2- DL4+ UL3+ U3+ R2- D4+ L4+ ALL3+ y2 U2+ R0+ D4- L4- ALL5-,17,"DR(-2,-1) D(-4,2) L(1,0) dr(0,-4) dl(2,0) /(4,4)"
EdinburghWinter2024,15.33,f,A,0,1,UR1+ DR3- DL2- UL4- U4- R5- D1+ L1- ALL5- y2 U1+ R0+ D4- L5+ ALL5+,21,"UR(-3,3) DR(-2,-1) DL(-5,-4) U(-2,3) D(-1,1) dr(-3,5) \(2,0)"
EdinburghWinter2024,15.33,f,A,0,2,UR6+ DR0+ DL1- UL2- U2+ R2+ D4+ L5- ALL5+ y2 U1- R3+ D4+ L2+ ALL5-,16,"UR(4,0) DL(-3,-2) UL(1,1) U(1,1) D(0,-1) L(-2,2) dl(1,3) /(-1,-1)"
EdinburghWinter2024,15.33,f,A,0,3,UR3+ DR2- DL2- UL2+ U5+ R5- D2+ L3+ ALL4+ y2 U2- R0+ D1- L1+ ALL2+,13,"UR(2,-2) DR(2,2) U(0,-1) L(-3,3) ur(-2,-2) dl(1,0) \(2,0)"
EdinburghWinter2024,15.33,f,A,0,4,UR5+ DR4- DL6+ UL6+ U4+ R4+ D0+ L3+ ALL2- y2 U6+ R2+ D1- L3- ALL4-,19,"UR(-3,3) R(-2,-1) D(-2,2) L(-3,-3) dl(0,-1) ul(-2,4) \(2,-2) ALL(0,-2)"
EdinburghWinter2024,15.33,f,A,0,5,UR3- DR3- DL5+ UL3+ U6+ R5+ D1+ L4- ALL1+ y2 U2- R1+ D2+ L4- ALL2+,19,"DL(-1,1) UL(-3,-3) U(-3,2) R(1,1) D(-2,2) ur(4,-4) dl(4,0) ALL(1,0)"
EdinburghWinter2024,15.33,f,A,1,1,UR3- DR0+ DL5- UL3- U5+ R4+ D4+ L3- ALL1+ y2 U6+ R3+ D5+ L5+ ALL3+,15,"UR(-1,-1) U(2,2) D(1,1) L(-1,0) ur(-2,2) dr(0,3) ul(3,3) \(-2,0)"
EdinburghWinter2024,15.33,f,A,1,2,UR2+ DR3- DL2- UL3- U4- R4+ D4- L4+ ALL5+ y2 U1- R2+ D3+ L4+ ALL5+,15,"DR(-2,0) UL(1,-1) U(4,-3) R(-1,0) D(-1,-1) dr(-2,4) dl(2,2)"
CubingKnightsV2023,15.33,f,A,0,1,UR4+ DR5- DL4+ UL4- U4- R5+ D1+ L3+ ALL1- y2 U2+ R1- D6+ L4+ ALL3- UR DR DL,18,"UR(-4,4) UL(-3,-3) U(-1,2) R(0,-1) D(0,2) dr(3,4) /(2,0)"
CubingKnightsV2023,15.33,f,A,0,2,UR0+ DR3- DL5- UL2+ U4+ R6+ D1- L5- ALL3+ y2 U2+ R1+ D2+ L1- ALL6+ UR,14,"UR(-2,-2) DR(-1,0) UL(-3,-3) U(-1,1) D(-2,2) L(-1,-1) dl(0,1) /(-1,0) \(-2,0)"
CubingKnightsV2023,15.33,f,A,0,3,UR2- DR0+ DL5- UL6+ U5- R5+ D5- L2- ALL0+ y2 U2+ R5+ D2+ L5- ALL5+ UR DR,16,"DR(-2,-1) UL(1,0) R(-1,1) L(0,-5) dl(1,2) ul(0,2) \(-3,-2)"
CubingKnightsV2023,15.33,f,A,0,4,UR3- DR3- DL4- UL4+ U2+ R5- D4- L1+ ALL5+ y2 U3+ R3+ D1+ L4+ ALL1+ DR DL,16,"UR(-1,-1) DL(-1,0) U(-2,-2) L(0,1) dr(-1,3) ul(4,3) /(-4,-4)"
CubingKnightsV2023,15.33,f,A,0,5,UR3+ DR2+ DL1+ UL2+ U2+ R5+ D4- L2- ALL5- y2 U1- R1- D0+ L0+ ALL6+ DR DL UL,13,"DL(1,1) UL(-2,2) U(-5,0) R(2,0) ul(1,-1) /(-1,2)"
CubingKnightsV2023,15.33,f,A,1,1,UR6+ DR1+ DL3- UL4- U1- R2- D2+ L1+ ALL5+ y2 U5- R1+ D2+ L0+ ALL1+ DL UL,22,"UR(-5,0) DL(2,1) UL(4,1) U(0,1) D(-2,-5) dl(0,1) ALL(-4,0)"
CubingKnightsV2023,15.33,f,A,1,2,UR3- DR3+ DL2- UL0+ U3+ R2+ D1+ L1- ALL5- y2 U5- R3- D3+ L5+ ALL5+ DR UL,18,"DR(-2,2) DL(0,-1) D(0,-2) L(3,2) dr(3,3) ul(0,-3) \(-2,4)"
NacionalesGuatemala2023,15.33,c,B,0,1,UR4+ DR5- DL5+ UL2- U4+ R0+ D1- L5+ ALL3- y2 U3- R4- D3- L1- ALL5+ UR UL,16,"DR(1,-1) UL(4,-2) U(2,-2) L(0,-1) dl(0,-1) ul(-2,-3) /(0,4)"
NacionalesGuatemala2023,15.33,c,B,0,2,UR4- DR4- DL0+ UL6+ U1+ R0+ D0+ L0+ ALL5+ y2 U2- R4+ D2+ L6+ ALL5- UR,21,"DR(0,1) UL(-3,-2) R(-4,4) D(4,-4) L(-3,2) ur(2,2) dr(2,2) \(-2,0)"
NacionalesGuatemala2023,15.33,c,B,0,3,UR3+ DR0+ DL3+ UL1- U2- R2- D2- L3+ ALL0+ y2 U2- R3- D2- L3- ALL5- UL,16,"DL(-1,1) R(-1,-1) L(-4,-1) dr(-3,-2) ul(-2,-2) /(0,2) ALL(-3,0)"
NacionalesGuatemala2023,15.33,c,B,0,4,UR3+ DR3- DL5+ UL1+ U3- R3- D1- L1- ALL2+ y2 U3- R2+ D2+ L0+ ALL3+ DL UL,14,"UR(1,1) DL(-1,1) UL(-2,0) R(2,2) L(-2,1) ur(3,-3) dr(0,2) /(-1,0)"
NacionalesGuatemala2023,15.33,c,B,0,5,UR5- DR2- DL3- UL1- U1- R6+ D0+ L2- ALL1+ y2 U3- R5- D1- L2+ ALL4+ DR DL UL,21,"UR(1,0) DL(1,0) UL(5,3) U(1,-1) D(4,0) ur(0,2) ul(-4,-5) /(-1,-2)"
NacionalesGuatemala2023,15.33,c,B,1,1,UR2+ DR1- DL1- UL4- U1+ R2+ D5+ L1+ ALL0+ y2 U2+ R1- D2- L5- ALL1+ UR DR UL,14,"UR(-1,0) UL(2,-2) R(-2,-1) D(-3,3) L(2,-2) ur(-1,-1) dr(-1,-2) /(-1,0)"
NacionalesGuatemala2023,15.33,c,B,1,2,UR1- DR1+ DL1- UL0+ U4+ R5- D3- L2- ALL5- y2 U2+ R2- D4+ L3- ALL0+ UR DR,21,"UR(1,-1) UL(0,1) U(-4,4) R(4,-2) D(3,2) L(3,-3) ALL(5,0)"
SpeedcubeBattleVallekas2023,15.33,f,A,0,1,UR2- DR4- DL6+ UL3- U6+ R4+ D4- L6+ ALL6+ y2 U1- R0+ D5- L1- ALL0+ DR DL,15,"UR(2,0) DL(2,2) U(-3,-5) L(1,0) ur(-1,-1) ul(-1,0) /(-3,-3)"
SpeedcubeBattleVallekas2023,15.33,f,A,0,2,UR0+ DR1- DL2+ UL1- U2- R6+ D2- L1- ALL1- y2 U1- R3- D3+ L3- ALL2- DR DL UL,15,"DR(2,-2) DL(-1,-1) U(3,3) R(5,-3) L(1,-2) ur(1,-1) /(1,0)"
SpeedcubeBattleVallekas2023,15.33,f,A,0,3,UR2- DR0+ DL5+ UL5- U4- R0+ D1- L3- ALL5- y2 U2+ R6+ D2- L3- ALL1- UR DR UL,20,"DR(2,0) DL(4,0) UL(-1,1) R(0,3) D(2,0) dr(-2,-3) dl(0,1) ul(0,2) /(-2,-2)"
SpeedcubeBattleVallekas2023,15.33,f,A,0,4,UR1+ DR3- DL3+ UL4- U4+ R6+ D6+ L0+ ALL1+ y2 U3- R3+ D2+ L3- ALL2- UL,19,"UR(1,1) DR(4,-5) U(-2,2) R(3,3) D(2,-3) L(1,-3) /(1,2)"
SpeedcubeBattleVallekas2023,15.33,f,A,0,5,UR2- DR0+ DL4+ UL1- U2- R3- D4+ L3- ALL2+ y2 U4+ R2- D3- L1+ ALL3+ DR DL,15,"UR(5,1) D(4,3) L(0,1) dl(3,-3) ul(0,1) ALL(1,0)"
SpeedcubeBattleVallekas2023,15.33,f,A,1,1,UR5- DR5+ DL1- UL2- U6+ R4- D5+ L5+ ALL5- y2 U3- R2- D4- L3- ALL0+ UR DL UL,18,"UR(2,2) DR(2,-2) U(-1,-4) D(1,-1) L(-2,-3) ul(-3,-2) \(-3,-2)"
SpeedcubeBattleVallekas2023,15.33,f,A,1,2,UR5- DR2- DL5- UL1+ U5+ R2- D4+ L3- ALL1+ y2 U3- R1- D1+ L3- ALL1- DL UL,16,"UR(-3,-3) DL(3,2) UL(2,-3) L(2,-2) ur(1,-1) dl(0,1) ul(0,-2) /(1,1)"
SpokaneSummer2023,15.33,f,A,0,1,UR5- DR2- DL2+ UL2- U3+ R6+ D0+ L1+ ALL1- y2 U0+ R4+ D0+ L6+ ALL0+ DR UL,17,"UR(3,2) UL(1,-1) R(-2,4) L(-2,6) dl(-2,0) \(0,-1)"
SpokaneSummer2023,15.33,f,A,0,2,UR2- DR2- DL2+ UL3- U2+ R2+ D3+ L6+ ALL1- y2 U1+ R0+ D5+ L1- ALL3- UR DR DL UL,16,"UR(2,0) DR(0,-1) DL(-2,0) U(1,3) D(-1,1) L(-3,-3) dr(-2,2) ALL(-2,0)"
SpokaneSummer2023,15.33,f,A,0,3,UR2- DR4- DL1- UL3+ U1- R3+ D1+ L1- ALL0+ y2 U3- R3- D2+ L2+ ALL0+ UR DL UL,12,"DR(3,1) DL(1,-2) L(-2,0) dr(-1,2) ul(1,-3)"
SpokaneSummer2023,15.33,f,A,0,4,UR4+ DR1- DL4+ UL3- U4+ R2+ D1+ L4- ALL5- y2 U3- R5+ D1+ L1- ALL2+ UR DR DL UL,21,"UL(4,-2) U(3,1) R(-5,5) D(-4,-3) L(-1,-1) /(1,4)"
SpokaneSummer2023,15.33,f,A,0,5,UR1- DR1- DL1- UL3+ U2+ R0+ D3+ L0+ ALL5- y2 U0+ R3- D0+ L0+ ALL0+ UR DR,13,"DR(-1,2) UL(-2,-1) U(-2,0) R(3,-3) \(-1,-1) ALL(3,0)"
SpokaneSummer2023,15.33,f,A,1,1,UR3- DR5+ DL6+ UL5- U0+ R4- D6+ L5+ ALL2+ y2 U3+ R1+ D6+ L6+ ALL6+ UR DR UL,21,"DL(-5,0) UL(-1,0) U(-3,3) R(2,1) ur(1,3) dr(-2,3) /(-4,0)"
SpokaneSummer2023,15.33,f,A,1,2,UR5- DR3+ DL1- UL2- U2- R1- D6+ L3- ALL3- y2 U3- R5- D6+ L1- ALL4+ DL,23,"UR(1,-1) DR(2,2) DL(2,-2) U(-4,-4) L(4,-1) dl(-2,-2) ul(0,-3) /(5,0)"
TrondheimEuroQualifiers2022,15.33,c,B,0,1,UR0+ DR5- DL6+ UL3+ U3+ R1+ D0+ L5- ALL6+ y2 U4+ R6+ D0+ L3+ ALL5- DL UL,18,"UR(-2,2) UL(-4,-4) R(6,6) D(-1,1) ur(3,3) \(1,-1) ALL(0,1)"
TrondheimEuroQualifiers2022,15.33,c,B,0,2,UR1+ DR5+ DL1+ UL2- U6+ R2- D1- L2+ ALL2- y2 U2- R3- D1+ L2+ ALL0+ DR,16,"DR(-4,-3) DL(-1,1) U(-5,2) L(0,2) dl(1,-1) ul(2,-2) /(-1,-1)"
TrondheimEuroQualifiers2022,15.33,c,B,0,3,UR1+ DR0+ DL3- UL4- U3+ R4+ D1+ L4- ALL0+ y2 U1+ R2- D5- L2- ALL4- DL UL,19,"UR(1,2) DR(2,-2) UL(-1,0) R(4,0) dr(-2,-2) dl(-2,-3) ul(0,1) /(0,4)"
TrondheimEuroQualifiers2022,15.33,c,B,0,4,UR1+ DR4+ DL1+ UL4- U1+ R0+ D2- L0+ ALL5+ y2 U2+ R1- D1- L2+ ALL5-,15,"UR(-1,0) DR(-3,1) UL(3,3) R(-1,0) ur(-2,2) dl(0,-1) /(-2,2) ALL(0,2)"
TrondheimEuroQualifiers2022,15.33,c,B,0,5,UR3- DR1- DL6+ UL2+ U1+ R5- D1+ L6+ ALL3- y2 U1+ R1- D1+ L6+ ALL3- UR DL,15,"DR(-1,1) DL(-5,-2) R(-2,0) L(3,3) ur(0,1) dr(1,2) dl(0,-1)"
TrondheimEuroQualifiers2022,15.33,c,B,1,1,UR5+ DR2+ DL5- UL1+ U1+ R4- D2+ L5+ ALL1+ y2 U2- R3+ D5- L5- ALL1- UR DR DL UL,18,"UR(-3,-3) UL(-1,-1) U(-3,-2) R(0,3) D(1,0) ur(-2,-2) dr(0,-3) ALL(0,-2)"
TrondheimEuroQualifiers2022,15.33,c,B,1,2,UR2+ DR2+ DL1+ UL1+ U2- R2- D1+ L2- ALL2- y2 U1- R1+ D2+ L2+ ALL5+ UR DR,14,"DR(-2,-3) U(-1,-1) D(-2,-1) dr(2,2) dl(0,1) /(2,0) \(2,0) ALL(0,-1)"
MinnesotaCubeDays2020,15.33,d,B,0,1,UR1- DR4+ DL3- UL4- U4+ R0+ D2- L4- ALL5+ y2 U2+ R3+ D2+ L1- ALL6+ DL,13,"DR(-3,-3) U(1,0) D(4,1) L(-1,-1) dl(0,2) ul(1,1) \(-1,0)"
MinnesotaCubeDays2020,15.33,d,B,0,2,UR2+ DR0+ DL5- UL4- U2+ R5- D4- L1- ALL1+ y2 U5+ R0+ D2+ L5+ ALL5+ UR DR DL UL,19,"DR(3,3) DL(-2,2) D(-4,2) ur(2,3) dr(0,2) \(3,5)"
MinnesotaCubeDays2020,15.33,d,B,0,3,UR2+ DR0+ DL0+ UL1- U1- R2- D2+ L3+ ALL2- y2 U2- R4- D1+ L0+ ALL4- UR UL,13,"DR(-2,-2) R(2,-3) L(-2,0) dl(1,1) ul(-1,-2) \(1,-1) ALL(0,-2)"
MinnesotaCubeDays2020,15.33,d,B,0,4,UR2+ DR6+ DL2- UL2- U3+ R4+ D4+ L3+ ALL5+ y2 U3- R1- D2+ L0+ ALL2+ DL UL,16,"UR(-2,-2) DR(2,-2) UL(1,-4) U(-2,2) D(2,-2) ul(0,-1) ALL(0,-3)"
MinnesotaCubeDays2020,15.33,d,B,0,5,UR6+ DR2- DL0+ UL4+ U3- R4- D4+ L1- ALL1+ y2 U3+ R4- D2+ L6+ ALL1- DL,19,"DL(-2,0) U(5,3) L(-1,0) ur(-3,-5) dr(-1,-1) ul(-4,-4) /(1,1)"
MinnesotaCubeDays2020,15.33,d,B,1,1,UR5+ DR2+ DL2+ UL4+ U4- R4+ D0+ L2- ALL5+ y2 U4- R0+ D5- L4+ ALL1+ UR UL,21,"UL(-1,-1) U(-4,-4) R(1,1) D(-4,-4) L(-3,4) dl(4,-1) /(3,1)"
MinnesotaCubeDays2020,15.33,d,B,1,2,UR6+ DR4+ DL1+ UL2- U4- R5+ D4- L3- ALL3+ y2 U0+ R0+ D4- L2+ ALL2- UR DR DL UL,17,"UR(-2,-3) DR(-1,-2) U(2,-2) L(4,4) dr(-1,-2) \(4,1)"
KrasnodarWinter2019,15.33,f,B,0,1,UR1+ DR5+ DL0+ UL6+ U1- R5- D2- L0+ ALL3+ y2 U2+ R1+ D4+ L2+ ALL0+ DR,16,"UR(-1,-1) DL(-3,2) UL(-3,2) U(-2,3) ur(-1,2) dl(0,1) /(3,0)"
KrasnodarWinter2019,15.33,f,B,0,2,UR6+ DR4- DL4- UL2- U1- R4+ D1+ L3- ALL5+ y2 U5+ R5+ D2+ L3+ ALL6+,18,"DR(-5,-3) UL(-3,3) R(-1,1) ur(-2,3) dl(-3,2) ul(0,2) ALL(0,1)"
KrasnodarWinter2019,15.33,f,B,0,3,UR1+ DR1- DL3+ UL2+ U4+ R2+ D5- L5+ ALL1- y2 U6+ R1+ D6+ L1- ALL1- DL UL,19,"UR(-2,2) U(-5,5) D(3,4) L(2,-3) ur(1,1) dr(3,1) ul(0,1)"
KrasnodarWinter2019,15.33,f,B,0,4,UR0+ DR0+ DL1+ UL3+ U5- R2- D3- L5+ ALL6+ y2 U5+ R5+ D0+ L0+ ALL4+ UR DR DL UL,13,"UR(0,1) DR(2,-2) UL(2,0) L(1,0) ul(2,5) ALL(0,-2)"
KrasnodarWinter2019,15.33,f,B,0,5,UR2- DR5+ DL5- UL3+ U0+ R1- D2+ L2+ ALL4+ y2 U5+ R0+ D2+ L3- ALL2- DR DL,16,"DR(-2,0) U(-1,2) L(0,4) ur(4,5) /(3,3)"
KrasnodarWinter2019,15.33,f,B,1,1,UR4- DR2+ DL2+ UL1- U6+ R3+ D3- L2- ALL5+ y2 U1- R1- D5- L2- ALL1+ UR DR,14,"U(-1,-1) R(-1,1) D(-1,-1) L(1,0) dr(-1,-2) dl(-4,-2) ALL(-1,-3)"
KrasnodarWinter2019,15.33,f,B,1,2,UR0+ DR3+ DL1+ UL1- U6+ R4- D4+ L1+ ALL4- y2 U4- R6+ D0+ L4- ALL3+ UR,23,"UR(-3,2) DR(4,-1) U(-2,2) L(-1,-4) dl(0,-2) ul(-1,-4) \(-3,-4)"
YJKazan2019,15.33,f,A,0,1,UR6+ DR4- DL2+ UL2+ U6+ R4- D3+ L2- ALL3- y2 U1+ R4+ D5+ L4+ ALL4-,15,"UR(-1,1) DL(-1,1) UL(-1,0) R(3,2) dr(2,4) dl(3,1) ul(0,1) \(1,0)"
YJKazan2019,15.33,f,A,0,2,UR4- DR6+ DL5+ UL3+ U1+ R4+ D5+ L0+ ALL6+ y2 U3+ R1- D4- L1- ALL4- DL,20,"UR(-2,-2) DR(-4,2) U(2,-2) L(4,-3) ur(-3,3) dr(0,-1) dl(0,-1) /(1,-3)"
YJKazan2019,15.33,f,A,0,3,UR2- DR3+ DL1- UL1- U1- R1- D4+ L1- ALL0+ y2 U5- R4+ D1- L6+ ALL6+ UR DR DL,23,"DL(3,1) U(4,-1) D(3,-3) ur(-1,6) ul(0,4) /(3,3)"
YJKazan2019,15.33,f,A,0,4,UR5- DR2- DL1- UL2- U5- R3+ D4- L5+ ALL3+ y2 U1+ R4+ D4- L4+ ALL3+ DL,19,"DL(-5,-2) R(4,-4) L(3,3) ur(0,1) dl(-4,-4) /(-2,2)"
YJKazan2019,15.33,f,A,0,5,UR2- DR2- DL1- UL4- U1+ R0+ D5+ L4+ ALL1- y2 U1+ R2+ D1+ L1- ALL3+ UL,14,"UR(4,1) UL(1,1) R(0,1) D(-2,2) ur(-1,-1) dl(1,1) /(-3,0) ALL(0,1)"
YJKazan2019,15.33,f,A,1,1,UR6+ DR1- DL5- UL5+ U3+ R2- D3+ L1- ALL4- y2 U2- R2- D2+ L1+ ALL4- UL,14,"DL(3,-3) UL(-2,-1) R(-3,-1) ur(0,1) dl(-2,2) ul(0,-3)"
YJKazan2019,15.33,f,A,1,2,UR2- DR4- DL4- UL4+ U2+ R6+ D4- L2+ ALL5+ y2 U4+ R4+ D1- L1- ALL1- UR DL,17,"UR(0,-2) DR(0,-2) UL(-2,-2) U(-2,0) dr(0,-1) ul(1,4) \(-2,-4)"
LLSMeetingDays2018,15.33,1,A,0,1,UR0+ DR5- DL5- UL5+ U5- R5+ D5+ L1- ALL4+ y2 U0+ R2- D5+ L1+ ALL2- UR UL,19,"DL(2,3) U(0,3) R(0,-2) D(3,0) L(-1,-1) dr(-4,2) /(-3,-3)"
LLSMeetingDays2018,15.33,1,A,0,2,UR2- DR5- DL3+ UL6+ U2- R2+ D5+ L5+ ALL4- y2 U1+ R5- D2- L1+ ALL4+ UR DR DL UL,15,"DR(-3,1) UL(-2,1) R(-4,-3) ur(0,1) dl(-2,-2) /(3,1)"
LLSMeetingDays2018,15.33,1,A,0,3,UR4+ DR2- DL2- UL2+ U6+ R5- D4+ L0+ ALL4- y2 U1+ R1+ D2+ L2- ALL3+,14,"DR(3,1) U(0,1) D(-3,3) ur(-2,-2) dl(1,1) /(1,1) ALL(-3,0)"
LLSMeetingDays2018,15.33,1,A,0,4,UR1- DR4- DL5+ UL6+ U5+ R2- D6+ L6+ ALL5- y2 U2+ R3- D3- L1+ ALL2+ DR DL,20,"DR(-3,1) DL(-4,0) U(2,-2) R(-2,-2) D(0,1) L(-1,0) ur(0,1) dl(0,-1) /(4,0) \(0,1)"
LLSMeetingDays2018,15.33,1,A,0,5,UR5+ DR3+ DL2- UL0+ U6+ R3+ D4- L3- ALL4+ y2 U1- R2- D3- L2- ALL4+ UR UL,13,"UR(1,1) DL(3,-3) L(2,0) ur(0,-1) dr(-2,-1) dl(-2,-2) \(-2,2)"
LLSMeetingDays2018,15.33,1,A,1,1,UR3+ DR4+ DL4+ UL2- U3- R1+ D5+ L2- ALL3- y2 U2+ R5- D0+ L3- ALL5+,17,"UR(2,2) UL(0,2) R(2,3) D(-1,1) ur(0,-3) ul(0,4) /(2,2)"
LLSMeetingDays2018,15.33,1,A,1,2,UR5+ DR4- DL4- UL4+ U0+ R0+ D3- L4+ ALL2- y2 U1+ R1- D5- L4+ ALL3+ UL,18,"DL(-1,-1) U(3,3) R(-1,-1) L(-3,-1) ur(0,1) dr(4,4) /(0,-3) \(-2,0)"
PhilippineChampionship2018,15.33,1,A,0,1,UR3- DR3- DL2- UL0+ U5- R3+ D5+ L3+ ALL1- y2 U5+ R0+ D5- L3+ ALL3+ DL,20,"UR(1,1) DR(2,0) UL(-1,0) U(-4,-5) D(-2,2) ur(-4,3) /(-1,1) ALL(0,4)"
PhilippineChampionship2018,15.33,1,A,0,2,UR6+ DR2+ DL2+ UL1+ U0+ R0+ D6+ L2+ ALL4- y2 U3- R1+ D0+ L2- ALL4- UR,17,"UR(4,-4) DL(4,-1) UL(1,0) D(-2,-3) L(2,-1) dr(1,-1) dl(0,1) \(-1,1)"
PhilippineChampionship2018,15.33,1,A,0,3,UR3- DR1+ DL2- UL1+ U3+ R3- D1- L0+ ALL3- y2 U4- R2+ D1- L1+ ALL2- UR DR UL,14,"UR(1,0) U(-2,-1) R(4,2) D(2,-4) L(1,1) /(1,-2)"
PhilippineChampionship2018,15.33,1,A,0,4,UR0+ DR2+ DL0+ UL2+ U3- R1- D2- L2- ALL6+ y2 U1- R1+ D5+ L4+ ALL4+ UR,15,"U(1,5) R(-1,1) D(0,-1) L(0,4) /(0,2) \(-2,2)"
PhilippineChampionship2018,15.33,1,A,0,5,UR2+ DR1+ DL1- UL6+ U2+ R4- D3+ L0+ ALL3- y2 U5+ R3+ D3+ L2- ALL2- UR DR DL,18,"UL(3,2) U(-1,2) R(1,0) D(-3,3) L(4,-2) dl(2,1) ul(0,2) \(0,-1)"
PhilippineChampionship2018,15.33,1,A,1,1,UR2+ DR3+ DL1- UL5+ U4+ R5+ D2- L4- ALL5+ y2 U4- R2- D5+ L1- ALL4+ UR DR DL UL,13,"UR(1,0) DR(0,1) U(0,3) R(1,-1) ur(1,-1) dl(2,2) ul(2,-3) \(0,1)"
PhilippineChampionship2018,15.33,1,A,1,2,UR4+ DR6+ DL5- UL2+ U5- R5+ D3+ L1- ALL1+ y2 U5- R3+ D3+ L1+ ALL0+ DR DL,19,"UR(-1,-1) DR(-2,1) DL(1,0) UL(0,3) D(-3,-5) L(3,1) dl(3,3) /(1,0)"
MindanaoChampionship2016,15.33,f,A,0,1,UR6+ DR0+ DL5+ UL5+ U4- R1- D6+ L5- ALL1+ y2 U6+ R1- D3- L2- ALL3- DL UL,22,"UR(-2,-1) DR(-3,-2) UL(-5,-5) U(0,-2) D(4,-4) ur(3,-2) dl(0,-1) /(2,2)"
MindanaoChampionship2016,15.33,f,A,0,2,UR1- DR5- DL1+ UL3- U6+ R2- D3- L2+ ALL1+ y2 U3+ R1- D6+ L0+ ALL0+ DR DL,14,"DR(-4,-2) U(-2,-3) D(-1,1) ur(0,2) dr(-2,-2) dl(1,-1) \(0,1)"
MindanaoChampionship2016,15.33,f,A,0,3,UR2+ DR4+ DL3+ UL0+ U0+ R6+ D5- L2- ALL1- y2 U6+ R1- D4+ L4+ ALL3- DL UL,17,"UR(0,1) UL(-1,-3) U(-1,0) D(-2,-5) dr(-2,4) ul(-1,-1) /(0,2)"
MindanaoChampionship2016,15.33,f,A,0,4,UR2+ DR1- DL6+ UL5+ U3+ R3- D1- L5+ ALL4+ y2 U1- R3+ D0+ L1- ALL5- DL UL,18,"UR(2,-1) DL(-4,2) D(0,-3) ur(2,-1) ul(3,3) \(1,-4)"
MindanaoChampionship2016,15.33,f,A,0,5,UR4- DR1- DL3- UL1- U3+ R6+ D0+ L4- ALL5+ y2 U2- R3- D2- L3+ ALL3- UR UL,17,"UR(1,0) U(1,-2) R(-2,-3) D(4,-2) L(-4,3) /(-1,-3)"
MindanaoChampionship2016,15.33,f,A,1,1,UR2+ DR1- DL3+ UL3- U6+ R1+ D0+ L5+ ALL2- y2 U3- R2- D2+ L1+ ALL6+ DR DL UL,15,"DR(-1,1) DL(-1,0) UL(-3,0) U(-2,2) R(-1,1) L(-1,1) ul(-4,-3) /(2,2)"
MindanaoChampionship2016,15.33,f,A,1,2,UR4+ DR2- DL6+ UL2- U3+ R4+ D1- L2+ ALL4+ y2 U4+ R5- D2- L3+ ALL2- DL,22,"DR(-2,2) DL(-1,1) UL(-5,5) R(-4,-3) D(0,1) ur(0,3) dl(3,-2) /(3,3)"
MindanaoChampionship2016,15.33,f,A,1,3,UR6+ DR1+ DL0+ UL3+ U4+ R5+ D2+ L0+ ALL5- y2 U1- R1- D2- L5+ ALL5-,14,"UL(-1,-1) U(0,-1) D(-3,-4) L(-2,2) ur(1,3) dl(-1,-1) /(2,-2)"
