competition_id,round_type_id,group_id,is_extra,scramble_num,scramble,optimal_movecount,optimal_solution
BarbyCube2026,d,C,0,2,R U' R2 F U2 R U R2 F R U,5, R F' R U2 R'
LiuzhouOpen2026,d,A,0,1,F R U' R U' R' U' R' U' R U2,5, U' R U2 R' F'
EntreRiosCubea2026,f,A,0,5,R U2 F' R' U' R' U' F R' U' F,5, F2 U' R2 U' R2
IndalOpenOClock2026,2,B,0,4,R' U R' F U R U R' U' R U,5, F2 R2 F U F
WestonsuperMareSpring2026,2,A,1,2,U2 R' U R2 U' F' U' R' U' R U',5, U' F U R' U
TomellosoOpen2026,f,A,0,4,R U' R2 F' U' F U' R2 U2 R2 U',5, U' F R F' R'
NoClocksinGreenpoint2026,1,C,0,3,U R' U' F' R U' R F' U' F' R',5, U F' U' F2 U2
ChinchinaOpen2026,f,A,0,4,R' U2 R2 F' U2 R2 U2 F U' R U',5, U R' U F2 R'
StevenageMay2026,f,A,1,1,R' U2 R U F R U R' F U2 R,5, F2 U F2 U' R
BattleofAlberta2026,1,E,0,2,R U2 R2 U2 R U' R F' R2 U' R2,5, F2 R' U' F' R
DerwoodCubingDerbySpring2026,1,A,0,3,R' F U2 R U R U2 R' U' R' U2,5, U R2 U' F' R
RubisianSpringCubingIasi2026,1,A,0,5,U' R' F' U' R2 F' R2 U' R U R,5, F2 R F2 U R
SpeedcubingHuanuco2026,1,A,0,1,U' R' U2 R2 F' U2 R2 U2 F U2 R,5, R' U2 F2 R' U
AllRoundersKatowiceI2026,1,D,0,3,U' R' F' U' R2 U2 R' U' R' U F,5, R2 U F2 R' F
IIIColatinaOpen2026,1,B,0,3,R' U' R' F' R U R F' R' U' R,5, U F2 R U F2
BayankhongorCup2026,f,E,0,3,R' U' F' U R2 U' R' F R U R,5, F2 R F2 R2 F'
ACA11thAnniversaryBaku2026,2,B,0,3,U2 R' F' U' R U' R' U R U R,5, U F U F2 U
MidwestCubingClassic2026,d,D,0,5,R' U2 F' U2 R U' R' U' R U F,5, F2 R' F' U F2
TrebolisBogotaII2026,d,A,0,5,U R' U' F R U F R U2 R' U',5, U R U F' U2
CubingMineRybnikIV2026,f,A,0,4,R' F U2 F U' F' U' F R' U2 F,5, F2 U2 R U' F'
UCSDWeeknightsIX2026,f,C,1,1,R' U2 R2 U2 R2 F R2 U' R2 F U,5, U R F2 U' F2
DuperSuperDavisSpring2026,1,C,0,3,U' R' F' U' R U' R2 U R2 F' R2,5, U' R2 F2 R' F2
BQHSSpringOpen2026,2,A,0,3,U R' F' U' R2 F' U' F' R' U R,5, F U2 R U F
NewProvidenceSpringPM2026,1,C,0,1,R' U R U' R' U R' F' U' F R,5, F R2 F' U R2
LiverpoolSpring2026,1,B,1,2,U' R' F R2 U2 R2 F R2 U' R' U',5, U R U' R' U
WideBayCubing2026,f,A,0,4,U F' R' U' R U' R2 U2 F R2 U',5, F2 R U2 R F2
USMPenangCube2026,d,A,0,3,U2 R' U2 F' R U' R U2 R2 U' R,5, F' R' F2 U F2
VERKXIV2026,1,A,0,4,U' R' U' R U2 F U2 R U' R' F,5, F' U' R U' F'
AlgorithmsinArchbold2026,1,A,0,3,R U2 R2 F R2 U2 R2 F' U2 R U,5, U' R' U2 F2 R
CubeinLuanda2026,f,B,0,3,R' U' F' U' F U2 R' U2 F R2 U2,5, R2 F2 R' F' U'
NawiTlaxcala2026,1,A,0,2,R U2 R' U R U R' F U2 R U',5, R F R U' R
KhuvsgulCubeDay2026,f,C,0,1,F2 R U' R U2 R2 U2 R2 U2 R2 F,5, F' R' U R' F2
NauryzAlmaty2026,1,B,0,5,U2 R U' R' F U' F R U' R U2,5, U2 R2 U F' U'
UNSASpeedcubingSummer2026,f,A,0,2,U2 R U' F' R U' R' U' R' U' R,5, F R U F U2
BudapestOpen2026,f,A,0,5,U2 R' U2 R2 U2 R2 U2 F R U R',5, F' R' U' F' U'
TwistandTriumphNagpur2026,1,A,0,3,U' R U' R' U2 R' U' R U' R F',5, F U R2 U R
TabacundoOpen2026,f,B,0,2,U' R' U' F U2 R2 U' R2 F U2 R,5, F' U2 R2 U R'
ArkansasChampionship2026,2,A,1,2,U' R' U' R2 U' R2 F' U2 F R2 U',5, U' R F' U F
CreweSpring2026,1,C,1,2,R' U2 F' R2 U' R2 F U2 F' U R,5, F2 U F R' F2
SaipanOpen2026,f,A,1,2,U' R F R U R' F R U' R' F,5, F2 R' U2 R' U'
StevenageMarch2026,1,B,0,2,U2 R' F R U2 R' U' F' U R U2,5, U2 F U2 F' U2
PUCPCubingFestivalIX2026,2,B,0,4,U2 F' U2 R' U R' U' F R U' R',5, F2 U' F U R2
PUCPCubingFestivalIX2026,1,F,0,5,R U' R2 U2 F R2 U2 F R U R,5, F2 R' F' U2 R'
PUCPCubingFestivalIX2026,1,B,1,1,R' F R U2 R' U' F' U R U' R,5, R' U F U2 F'
SaraswatiCollegeOpen2026,f,A,0,4,U R' F' U' F R U R F R U,5, R' F' U' F' U'
DCHyderabadOpenMarchB2026,c,B,0,4,R' F R2 U2 R2 F' U2 F U2 R2 U',5, U' F R2 F2 R
NZNorthIslandChampionship2026,2,A,0,1,U R F' R' U2 R' F' U' R U' R,5, R F' U R2 U'
OpendeGatineau2026,d,B,0,1,U R F' R' U R U' R' U' F U',5, F' U R U' F
SummeroftheCubeHuancayo2026,1,C,0,3,U' R U' R' U' R' U' F' R U R',5, R2 F U F' U2
PalenciaconPdePyraminx2026,f,A,0,4,U' R2 U' F' R' U R' F R U R,5, F2 R2 F' R2 U
FalkirkBeginners2026,1,B,1,2,U' R F' U' F' U2 R2 F U2 R2 U2,5, U' R' F R' F2
TempleCubingWinter2026,f,A,0,1,R U2 F' R' U' R U' R' U' R' F',5, R2 U' F U R'
UOValentinesDay2026,1,A,0,4,U' R U' F' U' R' U2 R' F U2 R2,5, R' F2 U F R'
PISKGPremiereCubing2026,d,C,0,4,U' R U2 R' U' R' U' R2 U2 R2 U2,5, U2 R2 U' R U2
ElmiraWinter2026,f,A,0,4,R F' R2 U' R U R U2 R' U' R',5, U R2 U2 F R'
CuritibaContraoTempo2026,d,B,0,5,R2 U' F U R U R U' R' U' R',5, U' R F' U R2
SolvinginSavannah2026,2,A,0,4,R' F U' R2 F' U' R2 F R U R2,5, F R' F2 R F'
AnsanFavorites2026,f,A,0,2,U R' U R U R U2 R2 F U2 R,5, F2 U F R F
SanCristobal2026,1,A,0,4,R' U' R2 U2 R2 F R U' R' U2 F',5, R' F R' U' R
VltavaCubeFebruary2026,1,B,0,2,U R' F' U F R2 U2 R2 F U' R2,5, R' F U F2 U2
AarhusWinter2026,f,C,0,1,R U2 F R U' R' U2 R U' R' F',5, R' U' F U F
MaunulanKuutionvaantelyt2026,1,B,1,2,U' R' U2 R U R' U2 F2 U2 R2 U2,5, F2 U' R2 U' R'
MumbaiCubeFiesta2026,1,A,0,3,R' U2 R' U2 F' U' F R U R' U',5, F' U' F U2 R2
SeoulWinter2026,1,D,0,4,U R' F R U' R U2 R' U' R U',5, R' U R' F2 R
TaranconOpen2026,1,D,0,1,U' R' U' R2 U2 F' R' U' R' F U',5, R' U' F' U R'
SwisscubingCupI2026,f,A,0,3,R U' R' U' R F' R2 U' R U2 R,5, R' U F' U' R
HungarianAllRounder12026,1,B,1,1,R' F' U' F' R2 U' R' U2 R' U' F',5, R' F R' U' F
CubingatTheCube2026,1,B,0,5,U' R' U2 F' R2 U' R' U R' U R',5, R U2 F' R' F2
BeijingWinter2026,2,B,0,1,U' R' U' R U R U' R U' R' U2,5, U R U2 R' U
RhonOpen2026,f,B,0,2,R' U' R' U' R U R U' F' R' U,5, F U2 R F U2
LugoOpen2026,f,A,0,3,U' R' U2 R U R' F U F2 R U',5, F' U2 F' U2 F
Chaaswurfel2025,1,A,0,1,U' R' U' F' R2 U' R' U' R' U' F,5, F2 R' U' R' F
KalanjiamCubingChallenge2025,1,A,1,1,R' U' F' U' R U' R' U2 F' U' R',5, U' R' U' R F2
NacionalesElSalvador2025,f,A,0,5,U R F U' F U2 R U2 R' U' R2,5, R' U' F2 R' U
GeorgetownSideEvents2025,1,A,0,2,R U' R' U' R U2 F' R2 U' R U,5, U2 F' U' R U2
NewZealandNationals2025,1,E,1,2,F U' F U2 F' R U' R' U' F U',5, F2 U R' F R
DragonCubingXI2025,1,B,0,4,R F U' F U2 R U R' U' F R2,5, R2 U' F2 R' F'
SpanishChampionship2025,2,B,0,2,R' U' R U' R' F R U R U' R2,5, F' U' R U2 R
RotacubeGaziantepOpen2025,1,B,0,3,U2 R' U2 F U2 R2 U2 F' R2 U2 R,5, R F2 U2 R U2
BacktoMombasa2025,1,A,0,1,U R U2 R' U' R U' R' U' F R,5, F' U F R2 F'
MRUlaanbaatar2025,1,D,1,2,R' U2 R2 F' U2 R2 U2 F U' F U2,5, U2 F' U F2 R'
MinnesotaChampionship2025,1,A,1,2,R' F U2 F' U' F R U2 R' F R,5, R' F2 R' F R2
HvidovreOpen2025,1,C,1,1,U' R' F U2 R U' R2 U' R2 F2 R,5, F2 U' R F2 U'
DesafioRubiksGuatemala2025,1,F,0,5,U' R' U2 R U R' F' U2 F R U2,5, U2 F R' F' U
SogndalOpen2025,1,B,0,1,U' R U' R' U' R' U' R U2 R' U',5, U R U' R U2
GlasgowAutumnBeginners2025,1,B,0,1,R F' U' F' U' R' U' R' F U2 R,5, R U2 R2 U' F2
NanchangWinter2025,1,A,0,2,U' R U' R' U' R U2 R' U R' U',5, U R2 U R' U'
OberlinBigCubes2025,1,B,0,1,U' R F' U' F' U' R' U' R' F U,5, U' R2 U F2 U
BalamCubesBaywalkSides2025,1,A,1,2,U2 R' U' F U' R U R' F' U' R,5, R' U2 F' R U'
HalifaxFall2025,1,A,0,1,F' R2 F' U' R U R U2 R' U' R',5, U F' R2 U2 F
CampeonatodoCerrado2025,2,B,0,2,R' F' U R2 U2 R' U' R' U2 F' R,5, R2 F2 R' F' U2
PolishChampionship2025,d,A,1,2,R' F R U2 R U2 R' U' R' U2 F2,5, R' F2 U F' U2
NilvangeOpen2025,1,C,0,4,U' R U' R' F' R' U2 R' U' F2 R,5, R2 F2 U' R F'
ClockingManiaCoacalco2025,1,C,0,2,R U2 R' U2 R U R' U R U2 R',5, F' R U' R' F2
LasPinasOpenIII2025,c,A,1,1,U' R' F U' F R U' R U2 R2 U2,5, R2 U' F' U R
CubingATMOSphere2025,1,E,0,2,U' R U' F' U2 R' U2 R' F' R U,5, R F U R2 U2
CubingComicfestCaliII2025,d,B,0,5,R' F' R F U2 R U R U2 R' U2,5, U2 R' F U2 R2
KCKC8CubingforCake2025,1,C,0,5,U' R' U2 F' U2 R2 U2 R2 U' F2 R,5, F2 U R2 F' U'
ctOpenHannover2025,1,B,0,5,R' F' U' F' R2 F' U' R' U2 R' U',5, F' R' F R' F
AlbaceteOpen2025,f,B,1,2,U R U2 R' U R' F R U R' F,5, F R F2 U' F'
HampshireAutumn2025,1,A,1,1,R U2 R' U' R' F2 R U R' U2 R2,5, F' R2 F U2 R
RockyMountainChampionship2025,d,C,0,1,R' U' R U' F U' F2 U' R U' R',5, R2 F' R F2 R2
CAUaoCubo2025,f,A,0,2,U R' U' F2 U2 F R U' R' U2 R,5, R' F' U F2 R
RutaCuberaAiguesOpen2025,1,C,1,2,U R U' R2 F' U' R U R U2 F,5, F' U R' F R
BodocoOpen2025,1,D,0,5,U R U' F' U2 R' U' R U2 F' U',5, U F U2 F R2
ReginaTwistNTreat2025,1,B,0,5,R U2 F R U' R U2 F' U2 R2 F,5, F R F2 U2 F'
NattandiyaCubingClash2025,1,B,1,2,R' F R U2 R' F2 R U R U' R',5, F2 R U2 R' F'
PUCPCubingFestivalVII2025,f,B,1,2,U2 R U' F' R2 F R2 F' R' U R,5, F2 U R2 U2 R'
GanOpen2025,2,B,1,1,U' R' U' R U R' F2 R2 U' F' U',5, F' R' U R' F
ApolloBayCubing2025,2,B,0,2,U R' F R2 U' F' U' R' U R' U2,5, F2 R U2 F U
IstanbulOctober2025,1,A,1,1,R' U2 F' R2 U' R' U' R' U' R2 U',5, F' R' F' U F2
KumaraguruCubeOpen2025,1,J,1,1,R' U' F' R U R U2 R' U' R' U,5, U' F U R F2
AndorranChampionship2025,1,B,0,1,U R U2 R' U R U' R' U' R' U2,5, R' U R' U R
StevenageOctober2025,1,B,0,5,U' R U2 R2 F U2 R2 U2 F' U2 R2,5, R2 U2 F2 R U
EnguasadosenNayarit2025,f,A,0,3,U' R' U' F R U R' U' F U R',5, R2 F R U2 F'
WuppertalWurfelWochenende2025,f,B,0,1,F R U' R' U F U2 R U R' U2,5, U F U' F2 U2
PuzzlingPuzzlesVantaa2025,2,B,0,2,R U2 R2 F R2 F' U2 R' U2 R' U2,5, R F R' F' U
NapervilleFall2025,f,A,0,1,U' R F R U R' U' F U2 R U,5, U F U2 F U'
WisconsinChampionship2025,2,B,0,2,U2 R' F U2 R2 U2 F' U2 R2 F R,5, R' F R' U2 F2
PreNacionalesLaPaz2025,1,D,0,5,R' U' R2 U' R' U' R' U' R2 U2 R',5, R' U' R U R2
GrandForks2025,1,B,1,1,R2 U2 R2 U' F' R' U R' F R U,5, R F2 U2 R2 F
ClockMinxOhio2025,1,C,1,2,R U2 R' U R U R' F U2 R U',5, R F R U' R
KedahCubeOpen2025,1,C,1,1,U R F R U R' U2 R U R' F',5, U2 R' F' U' F'
EnergyCubeBialoleka2025,f,A,0,1,U R' U' F' U' R U R' F2 R U,5, F R U2 F' U'
HungarianAllRounder102025,f,A,0,3,U' R U' F' R U' R2 U' F R U,5, F2 U R F' R'
HKRCU20thAnniversary2025,2,C,0,3,U' R' U2 F R2 U2 R2 F2 R U' R',5, U2 F' R' F U
CorbyAutumn2025,1,C,1,2,U2 R' F R2 U' F R' F R U R',5, U' R U2 R F2
CFLBrzeziny2025,1,D,0,2,U2 R' F' R U2 R' F R U R2 F,5, F' R F2 R U
CKTravancoreOpen2025,d,A,0,1,R F U R U R U' R' U' R' F,5, F' U' R F' R'
MaltaEndofSummer2025,f,B,1,1,R' F R U R' F' R' U' F U' R,5, R' U F2 U R2
ElTormesOpen2025,1,C,0,3,R U' R' U' R' F' R2 F' U2 R' U,5, U' F2 U' F R2
KushtiaCubeOpen2025,1,B,0,2,R F' R2 F U' R U2 R U R U',5, F2 U F' R' F2
KatanoSummer2025,d,A,0,5,U F' R2 F U' F U2 F U' F U',5, U R2 F' R F2
CornyCubersIowaClassic2025,1,C,0,2,U R' U' R U F' R U R' U' F,5, R U R F' U
IbagueMercacentroII2025,f,B,1,2,U2 F' U2 R' U R' U' F R U' R',5, F2 U' F U R2
SwisscubingCupV2025,1,A,0,1,U F' U' R2 U2 R2 U' F' R U' R,5, U' F2 U' R F'
CubingDaysNeuburg2025,f,A,0,2,R' F U' F' U2 R U R U2 R2 F,5, U R' F2 R' F'
PolishOpen2025,f,A,0,5,U2 R' U' F R U F R U2 R F',5, F R' U F' U
LockedinCoshocton2025,1,A,0,2,R' F R U2 F R U' R' F R U',5, U R' F' U2 F'
LaCoteOpen2025,1,A,0,1,U' R U2 R' U' R' F R U F' U',5, U F' U' F' U2
MetropolisBogotaII2025,f,A,0,1,U2 R' F' R U2 R' F R U R2 F,5, F' R F2 R U
CubingbytheKingsOH2025,1,B,0,5,U R' U' F' R2 U' R' U2 R' F' R,5, R2 U' F R' U2
ThapraCubeBattle2025,2,A,0,1,R F' R2 F U' F' R2 U' R' U2 R',5, U F R U F2
YumboalCubo2025,1,A,1,2,R U2 R2 U2 R2 U2 R' U' R U' R',5, R U R' U R2
IICubodeBarroES2025,1,B,0,4,U' R' F U F U' F U' F' U' R,5, F U R' U F'
BredaOpen2025,f,A,0,5,U' R' F2 R U R U' R' U' R' F',5, F R F2 U F
ZhengzhouSummerIII2025,c,D,0,1,R F' U2 R2 U2 F R2 U2 R' U R',5, R U' R' F2 R'
CubingKazakhstanNationals2025,f,B,1,1,U2 R' U2 R2 U' R2 U2 R' F2 R2 U2,5, U2 F' R2 F2 U2
MaruCubeDayTaiwan2025,1,G,0,3,U' R' U' R U2 R' U2 R2 U2 R2 U',5, R U R' U2 R'
KyivNxNSummer2025,1,C,0,5,U2 R' F' U' R2 U R' F R U2 R,5, F U' F2 U R'
ThunderBay2025,f,B,0,1,U' R' F' U' R U' F U2 R2 U2 R2,5, U' R2 F R' F2
BacktoSchoolUtah2025,1,B,1,1,R U2 R' U' R' U' R' U2 F R U',5, R' U' R U F'
BacktoSchoolUtah2025,1,A,0,1,R F' R' U R' U2 R2 F' U2 R2 U',5, F R' F' U' R'
KublordagLandvetterII2025,1,A,0,2,R U' R' U' R' U2 F R U R F',5, F2 U' F' U R
GreatLakesChampionship2025,2,B,1,2,U2 R' F U' F R2 U2 R2 F U2 F,5, R U' F' R2 U
SaskatooNxN2025,f,B,1,1,R F' U' R' U' R' U' F' U' R U,5, U' R F' U2 R2
BoiseOneHandedBlitz2025,1,B,0,5,U' R' U2 R U R U' R2 U2 F U2,5, U2 F' R2 U R'
ClockBattleAugustSG2025,2,A,0,5,U' R' U' F' R U' R' F U' R2 U',5, U F' R2 U' F
AguascalientesSummer2025,1,D,0,5,U2 R' U2 R U R F' U' R' U' R',5, R U' R F U
ChampionnatCanadien2025,1,D,0,5,R U' R2 U' F U' F' R U' R' U',5, F R U2 R U
SicilySummer2025,1,A,0,3,U' F' R' U R' F R U R' U2 F,5, F R2 F2 U2 F'
StevenageJuly2025,1,B,1,1,R' U' R U F' R U2 R U' R' U,5, U2 R' F R U'
SpeedcubeManiaCoacalco2025,1,D,0,2,U R' U' F2 U' F R U' R F' U2,5, R' U R' F2 U2
LinzSummer2025,1,D,1,2,R U' R' U F U2 R2 U2 R2 U' R,5, R' F U' F' R
QuitoSuperCube2025,1,A,0,4,F U' R U R' U' F U R U2 R',5, F2 U F2 U2 F
ParlaOpen2025,f,A,1,1,U' R' U2 R U R U' R' U' R' U2,5, U R U' R U
ParlaOpen2025,f,A,0,5,R U' F' R2 F R U2 R U' F' R2,5, R F' U' R2 F
ToowoombaTwistOff2025,1,B,1,2,R U' R' U' R' U2 R U F R U',5, U2 R F U' F'
AshokaOneMallSunOpen2025,f,A,1,1,U2 R U R U2 R2 F U2 F R U',5, F' R U' F U
GemCityWarmUpOH2025,1,C,0,1,R U2 R2 F U2 R2 U2 R2 U2 R2 U',5, U F' R2 U2 R'
SanskaraCubeOpen2025,f,C,1,2,U' R' F U R U2 R' F' U' R2 F',5, F R F2 R2 U
WarmUpSeattle2025,1,D,1,2,R U' F' U2 R' U' R' F U F R,5, F2 R' U' R U
BristolJune2025,f,A,0,3,U' R' U2 R2 U' R2 U R' F' R U2,5, U R F' R2 F2
PhilippineChampionship2025,1,E,1,1,U R F U2 F R U R' U' F' U2,5, F' U' R' F U'
PhilippineChampionship2025,1,B,0,3,R' U' F' U' F' R U' R' U' R2 F',5, R' U' F2 U F'
TecCuberCBBA2025,1,B,0,1,U' R' U' F' R2 U R' U2 F U2 R2,5, R' U2 F2 R' F
DamasioOpen2025,2,A,0,4,R' U2 F R U' R' U' F R2 F' U',5, F' R' U2 F R2
NorthHighlandsSummer2025,d,B,0,2,U R U' F' U2 R' U' R U R' U2,5, U2 R U' F R2
LasPinasSpeedcubingWarmUp2025,c,B,0,5,R' F U' F' U2 R' U' F U2 R U,5, U' R' U' F2 R2
YanchengOpen2025,d,C,0,1,U' R' F R U R F' U' R' F U',5, U F2 U' R2 U
CubestuffChallengeCenturionQ2025,d,A,1,2,U R F U' R U R F' U2 R' U,5, U F' R' F2 R
SMAOpen2025,1,A,0,3,U2 R' U' F R2 U' R F R U2 R',5, U2 R' F R' F
NapuleEMilleCulure2025,f,B,0,3,R F U' F U2 R U R' U' F R2,5, R2 U' F2 R' F'
OneShamelinCubeOpen2025,2,A,1,1,U2 R' F' U2 F R U' R' U2 R' U',5, F' U F R2 U'
SwedishChampionship2025,2,B,0,3,R' U2 R2 U2 R2 U2 R2 U' R' U' R',5, U R U R U
HongKongCubeDay2025,1,E,1,1,R' F U2 R2 F' U2 R' U' R' U' R,5, F R' F2 U R'
SantaCruzOpen10Years2025,d,C,1,2,R' F U' F' U R U' R' U' F' U',5, R' U2 R F2 U
Pulmapelipaivat2025,f,B,1,1,U R' U2 R2 F' R2 U2 F' U' R U2,5, U2 R2 F' U2 F
ManyCubesinMansfield2025,f,A,0,4,U R U2 R' U' R' U' R2 F' R2 F,5, F' R2 F U R
GranollersOpen2025,d,B,0,3,U' R U' R2 F U' F R' F' R' U',5, R2 F2 U R' F2
gatewayKLIA2CubeOpen2025,1,F,0,2,R U2 R' U' R' U R U R U' F',5, F U2 R' U R'
VICStateChampionship2025,1,E,0,2,U R U' F' U2 R' U F U2 R2 U2,5, F U2 R' F R2
VICStateChampionship2025,1,D,0,1,U R' U2 R2 U' R2 U F' U' R U',5, F R' F2 R2 U2
CubeFactoryLeagueKoluszki2025,1,C,0,1,U' R' U2 R2 F' U2 R2 U2 F U2 R,5, R' U2 F2 R' U
AMRPlanetCubeOpen2025,1,A,0,3,R F R U' R F' U2 R' U R' F,5, R U2 F U' F
SingaporeCubingMayday2025,f,A,0,4,R F U2 F' R U' R U' R' U' R',5, U2 R2 F2 U F
BudapestSpring2025,1,D,0,4,R' U F U R U R U2 R' U' R',5, F U' F' R2 U'
BudapestSpring2025,1,A,1,2,R' F U2 R U R' F R2 U2 R2 U2,5, R' F2 U2 F R2
MetropolisLaraLeagueII2025,c,A,1,2,U' R2 F U2 R U' R F' R2 U' R2,5, F2 R' U' R2 U'
ColoradoSpringsSpring2025,f,A,1,1,U R F' R' F U' R U' R' U' F,5, F2 R F U2 R'
ColoradoSpringsSpring2025,d,A,0,4,U2 R U' R' U' R' U' R U2 F R,5, R' F' U' R U'
ItsSarzanaOClock2025,2,C,1,2,R' U' R U' R U2 F R2 U2 F' U',5, F2 R' U' R F'
GLSIII2025,1,A,0,3,R' F' U F U' F' R2 U' R' U R,5, R' F R2 F R
SpringBozeman2025,2,A,1,2,R U' F' U' R' U R' F' U' F R,5, F U R2 F R2
DarkhanKodomoCup2025,1,C,0,2,U2 R' U2 R2 U2 R2 U2 F R U2 R',5, F' R' U' F2 U'
SonginokhairkhanCup2025,1,E,0,5,R' F R U R' F' R' U' F R2 U',5, U F2 U' R2 F2
KailuaKupulau2025,1,A,1,2,U R U' R' U' R' U2 R U R' U,5, U' R2 U R U'
SalitrealCuboBogota2025,c,B,0,5,R U' F' U2 R' U' R F' U2 R2 F,5, F R2 U2 F2 U
SandefjordOpen2025,f,B,0,5,U F U' F U' F R2 U' R' U2 R',5, F U2 F R' F2
EasterinPragueEast2025,2,A,0,5,R' U2 F' R2 U' R2 U' F U' F' U',5, U R' U' R2 F
MartignyOpen2025,f,A,1,2,U R' F U R2 U' R2 F' U2 R U,5, R2 F R' F' U'
GetafeOpen2025,1,C,1,2,U2 R' U F R U' R F' U2 R' U2,5, F' U F2 R2 U2
NanchangSpring2025,d,C,1,1,R' U R U R' F' U' R U2 R' U',5, F U F' R U2
BayankhongorOpen2025,1,D,0,4,U2 R' U2 F' R U' R' U2 R2 F' R',5, F' R' U2 F2 R'
BangaloreCubeOpen2025,d,B,0,1,R U2 R' U R' F R U R' U2 F2,5, R' F2 U F' U
NevadaChampionship2025,1,B,0,1,R' F R U R F' U' R' F U' F,5, F' U F2 U' R2
BirminghamSpring2025,1,D,0,3,U' R F' U' R' U' R' U' F' U2 R,5, R' U' R2 F U'
KorumCubeChallenge2025,1,C,0,5,U' R F' U2 R' F R2 U2 F' U' R',5, F' R F' R F2
KorumCubeChallenge2025,1,A,0,5,U' R' F U' R2 U2 R2 F U2 R2 U2,5, F U F' R U
VieniaCubareinPuglia2025,1,C,1,1,R U' R2 U' R2 U2 R2 U2 F2 R2 U',5, U2 R2 F2 U R'
PlazaCenterCubeLimaVI2025,2,E,0,3,R' U2 F U2 R U' R' U' R U' F,5, F2 U' R' U' R2
XianCherryBlossom2025,2,A,1,2,R' F' U2 R2 U' R2 U' R2 U' R2 U',5, R' F U F2 U'
Kuutionvaantelyt2025,1,C,1,1,U' R' U' R' F' R U2 R' F R U',5, U2 R' F2 R2 U
CuBeaulieuCrazeComeback2025,f,B,0,3,R' U' R U' R U' R' U' R U2 R',5, R' U' R U2 R
SouthernIndianaQualifier2025,f,C,0,2,U R U' R2 U' R2 F' R2 U' R U',5, F' R' U' R2 U'
KuldigasPavasaris2025,f,A,0,5,R' U' F U2 R U R' U2 R F R,5, R' U' R' U F'
LaSillaVMonterrey2025,2,B,0,5,U R' U' R2 U2 R2 F U2 R2 U2 R',5, F' U F R F
VermontNewcomers2025,1,A,0,1,R U' R' U' R' U2 F' R2 U' F' R2,5, R2 U' R' F' U'
CalabriaOpen2025,f,A,1,2,R' U2 F U R F R U' R' F U2,5, U2 F2 R' U R
CatskillsSpring2025,1,B,0,5,R F' U' F' U' R' U' R' U' R U',5, U2 R2 F U F
Lundakuben2025,1,A,0,4,R' F' R U2 R' F R U R' U R2,5, R2 U' F2 R U'
CubeAgainstCancerNOLA2025,f,B,0,1,U2 R' F U' R' U' F R2 U' R2 U',5, R2 F' R2 U F2
MuggioSpring2025,1,B,0,5,U F R U2 R' U' R U' R' F U2,5, F2 U2 F' U F'
LibertyScienceCenterOpenB2025,1,A,0,1,U' R' U' R2 U' R2 U' R U R U',5, R2 U2 R' U R'
Oulu2025,f,A,0,1,R' U2 F' U2 F' U2 F R U' R' U',5, U2 F' R' U2 F2
TwistinginTitirangi2025,1,A,1,2,U' R F' R' U2 R' F' U' R U' R',5, R' F' U R2 U
ChicagolandNewcomers2025,1,D,0,1,U R' F' U' R F R U R' U' F,5, F' U R2 F' U2
NewcomersCapeCubeFest2025,f,B,0,3,R' U2 F U' R U2 R2 U2 F' U2 R',5, U F U2 F2 R2
RzeszowOpen2025,1,A,0,2,U R' U' F' U' R U2 R' F R2 U,5, R F U R2 F2
LuoyangSpring2025,d,D,0,1,R U2 R2 U2 R2 U2 R' U R' F2 R,5, R' F2 R U' R2
LuoyangSpring2025,d,B,0,5,U R U' R' U' R U2 R' F' U' R',5, F' R U2 F U'
RASurabayaShowdown2025,1,A,0,2,R' U' R' U' R U R U' R2 F R2,5, U2 R2 F R' U'
Sqauckland2025,2,B,1,1,R F R U' R U2 R2 F U2 R2 U',5, U' R' U' F U
Sqauckland2025,1,A,0,1,R' U' R2 F' U' R2 F R U R F',5, R F2 R' F2 R
WolverineWeekdays1Orem2025,f,A,0,2,R' F' U2 F R U' R' U2 R U' F,5, F' U F R F'
LaEstacionCali2025,f,A,0,3,U R U' F' R' U' R' U' R2 U2 R',5, R U' R2 F R2
CubbOpenRoma2025,f,B,1,2,R' F U' R' U' F' U' F U2 R U',5, U' F R' F2 R
PUCPCubingFestivalIV2025,1,I,0,4,R' F U' F U2 F U' F R U' R,5, R2 F2 R' F' R2
Cube4funLublinSunday2025,1,B,0,5,R' U' F R U R F' U' R2 F' R,5, U F' U' F R2
D21DelhiCubeOpenA2025,f,A,0,2,U' R U' R2 U' R U' R' U2 F' R,5, F' U F U2 F2
BrilliantBallarat2025,1,A,0,2,U' R' U2 F' U2 R2 U' R' U' R' U2,5, U2 R' F' R' U2
SandnesWinter2025,2,B,1,2,U2 R U' R' U' R' F' R2 U' R' U2,5, U R' F' R U2
CubingReturnsNagpur2025,1,B,0,4,R U2 F' R' U' R' U' R U R' F',5, R' U' F2 U2 R2
MBAFebruary2025,1,C,0,3,R' F U' R2 F' U' R2 F R U R2,5, F R' F2 R F'
Svalbard2025,f,A,1,2,U' R U' F' U' R U' R' U' R' F,5, F' U R2 F' R2
AnapoimaII2025,f,A,0,5,R' U' R U2 R2 F U' R U R U',5, R U' F U F'
MelbourneSummer2025,2,A,0,5,R' U' R U R U' R2 F' U2 R2 F',5, R' U' R' F2 U'
DCOpenFebHyderabadSaturday2025,1,B,0,2,R U' R' U F' U R U' R' U2 R,5, R' U2 F U' F
AnkaraCubeWeekend2025,2,B,0,4,R F' U' R' U' R' U' F' U' F2 R2,5, F2 U2 R2 F' U2
BoliviaCubingTourTarija2025,1,B,0,1,R' U2 F U' F' U' F U2 F U' R2,5, R U' F U' F2
PaiOpenVCP2025,f,A,1,1,U R U R' U2 F' U' R U R' F',5, F2 U R' F' R
PerthPuzzleParty2025,1,E,0,2,R F' U' F' U' R' U' R' F U' F,5, F' U R2 U F2
DFWCubingWinter2025,1,D,0,4,R' U F R U' R U2 F U' F R2,5, R' U F' R2 F2
PlazaMaderoChiaIII2025,d,B,0,3,U2 R' F' U' R2 F' U' F' U' R' U',5, F' U' R' F U
AachenOpen2025,2,A,0,4,R U' F R U R' U' F R' U' F,5, U2 F' U' R F2
RutaCuberaOrihuelaOpen2025,1,A,1,2,U' R U' R2 U2 R U' F' R' U2 R',5, F R' F' U' F2
HappySuseong2025,1,G,0,3,U2 R U' F' U2 R' U' R' U2 R F,5, F' R F' R2 U
ANewYearinAuckland2025,2,B,0,2,R' U' F' R U' R U' R' U' R' F',5, U2 R2 U' R F
ChanteloupOpen2025,1,C,1,2,R' U' F' R2 U' R' F' U' R U' R',5, F' R' U2 F U'
OttawaMiniWinterB2025,f,A,0,1,U R F' R' F U' R U' R' U' F,5, F2 R F U2 R'
WinterWarmupCO2025,f,B,0,5,U2 R' F' U' F R2 U' R2 U2 R2 U2,5, F R' F' R' U
MiraLabsinBacolod2025,1,B,0,5,R U2 R' U2 R' U2 F2 R U2 R F',5, F' R F2 U2 R2
KiscoCubing2025,1,B,0,3,U2 R U' F' U' R' U' R' U' F U,5, R F R F U2
HannukubingIsrael2024,2,D,0,5,U R U2 R' U' R' F R U R U',5, U R' F2 U' F'
Chaeaeswuerfel2024,f,A,0,5,U F U' R2 U' R' U' R' U2 R U2,5, U' R U2 F' U'
LigaSLPJornadaNegro2024,f,A,0,2,U2 R U' R2 F' R2 U2 R' U R U',5, U2 R2 F R U'
ParthenopeWinterOpen2024,1,C,0,5,R' U' F' U' R' U' F R U' R' F,5, F' R U2 F R2
PenangCubeMasters2024,1,E,0,1,R U' F' R2 U' R U' R' F U' R2,5, F' R2 U2 R F
OC2024,f,A,1,2,U R' U2 R U F U' F U2 R2 U',5, U2 R' U' F R
BangaloreCubeOpen2024,d,K,1,1,R' F R' U' R U R' U F R U',5, R U2 F2 U F'
BangaloreCubeOpen2024,d,H,1,2,U R' F R2 U2 R2 F' U2 R2 U' R',5, R U' F2 R U'
TheLastGameEC2024,1,A,0,3,R U' R2 F U2 R U2 R U' F' U2,5, U F' U F2 U2
OlsztynOpen2024,1,A,1,2,R' F R U F R2 F' R' U' R' F,5, F' R F' U2 R
DenverDash2024,f,A,0,5,U' R' U' F' R U' F U2 R U R',5, R U F R' F2
CubingintheBayPortElizabeth2024,f,A,0,2,R' F R2 F R U2 F R U' R' U',5, U' F' R F' R
CubeaToninArlington2024,f,A,0,5,U R' F U' R2 U2 F' U' R2 U2 R2,5, R F2 R U' F'
MombasaOpen2024,f,A,0,1,U' R' F' U' F R U R' F' U2 F,5, U F' U2 F R
IMIBhubaneswarCubeOpen2024,f,B,0,5,U2 R' F' U' R F R U R' U' R,5, R' U R2 F' U
SenderoTijuana2024,1,B,1,1,U R U' R' U' R F' R2 U' R U,5, U2 F' U' R U'
MelbourneCubeDays2024,1,F,0,4,R' F' R' F R U' R' U2 R U R',5, F' U2 R U F
MinnesotaChampionship2024,1,B,0,3,R U2 F U2 R U R U' R' U' R,5, F R2 U2 R U
BeverenSundayOpen2024,1,B,0,5,U' R U' R2 F' U2 F U2 R U' R,5, U2 F R2 F' R2
PeruNationals2024,f,A,0,1,R' F U2 R U R' U' R2 F' R2 U,5, U2 R F' U R'
StMeloirBreizhOpen2024,1,A,0,2,R U R U R' U' F U' F R U,5, F R' F R2 U2
IndianaChampionship2024,1,C,0,3,R' F U R U R U' F' U' R' U2,5, U F U' F' R2
UnorthodoxBlocksCO22024,c,C,0,3,U' R U2 R2 U' F' R U R' U' R,5, R F' U' R F
LexMiniIV2024,1,A,1,1,R U' R2 U' F U' F' R2 U' R' U',5, R2 U2 F' U R'
CubingonHudsonPM2024,f,B,1,2,U2 R' F' R U2 R' U2 F' U2 F U',5, R' U2 F' R2 F'
CubeCentralYucatan2024,1,B,0,5,U R U2 F U2 R U2 R U' R' U',5, R' U2 R F' R'
ColombianNationals2024,2,C,1,2,U' R U' R' U' R' U2 R U2 R F',5, F U R U R'
ArkansolveFall2024,1,B,0,5,U R' U R U R U2 R' U' R U',5, U R2 U' R' U'
IISERPuneAutumnOpen2024,1,B,0,2,U2 R' U2 F U' R F U2 R U' R',5, R' U2 F R2 F2
SarrigurenOpen2024,2,A,1,1,U2 R U' R' U' R' U2 F R2 U R',5, R2 U' F' U' R
Uppsalaligan3Triangle2024,f,A,0,2,R' U' F U' R2 F' U2 R' U R' U,5, U' F' U R' F'
OsoCubingFestILima2024,2,C,0,3,U' R U' F' U' R' U2 R' F U2 R',5, R2 F2 U F R'
ViennaAutumn2024,d,B,0,2,R U' F' U' R' U' R' F R2 U R,5, R' F2 R F' R'
FortalezadaHora2024,1,A,1,1,U' R U' R2 F U' F2 R U' R' U2,5, F R2 U2 R' F2
QYMongolianChampionship2024,1,D,0,4,R' F' U2 F U2 F U2 F U R' U',5, F2 U F' U2 F2
GuilinOpen2024,d,C,0,4,U' R' F' R2 U' F' R' F U2 R U,5, U' F2 U F2 R'
iCubeGandhinagarOpen2024,2,A,1,2,R' F' U F R U' R U' R' U' R',5, U' R2 F R2 F'
CangrejitoAzulVeracruz2024,1,B,1,2,U' R U' F R2 U' R2 U2 R U' R,5, F R2 F2 R' F2
RegionalesSantander2024,1,C,0,1,R' U' F R U R U2 R' U' R' U',5, R2 U F' U R
SalonicaOpen2024,c,B,1,2,R U' R' U' R F' U' R' U' R' U',5, U' F' R' U2 R2
TarazonadelaManchaOpen2024,1,B,0,3,R U2 R2 U2 R2 U2 R2 F U' R2 U',5, U R2 U F' R'
InniHorieFees2024,1,C,0,3,R U2 R2 F U R U R U2 R' U',5, R' U R2 F R
GANMongolianOpen2024,1,C,1,1,R U' R' U' R' U2 R U R' U' R,5, R' U R2 U R
RubiksGermanNationals2024,f,A,1,2,F' U' R2 U' R' U' R' U2 R U' R',5, R U2 R U2 F
RubiksWCAAfricanChampionship2024,f,A,0,4,R F' R2 U' R U R' F U F R,5, F2 R' F U' R
SkewbMastersBogota2024,d,C,1,2,U2 R U2 R' U' R' U F R2 U2 R',5, R' F U' R U'
SkewbMastersBogota2024,d,C,0,3,R' U' F R U F R U' R' F R,5, R' F' R F' U'
SandnesOpen2024,1,A,0,4,U2 R' F' R2 U' R' U2 R' U F' R,5, R F2 R F R'
BanskaBystricaOpen2024,1,A,0,4,R' U R U2 R U' R' U' R' U' R2,5, R2 U' R' U R2
WiltshireSeptember2024,f,A,1,1,R' F U2 R2 U' R2 F U2 R U2 R,5, U2 F' U R F
MayoCubing2024,2,A,0,2,R U' R' F' R U2 R' F R F U',5, U F' U R' F2
VarzeaGrandeaoCubo2024,1,B,0,4,F' U' R U R F' U2 R' U' R U',5, U' R' F' R F2
SzansaCubingOpenWarsaw2024,1,B,1,1,R2 F U' R U R' F R' U' R U',5, U2 F' R F2 R2
ChalmersOpen2024,1,B,1,2,U R' U2 R2 U' R2 F R2 U' R2 U2,5, R' F2 U F2 U'
PribramCube2024,f,A,0,2,U' R' F U' R U R2 F U F R,5, R F2 U R' U
SolvedCentralAlberta2024,f,D,0,2,R U2 R2 F U2 R2 U2 F' R2 F U2,5, U2 F R2 F2 R'
AmbatoOpen2024,f,A,0,2,U' R U' R' U' R U2 R' F' U' R',5, F' R U2 F U
SomersetSeptember2024,f,B,0,4,U' R' U2 R2 U' R2 U R' F' R U2,5, U R F' R2 F2
KarawangOpen2024,1,A,0,1,U' R' F U' F' R2 U' R' U R' U2,5, U' R U2 F U2
RomanianBreakingRecords2024,1,D,0,2,U R' U F' U' F R U' R U' F',5, F U F' U' F
KarkiOpen2024,e,B,1,1,U R' U R U R' U2 R F R U,5, R U' R2 F' U'
BellinzonaBacktoSchool2024,1,B,1,1,U F2 R2 U' R' U' R' U' R U R',5, R2 U R' F2 U'
TelanganaCubeChampionship2024,f,A,1,1,U' R U' F' U' F R U R U' R2,5, F' U2 F R2 U2
TelanganaCubeChampionship2024,1,E,0,4,U2 R' U2 F U' R2 F' U2 R' U2 R,5, F' R F U' F2
VegasCubingCupSummer2024,1,D,0,4,U' R' F' U F' U' R2 U' R' U' R,5, R2 U F' R F'
IstanbulSmallA2024,1,A,0,4,R' F' U2 R U R U2 R2 F U2 R',5, R2 F' R F2 R
KoreanChampionship2024,1,D,1,1,U2 R' U' R2 U' R2 U' F2 U' R2 U',5, F2 U' F2 R U2
SingaporeSprint2024,2,B,0,5,R2 F U2 R U R' U' F R U' R',5, F2 U' F U' R2
NiagaraFallsSummer2024,f,A,0,3,F U2 R2 U2 R' U R U2 R' U' R',5, U' R2 U' R2 F'
OttawaSummer2024,f,D,0,3,R' F' U2 F U R U2 R' U2 R U',5, U2 R F' U' F
SuratCubingSprint2024,1,B,0,1,U' R' U2 R2 U' R2 F' R2 U' R2 U2,5, R' F2 U' F2 U
AutotaloAnimeAdventure82024,1,B,0,4,R U2 R2 U2 R2 U2 R2 F R2 U2 R',5, R U2 R2 F' R'
BanjaLukaOpen2024,2,B,1,1,U' R' U2 F' U2 R2 U' R' U' R' U2,5, U2 R' F' R' U2
TimisoaraCubing2024,f,A,0,1,U' R' U' F' U' R U' F' U' R2 U',5, U R U R' F2
MahaviraCubeOpenSaturday2024,1,A,0,3,R' U' R2 U' F' U' F U2 R U' R,5, U R' F' U' F
VigevanoSquared2024,1,C,0,1,F' R U' R U2 R2 U2 R2 F' R' U,5, U' F R U2 F2
AustralianNationals2024,1,G,0,4,U' R U2 R2 F R2 F' U2 R' U2 R,5, R2 F' U' F R
FrenstatskyCubeTogether2024,f,A,0,2,F R U R U2 R' U' R' U' F U,5, U' F' R2 U F'
FrenstatskyCubeTogether2024,2,A,1,1,U2 R U2 R' U' F U R U R' U',5, F2 R' F2 R U'
PIBItaimOpen2024,f,A,1,2,U' R U' R2 F' U' F U' R2 U2 R',5, R2 F' U F U'
VenzoneRoadtoEuro2024,f,A,0,4,U' R U' R2 F' U F R U R F',5, F2 R F' R U
SideEventsBangaloreJuly2024,c,C,1,2,R' F R2 F' U' R' U R' U' R2 U2,5, U' F R F' R2
GdanskaLigaSpeedcubinguIV2024,f,A,0,4,R' U2 R U' R' U' R U2 R' F U,5, U' F' U R U
PUCPCubingFestivalI2024,1,E,0,5,U2 R' U2 R2 U2 R2 U2 F U2 R U,5, F' R' U2 F' U
BayAreaSpeedcubin632024,2,C,0,2,U R' F R U R F' U' R' F R,5, R' F2 U' R2 U'
RockyMountainChampionship2024,1,E,1,1,U' R' U2 R U R U' R2 U2 F U,5, U' F' R2 U R'
JohorCubeOpen2024,2,C,1,1,U R2 U F U' R U2 R' F' U' R2,5, U' R F2 R' F
SilistraOpen2024,d,C,1,2,R' U' F' U' R2 U' R2 U2 F' R2 U',5, U' R2 U R F2
AgouraCubingReturns2024,1,C,0,5,R' U2 R U R' U' F U R U2 R',5, F2 U' F2 U' R
ParthenopeSummerOpen2024,1,B,0,2,U' R' U' F R U R' U F R U',5, U2 F R' U2 F'
BlenkirWankaCube2024,f,A,1,2,U' R' U' F R' F U2 R U R' F',5, U' R F' U2 F'
AlbaceteAgoraOpen2024,1,B,1,1,U R U' R' U' R F U2 F' U2 R,5, R2 F2 U F U
HuskyPrideSeattle2024,1,D,0,3,R U' F' U2 R' U' R' U F2 R U',5, U' F U2 R' F2
Rubiks50AnosBogota2024,1,C,1,1,R U2 R' U' R' U' R2 U' R2 F U2,5, R2 U2 F R' U
CUCEIOpen2024,1,D,0,1,U' R U' R' U2 R F' U' R2 F' R,5, F R U' F U
HeartlandChampionship2024,1,B,0,5,U2 R' U2 F' R2 F' U2 R2 U' F U2,5, U' R F U' F
Singapore50andCounting2024,d,E,0,4,U' R' U2 R U F R' U' F R U2,5, U' R2 U' F2 U
Singapore50andCounting2024,d,A,0,5,R' U2 R U R U2 R2 F U2 R U2,5, U2 F' R F R
SicilySummerArancinoOpen2024,f,A,0,3,U2 F' U' R U R U2 R' U' R' F',5, F U F' U2 R2
PretzelManiaDenver2024,2,A,0,3,U2 R U2 R2 U2 F U2 R U R' F',5, U' R2 U' F' U
Clockeborg2024,2,B,1,1,U R' U' F U' R U R U2 R2 F,5, U2 R2 U' F' R
SingaporeMini2024,f,A,0,2,R' F U2 R U2 R' F' U' F R U2,5, U R' F' U2 R
HEMMariCubikOpen2024,1,C,1,1,U2 R U2 R2 U2 R2 U2 R2 U' R U',5, U R' U R' U2
SkewbWinsPanama2024,1,C,1,2,U' F U' F U2 R U2 R' U' R U',5, F2 R' U2 R U
ChicagoAreaTwistSpringB2024,1,A,1,2,U2 R' F2 R U' R U' R' U' R U2,5, R' F2 U F U
CampeonatoCerrado2024,2,A,1,1,R' F U F' R U2 R U' R' U R,5, U2 F2 R' U F2
MriyDiyCubingLviv2024,1,D,0,1,R U2 R2 U2 R2 U' R2 F U2 R2 U',5, U' F R2 U R
GulfofFinland2024,f,A,0,3,R U' F' U2 R2 U2 R2 U2 R2 U2 F,5, F' U2 F U R'
AlabamaChampionship2024,f,A,0,1,U' R U2 F' R2 F R U R U R,5, F' U' F2 R2 U
MRUlaanbaatar2024,1,G,0,3,R U' F' R' U' R U' R' U' F' U',5, R2 F' U' F2 R'
PerthAutumn2024,2,A,0,4,R' F R U R' U' F U2 R' U2 R2,5, R2 F' R2 F' U2
TemeculaValleySpring2024,1,A,0,4,R' U' F' U' F' U2 R2 U' R' U' R,5, F' R' F U F
CavarzerealCubo2024,2,C,1,2,U' R' U F R2 U2 R2 U2 R2 U' R',5, R2 F R' U' F'
SouthernUtahSummer2024,2,A,0,2,U2 R U' R2 U F U' F' R U' R,5, R2 U' F R2 U'
SASprintShowdown2024,1,C,0,3,R U2 F R U' R' U2 F' U' R U',5, U R' U R' F
CapitalCubingCanberraSat2024,1,A,0,5,U2 R' U' R2 F' R' U R U' F' R2,5, R2 F U' F U'
GeorgiaAprilOpen2024,2,B,0,2,U R' F' U' R U R U R U' R',5, U' R' F R U'
Romanian24hChampionship2024,f,A,0,3,U' R U' R' U' R' U' F R U R',5, R2 F U' F' U2
LosReyesdelCuboChiclayo2024,f,A,0,4,U' R' U' R U2 R2 F R U' R' U2,5, U R U F' R2
LosReyesdelCuboChiclayo2024,1,F,0,2,U' R' U' F' U' R2 U' F' R' U' R',5, F R F' R' F2
SolarASantaCruz2024,f,B,1,1,R U2 R2 U2 F R2 U2 R2 U' F' R,5, R' F U F R'
PedroMoncayoOpen2024,f,A,0,1,U R U' R' U' R' U2 R U' R U',5, U2 R U R2 U2
IkastCubingKaos2024,f,C,0,5,U2 R U R F' U' R2 F R U R,5, F2 R F' U2 R'
IsraelOpen2024,1,A,1,2,R U R F' U' R' U2 R F' U' R',5, U' F' R2 F U'
IsraelOpen2024,1,A,1,1,U R' F R U R F U' F U R,5, R' U' F2 R' U2
VITCubeOpen2024,f,A,0,2,U' R' U' R U F R U R U2 R',5, F2 U' F U F
CubestuffChallengeQ22024,2,B,0,2,F U2 R U R U' R' U' R' U2 R,5, R' U R U' F'
SanMigueldeIbarraOpen2024,f,B,0,2,R' U2 F R U R U2 F U2 R U,5, U2 F' U F2 R2
SanMigueldeIbarraOpen2024,1,E,1,1,F R U2 R U' R' U' R' F R U',5, F2 U F U' R'
KunshanOpen2024,d,E,0,4,U2 R U2 R2 F R U' R' U' R U,5, F' R2 U' R' U
IVRecifeOpen2024,1,A,0,3,R' F R U' R' U R U2 F U2 R,5, F U F2 U R2
TbilisiAprilOpen2024,1,A,0,3,R U' R' U' R' F' U2 F U2 R U',5, R F R F' R
SolarEclipseinSycamore2024,1,B,1,1,U' R U' R2 U2 F' U2 R2 F' R' U,5, U' F' U' F2 U2
CubingKidsFestivalLaPaz2024,1,B,0,4,U R' U R2 F U' F R U' R' U2,5, F2 R2 U' F' R
NewtoSherwoodPark2024,2,D,0,1,U R U2 R' U' R' U2 F2 U' R2 U',5, F2 U' F2 U' R'
MaxixcatzinTlaxcala2024,2,A,0,2,U' R' F R2 U2 R2 U2 F U2 R2 U2,5, F R2 F' R U
WiltshireMarch2024,1,C,0,3,U R' U2 R U R U' R' U' F' R',5, F U' R F U2
QueenCityCubingRegina2024,1,B,0,5,U' R' U' R2 U' F' U2 R' U' R' U',5, R U' F' U R'
AvenidaChileIX2024,d,A,0,1,R U R U' R' U R' F' U' F U',5, F' U2 F R U2
UlaanbaatarSpring2024,1,F,0,2,U R2 F R U2 R' U' R2 F' R2 U',5, F' R2 F R F2
UlaanbaatarSpring2024,1,D,0,2,R U' R2 F' U' F U R2 U2 R' U',5, U F' U F U2
PonikvaOpen2024,1,C,0,4,R U2 R' U' R' U' R2 U' R2 U2 F,5, F' R2 U2 R' U
ITeresinaBrightCube2024,d,B,1,1,U' F R2 U' R' U' R' F' R2 U' R2,5, R U' R' F2 U
FranconiaFirstTimers2024,1,C,0,4,F U2 F R U' R' U' R2 U' F' R',5, F R' F2 U2 F
TallinnSpring2024,f,A,0,5,R U' R' U' R U2 R' F' U' R' U,5, U' F' R U2 F
WelcomeSpringinAnkara2024,2,A,0,5,U R' F' U' R F R U R' U' F,5, F' U R2 F' U2
ManduriaBacktoApulia2024,1,B,0,2,U R' U' R2 U2 R2 F U2 R U' R,5, F R2 U R2 U'
KarawangSpeedcubing2024,f,A,0,2,U R' F' R2 U' F' R2 U2 F R U,5, F R' F U' R2
TashkentOpen2024,1,C,0,4,U' R U' F' U R' U' R2 U' F' R',5, F2 U' R U2 R2
SAMCenterOpen2024,2,B,1,2,U2 R' U2 F' R2 U' R' U' R' F U,5, U' F2 U' R' U
SAMCenterOpen2024,2,B,0,4,U' R' U' R U R F' R2 F U R2,5, R' U F2 U2 R'
JawaTimurOpen2024,f,A,0,4,R' F R2 U2 R2 U2 R2 U2 R' U2 R,5, R' U2 R F' R
HampshireWinter2024,2,A,0,1,U R F U2 R2 U2 R2 U' F U2 R,5, F2 U F U' F
BigCubesinStafsinge2024,2,A,1,1,R' F R U2 R' U' R' F2 U' R U',5, R' F' R2 U2 F'
BigCubesinStafsinge2024,1,B,1,2,R F' U R F' R' U' R' U' R U,5, R2 F R' F R2
CatalinaCubeMixer2024,1,B,0,1,U R' U2 R U R' F' U2 F R U2,5, U2 F R' F' U'
ViennaFasching2024,2,B,1,1,R' U2 R2 F' U2 R2 U2 F U2 R U2,5, F2 U2 R U2 R'
DSFGeneralforsamlingen2024,1,C,0,1,U' R' U' R2 F' R' U R U' F' R2,5, R2 F U' F U2
TNSpeedsolvingWinter2024,1,C,1,1,F U2 R2 U2 R' U R U' R' U' R',5, U' R U' R2 F'
CubinginMountKisco2024,1,A,1,1,R U2 R2 U2 R2 U2 R2 U' F R2 U',5, U R2 F' U R'
TamilNaduCubeOpen2024,1,E,0,3,U' R2 U2 F U2 R2 U2 F' R2 U' R,5, R' U R2 F2 U'
DuPageWinter2024,f,A,0,1,R' F2 U2 R U R F' U' R' U2 R,5, F U' R' F2 R
NxNinHanoi2024,d,B,1,1,U2 R' F U' R U R U' F R' U2,5, R' U2 F2 R F'
PocosCuposBogotaVI2024,2,B,0,2,R F' U' R2 F' U' F U' R2 U' R2,5, R2 U' R2 U2 F
LovechWinter2024,1,A,0,4,U' R' U' F' R U' F U2 R U R',5, R U F R' F2
AvenidaChileVII2024,d,D,0,3,U2 R2 U2 R' U' R' F R U R F',5, F2 U R2 U2 F
DeNxNver2024,d,B,0,5,R' U' R U' R' U' F' U' R2 F' R',5, R U' F2 U' F'
NorthStarCubingChallenge2024,1,B,0,2,R' F' R U2 R' U2 R2 F' U2 R2 U',5, F R' F2 R' U'
AdelaideSummer2024,1,D,0,3,U R U' R2 F U' F2 R U' R U',5, U' F' R F2 U2
AdelaideSummer2024,1,A,1,2,R U' R' U' R U2 R2 U' F' R U,5, R F U F' U'
KeSoloLur2024,c,D,1,1,U R' F' R U2 R U' R' U' R' F',5, F2 R2 U R' U2
Solve4JusticeSouthfield2024,1,B,0,5,R U' R2 F' R2 U2 R2 U2 R2 U2 R',5, R F R2 U R'
SuratCubeCarnival2024,2,A,0,4,U R' U' R2 U' F' R2 U' F R U2,5, R F2 U F2 U2
LeersumAlgs2024,2,B,0,2,U R U' R' U' R U2 R2 U' R2 U',5, U R' U R U2
BucharestWinterCubingA2023,1,B,0,2,U R' F R U2 R' U' R U' R' U2,5, R U2 R' F2 R
SydneySummer2023,1,G,1,2,R' U2 F U2 F R2 U2 R2 U2 R2 U2,5, F' U2 F' U2 R
SydneySummer2023,1,F,1,1,R' U' F U2 R U2 F R U' R' U2,5, U R' U2 R F'
NacionalesGuatemala2023,2,B,1,2,R' U' F' U' R U' R2 U2 F U2 R2,5, U2 F2 U R F'
NacionalesGuatemala2023,2,A,1,2,U R F' U2 R' U' R F' R2 U' R2,5, F2 R' U' R' U'
GreekNationals2023,1,B,0,2,U2 R' U R U R' U' R2 U' R' U',5, R' U R' U2 R2
MonterreyBogotaIV2023,d,C,1,2,R' U R U R' U' R U' R' U' R,5, R2 U2 R U2 R2
DecimoAniversarioGuatemala2023,1,D,0,5,R' F' U2 F R U' R' U2 R U R,5, R' U' F R F'
DecimoAniversarioGuatemala2023,1,B,0,1,U' R' U' R U R' U R U R F',5, F U2 R' U2 R'
BodocoOpen2023,1,B,1,1,U' R U2 R2 U' R U R U' F R2,5, R2 F' R U' R'
RockyTop2023,2,A,0,2,R U' F' R' U R' F R U R U,5, U' F2 R2 F' R'
ReykjavikWindyOpen2023,1,B,0,1,R' U' F U' R U R2 U2 R2 F' R,5, F2 R2 F R2 F
EfterarscubingiHvidovre2023,1,C,1,1,F R2 U2 R' U R U' R' U' R' U',5, R U' R2 U2 F'
UzbekistanNationals2023,1,A,0,4,R' U2 F' U2 R2 U2 R2 F U2 R2 U2,5, F U2 F U2 R
AvesMariav92023,d,B,0,4,R U' R' U R F' R U' R' U R,5, R' F R' F R'
AvesMariav92023,d,A,0,5,U R' U' R U R' F' R2 U' F' R2,5, U' F' U' R2 U2
ASSISTCubinginSuceava2023,f,A,0,1,U' R' F2 R U R U' R' U' R2 U',5, U R2 F2 U F
HungarianOpen2023,2,A,0,2,U R U2 R' U' R' F U' F' R2 U',5, U F U R F'
ThailandChampionship2023,1,A,0,2,R' F U2 F U' F' U' F' R U2 R',5, R F R' F' U'
HongKongChampionship2023,1,D,1,2,U2 R' U2 F U' R F U2 R U' R,5, R U2 F R2 F2
PuneUnscrambled2023,1,A,0,1,R' U2 R2 U2 R' U R U2 R2 F U2,5, R F' R F R'
ButlerBlitz2023,f,A,1,1,R U' R U' R' U' R' U' R U2 R',5, R U' R U2 R'
SalonicaAutumnOpen2023,f,B,1,2,R' U' F' U' F' U2 F U2 R U' R,5, R' U' F U F'
NacionalesUruguayas2023,2,B,1,1,R' U' R2 U2 R' U2 R' U' R U R',5, U' R2 U' R U'
GurugramCubeOpen2023,1,E,0,4,R U' R U' R' U2 R' F2 R U2 R,5, U R' U R' F2
SSLVIIHerrljunga2023,f,A,1,1,U' R' U2 R2 F' R2 U' R U' R' U',5, U R F' U2 R'
PlazaCenterCubeLimaII2023,2,A,1,1,U' R' U' F U' R U R' F' U' R2,5, R2 U2 F' R U2
BillingsSpeedcubing2023,1,A,0,1,R' U2 F U2 R2 U2 F' R2 F R2 U2,5, R2 F' U2 F2 R
CuberSpringOpenPlazaHuancayo2023,d,E,0,2,R U2 R2 U' R2 U' R2 U' R2 U' R',5, R' U' R2 U R'
NxNTormesOpen2023,1,D,0,3,U2 R U2 F R U' R' U' R U R',5, R F' U' R' U
GLSV2023,d,C,1,2,R U' F R U R F' U' R' U R,5, F R' U' F' R'
BucaramangaCST2023,f,A,0,2,U' R' U' R2 U' F' U2 R' U' R' U',5, R U' F' U R'
StevenageSeptember2023,d,C,0,4,R' F U' R2 F' R2 U' R U' R F',5, F U F U R'
StevenageSeptember2023,d,B,0,1,R U2 R' F R U' R F' U' R' U',5, U' F2 U' R2 U2
GeorgiaSeptemberOpen2023,1,A,0,3,R U2 R' U' R' U' R U R' U' F',5, R' F R' U2 F'
ADAFall2023,f,A,0,5,R F' R2 F U' F U2 F U' F R2,5, F' R F2 U R'
RheinlandPfalzOpen2023,1,C,0,3,U2 R' U2 F' R U' R U2 F U2 R2,5, U2 R' F U2 F2
ComodoroCubea2023,1,C,0,3,R U2 R2 F U2 R2 U2 F' R2 U' F,5, F R2 F2 U' R'
ChosicaCubingCup2023,1,D,0,3,U R U' F' R' U' R' F R U F,5, F' R F R' U'
FortWayneFavorites2023,1,C,0,2,F U2 R U2 R' U2 R2 U2 R' U2 R,5, U2 R U2 R F'
BucharestFunkyCubes2023,1,A,0,3,R F R2 U' R' U' R' U' R U R',5, R2 U R' F' R'
BerkeleySummer2023,1,D,0,5,R U' R' U' R F' U2 R2 F U2 R,5, F2 U' F U2 R2
BerkeleySummer2023,1,C,0,2,R U' F' R U' R' U' R' U' R U',5, U F R U F
LetsCubeLaguna2023,1,D,0,4,U' R' F' U2 R2 F' R' U R U2 R2,5, U' R2 F' R' F2
BegastriOpen2023,1,B,1,2,R' U' R U2 R' U R U R' F R,5, R' F' U2 R U'
MelbourneforKidsSaturday2023,1,D,0,5,R' U2 F' R2 U' R' U' R' F R U,5, F' U' F2 R' U2
RegionalesSantander2023,1,B,1,1,U R' U2 F' R2 U' R' U' R' U2 F',5, R' F' U' F2 U'
RudnyOpen2023,f,A,0,4,R U2 F U' R F U' F U R U',5, U F R' U F2
SilesianCubingPawlowice2023,2,A,1,2,U R' F U' F' U' R2 U2 R2 F U2,5, R F U2 R F2
NacionalesElSalvador2023,1,C,1,2,U2 F' R' U' R U' R' U' R' F R2,5, U F2 R2 F' U
PeruNationals2023,f,A,0,5,R' F R2 U' R F' R' U' R' F R2,5, F2 U F2 U R'
Autotalo2023,1,B,0,4,R2 U' F' R' U R' F R U R' U2,5, U2 F2 R2 F R2
BotosaniCubing2023,1,D,0,3,U R' U2 F R2 U' R2 F U2 R F,5, F U' F2 R2 U'
BergenOpen2023,1,C,1,2,R U' R2 U2 R2 U2 R2 F U2 F' R,5, R2 F' U' F2 U
PragueNxNxN2023,1,B,0,4,F R U' R U2 R2 F U2 R U' R',5, F R U F2 R
IsraelChampionship2023,2,G,0,5,U' F' R' U' R' U2 F U2 R U2 R',5, F' U' F R2 F
ArizonaSpeedcubingSummer2023,1,C,0,1,R' F U' F R2 U2 R2 F' R2 U2 R',5, R' F2 U F' R
GuazapaOpen2023,1,A,1,2,R U2 R' U' R' U' R U' R' U2 R,5, U R U R' U
QueenslandOpen2023,2,B,1,1,U' R' F' R2 U2 F' U2 R2 F R U,5, F R' U' R F'
ViennaBigCubeSummer2023,2,B,0,4,U' F' R U R U' R2 U2 R U' R',5, U' R U' F U
VictorianOpen2023,1,G,1,2,R' U2 R2 F' R2 U2 F U R U' R2,5, R' F2 U R' F
SiouxFallsSummer2023,1,A,0,2,U' R' F' U' R U' R' U' F' R U',5, R' U' R' U2 F2
BucharestCubingB2023,1,B,0,2,R' U2 R2 U' R2 U' F R U2 R' U',5, F' R F' R2 F2
CubingSummerHonduras2023,1,A,0,2,U2 R U' F' U' R' U R' F' U' R,5, R2 U' F' R' U
BalaguerMedieval2023,1,C,0,2,U R U' R2 U2 R U' R' U' F U2,5, U2 F' R U' R
BudapestSummer2023,2,A,1,1,U R' F' U2 F U2 F R' U' R2 U',5, F U' R' U F2
SwedishChampionship2023,2,A,0,1,U R' U' F' U' R2 F U2 R U2 R,5, U2 F U' R F
DutchOpen2023,1,B,0,4,U' R' U' F' R U' F R U R' U,5, F2 R F2 R' F
ZmigrodOpen2023,1,D,0,1,R U' F' R2 F R2 U2 R2 U2 R2 U',5, R U F2 U' R2
CubingintheLionsDen2023,1,C,1,1,R F' U2 R2 U2 F R2 U2 R' U' R',5, R U R' F2 R'
CubingintheLionsDen2023,1,A,0,5,F' R' U2 R' U' R2 F' R' U R U',5, U' F U' R F
SingaporeAMKCCCubingA2023,d,E,0,4,R U' R' F' U' R' U' R' F U R,5, F U F U' F
AutotaloAllEvents22023,f,A,1,2,R' U2 F R2 U2 F R U R' F2 R2,5, F2 R F' U R'
CKCubingParty2023,2,A,0,4,R' F U R U2 R' U' F' R2 U' R',5, U F R F2 R2
Cube4funinBelchatow2023,1,A,0,5,R U' R2 U F U' F2 U2 R2 U' R',5, F' R2 F R' F2
ItsaLongWaytoTipperary2023,e,A,0,1,U2 R' U2 R U R' F' U2 F R U',5, U F R' F' U2
ItsaLongWaytoTipperary2023,d,B,0,4,U' R' F U' F R2 U2 R2 U2 R2 U2,5, F' U F' R U
CapelleCubing2023,f,D,0,1,U' R U2 R2 F U2 R2 U2 R' U2 R',5, R2 U F U R2
LarissaSpringOpen2023,f,C,0,4,R' F' R U2 R' F R U R' U' F,5, F' U F2 R U'
MiddleboroCubikon2023,1,A,0,3,R U2 R' U2 R' F U' R2 U2 F' U',5, R2 U2 F' U' F'
CubingKeralaMalabarOpen2023,1,F,1,2,R U' R' U R U2 R' U' R' U' R,5, R U R2 U R'
LodiTimeTrial2023,1,C,0,3,R U' R' U2 R F R U' R' F' U2,5, U R' F U' F
ItajaiaoCubo2023,1,A,0,1,U' R' F' U' F R F' U' R U' R',5, F U F2 R2 F'
SimpsonScramble2023,2,B,0,5,U R' F' U R U R U' R' U' R',5, U' R F R U'
MountainsOpenUp2023,1,B,1,1,R' U2 R2 U2 R2 F R U' R' F' U',5, R' U' F2 U F2
WashtenawSpringB2023,1,C,0,2,R F' R' U' R' U' R U R F' R',5, F2 R2 F R U
CochaSubX2023,f,A,0,5,R' U R U R U2 R' U' R U' F',5, F U R2 U' R'
NanaimoSwingintoSpring2023,1,A,1,1,R' U2 F' R2 U' R' U R' U' F R2,5, R2 F2 R' F2 U'
UtahMegacomp2023,1,A,0,3,R' U' R2 U2 R2 U2 F R2 U' R2 F,5, R2 U R2 F' R'
MartorellOpen2023,2,A,0,5,R F' R' U2 R' F' U' R U' R' F',5, F R' F' U R2
Arkansolve2023,d,A,1,1,R' U' F' U R2 U2 R2 U' F R2 U',5, U R2 U R F2
LismenetaOpen2023,f,A,1,2,R F' R2 F R2 U2 R2 F U2 F U',5, U F2 R2 U2 R
PorcelainCubing2023,d,B,0,4,R U' R' U' R' F' R2 F' U2 R' U2,5, U2 F2 U' F R2
BoltonSpring2023,d,C,0,4,R F R U R U' R' U' R' U' F',5, F R U F' R'
VilniusSpringOpen2023,f,A,0,4,U' R' U' R' U' F' R2 F' U' R' U',5, F2 R' F' R F
Q8speedcubinginKSE2023,1,D,1,2,U2 R U2 R2 F U' F2 R2 F' U2 R2,5, F2 R F' R2 F2
PuriminxC2023,1,B,0,3,R' U2 F2 U' R2 U' R' U' R' U2 F2,5, F2 R U' F2 U2
BulgarianAniversary2023,f,B,1,2,U' R F' U' F' U2 R2 F U2 R2 U',5, U2 R' F R' F2
FirstCubingUNIDA2023,f,A,1,2,U' R U' R' U' R' F R U' F' R,5, U' R' U F U'
EdinburghSpring2023,d,B,0,4,R' U' R2 U' R2 F' R U R F' R',5, F U2 R' F2 R
KirkkonummiTimeTrial2023,1,D,0,3,U2 R' U2 F' U2 R U2 R U' R' U2,5, F' R' F U2 F
MarshallCubingSpring2023,f,A,0,3,R2 F' R U R F' R' U' R' U' R,5, U R F' R F2
75porCientoBogota2023,d,B,0,5,U R U' F' U2 R' U2 R' F' R U2,5, U' R F U R2
PSKGPremiereCubing2023,1,C,1,2,R' U' F' U' F' R2 U' R' U' R' U',5, U2 R' F' R' F'
BlithCubeOpen2023,1,B,0,2,R' U' F' U2 F' U R U' R U' R2,5, F' U2 F' U' F2
HighPlainsSolving2023,d,A,0,4,U R U' R' U' R' U2 R U R' F',5, F R2 U R U'
AthensWinterOpen2023,f,A,0,4,R' U2 F2 U' R2 U' R' U' F R U,5, R2 U' F U2 F2
AthensWinterOpen2023,1,D,1,1,R U' R' U' R' U R2 U2 R2 F R2,5, U R' U' R' F'
EmpireStateWinterWhirl2023,f,C,1,2,R' F' R U2 R' U2 R2 F' U2 R2 U',5, F R' F2 R' U'
MonterreyBogota2023,d,B,0,4,R U' F' R U' R' U' R' U' R U',5, U F R U F
SanJuanNeiva2023,1,A,0,3,U' R' F U2 R U R' F U2 R F,5, F U2 F R2 U
AnkaraJanuary2023,1,A,0,3,R U2 F' U2 R2 U2 F R2 U2 R' U',5, U R' F2 U2 R'
StevenageJanuary2023,f,A,1,1,R2 U2 F R U R U' R' U' R' U',5, R U F' U2 R2
MelbourneSummer2023,1,C,0,2,R' U R U' R' U' R' F R2 U' R2,5, R2 U2 F U' F'
DSKCubeOpen2023,1,C,0,2,R' U' F R U F R U' R U2 R2,5, R2 U2 R' F' U'
DSKCubeOpen2023,1,A,0,4,U' R' U' R2 F' R' U R U' R2 F,5, F' R2 U' F U2
TaiwanChampionship2022,2,C,1,2,R U' R2 U2 F R U2 R U' F' R2,5, F R2 F' U F2
AZCubingWinter2022,d,D,0,4,U R U R' U F U2 F R U R',5, F2 U' F U' F'
SunmarkeDubaiOpen2022,1,A,0,5,U' F U' F U2 R U R' F' R U,5, R' U' F U' F2
MontevideoenLlamas2022,d,A,0,4,R' F' U' R U' R U' R' F' R' U',5, U2 R' U' F2 U'
LaSillaIII2022,f,A,1,1,F R U' R' F2 R U R U' R' U',5, F2 U F R' F'
TbilisiOpen2022,2,B,1,1,U R U R U2 R' U' R' F U2 R,5, R' U2 F' U' R2
BasauriOpen2022,f,A,0,1,F R U' R U2 R2 F U2 R U' R',5, F R U F2 R
BudapestReOpen2022,2,B,0,2,R' U' F U2 R2 F R2 U2 R' U R',5, R2 F' U2 F U'
DutchNationals2022,1,B,1,2,U R' U' R2 U' R' U2 R U' R2 U2,5, R2 U' R U' R2
KoprCube2022,1,C,0,2,U' R' U' R2 F' R' U R' F' U2 R2,5, U2 F' R2 F U2
MadiunHappyCubing2022,f,A,1,2,U2 R U2 R' U R' F' U' R2 U' F',5, U' R F' R' U2
NorthsideSpringSunday2022,1,A,0,5,U R' U' R2 F' R' U R F' U2 R,5, R' U2 F U2 F
NorthsideSpringSaturday2022,1,B,1,1,R U' R' U' R U2 F' R2 U' R U,5, U2 F' U' R U2
SweetNovemberistanbul2022,2,A,0,3,R U2 R2 U2 R2 U2 R' U R' U2 R,5, R' U2 R U' R2
CircleCitySupercharged2022,1,B,0,2,R' F U' R U R' F' U2 F R2 U2,5, F U2 R F2 R2
SouthCoastSpring2022,1,D,1,1,U' R' U2 R2 U2 R2 U' F R2 F' R',5, F U F2 U' F'
KaunasOpen2022,d,B,0,5,R' F U2 R U R' U' F R U' R',5, F2 U' F U' R
SnoCoVeteransWeekendA2022,1,B,1,1,R U' R' U R' F' U' R2 F' U2 R',5, F' U R2 U' R2
BayAreaSpeedcubin392022,1,B,0,2,R' U2 F U2 F R2 U2 R2 F U2 F,5, F' R2 F' U2 R
OhioStateFallScarlet2022,1,A,0,4,R' U' F U2 F' R U' R2 U' F U',5, F2 U R' F2 R
KewbzUKChampionship2022,d,G,1,1,U F' U' R2 U2 R2 U' F' R U' R,5, U' F2 U' R F'
SlowNSpookyOpen2022,1,C,0,2,R' U2 F R2 U2 R2 F2 R U' R U2,5, F R2 U2 R F
SlowNSpookyOpen2022,1,C,0,1,U' R U' R' U' R' U' F' R U R',5, R2 F U F' U2
AtaturkCubeWeekend2022,2,A,1,2,R U' R2 U2 F U2 F U2 R2 U2 F',5, F2 R2 F U' R'
MantaOpen2022,1,A,0,4,R' F2 R2 U' R' U' R' U' R U R',5, R2 U R' F2 R
RoskildeForAlle2022,2,C,0,3,U R' U' R2 F' R' U R' F U2 R,5, R U2 F R2 F
KoalaficationMelbourne2022,3,A,1,1,R U' F' R' U2 R U' R2 F' U' F,5, U R2 U2 F U
LakeCubingSzczecinek2022,1,A,1,1,U R F' R2 F U' F U2 F2 R U2,5, F2 U' R2 U' F
NacionalesArgentinas2022,f,A,1,1,U2 R U2 F' U2 R2 U2 F R2 U2 R',5, R' F2 U2 R' U2
BabylonSummer2022,1,B,0,4,R' U' R U R' F' R2 U' F' U' R',5, F' R' U2 R' U'
CubingPeoria2022,f,A,0,1,U' R' F R U R F' U' R' F R2,5, F2 U R2 F2 U
DyssegaardenUdenSko2022,f,C,0,4,U' F' R' U2 R' F R U R U2 R',5, R U2 F2 R F'
SandnesOpen2022,f,A,0,4,U R' U' F' R2 U' R' U2 R' F' R,5, R2 U' F R' U2
NanaimoBacktoSchool2022,f,A,1,1,R' F U' F' U2 R' U' F U2 R U,5, U' R' U' F2 R2
SpartanCubeICbba2022,1,B,0,1,U' R' U F U2 F R F U' R2 U',5, F R' F' R F'
CuencaCubing2022,1,C,0,4,U2 R U' F' U2 R' U' R' U F2 R,5, U2 F' U2 R F2
PretzelMania2022,f,A,1,2,R' F R2 U' F' U2 R2 U2 F R2 U2,5, F2 U' R2 F R
CubingInTheVille2022,f,A,0,1,R' U2 F' R2 U' R' U R' U2 F' R,5, R' U2 R' U' F
YJMalaysiaCubeOpen2022,f,A,0,1,U' R' U2 R2 F' R2 U' F' R U R',5, U' R2 F' U F'
HowrahCubeOpen2022,1,A,0,1,U' F' U2 R' U R' F R U R' U2,5, U F2 R2 U' F'
EdmontonSummerTwist2022,1,O,1,2,R U2 R2 U2 R2 U2 R' U2 R' F' R,5, R' F R U2 R2
DublinOpenSunday2022,f,A,0,3,R F R U R U' R' U' R' U' F2,5, F2 R U F' R'
ClareValleyCubing2022,1,E,0,4,U2 R U' F' U2 R' U2 R' F R U,5, R F U' R2 U'
mcubesOpen2022,1,C,0,3,R' U' R U' R U2 R' U R U2 F,5, U R2 F2 U' F'
Cube4funBelzyce2022,1,C,0,2,R' F' U' F R' F U R U R' U',5, U R F2 U2 F'
MelbourneTrilogySaturday2022,f,A,0,3,U2 R U2 F' U' F' R2 F R U R,5, F2 R' U2 R' U2
OregonChampionship2022,1,B,0,5,U F R U R U' R' U' R' U2 F,5, F2 R' F U R
CarlisleSummer2022,d,C,0,3,U F R F R U R U' R' U' R',5, U' F' U' R' F
BayAreaSpeedcubin362022,f,A,0,5,R' F2 R U R U' R' U2 R' U' F,5, U' F2 R' F U2
LuziceOpen2022,2,B,0,3,R U2 R' U' R U2 R2 U2 R2 U2 R',5, R2 U R U2 R'
SoutheastChampionship2022,1,A,0,2,U' R' U' R U R U2 R' U' R' U2,5, U R2 U2 R U
BangkokCubeDayRainy2022,1,F,0,5,R' U2 R U R' F' U2 F' R F R,5, F R2 F' R2 F'
HowlandReturns2022,1,D,0,1,U2 R U2 R' U R' F' U' R2 U' F',5, U' R F' R' U2
ChiayiOpen2022,f,A,1,2,U' R' F' U' F' U2 F R U' R' U',5, U' F U F2 R
SAC2022,1,A,0,4,R U2 R2 U2 R2 U2 R2 U' F R2 U2,5, U2 R2 F' U R'
NavitasCubeChallengeKenya2022,f,A,0,4,U' R' U' F' R U' R' F R U' R,5, U F U R2 F2
ParlaOpen2022,f,A,1,1,R' U R2 U2 R2 U2 F' U' R U R',5, R' F U F' R
DontDNFDublin2022,d,D,0,3,R' F R2 F' R' U' R U' R' U2 R,5, F R F' U R
HariologyVibes2022,1,B,0,1,R' U R2 U' F' U' R' U2 R' F U',5, U F' R2 F R2
CheltenhamSummer2022,d,B,0,2,U' R' U' R2 F' R2 U2 R U R U2,5, U' R2 U F U2
CebuComebackOpen2022,f,A,1,2,U' R' F U R U2 R' F' U' R2 U',5, U R F2 R2 U
LleidaOpen2022,1,B,0,5,U' R F' U' F' U' R' U' R' F' R,5, R U' F2 R2 U
Eskala2022,1,B,1,1,R F U' R U R' F R' U' R U',5, U2 F' R F2 R'
TCGFallArequipa2022,1,A,0,5,U' R U2 R2 U2 R2 U2 R2 U' F2 R2,5, R2 F2 U R' U
WyomingSummer2022,1,A,1,1,R U' R' U2 R' F R U R U' R',5, U F2 U' F' U
BuccaneerBonanza2022,f,A,1,1,R' U' F' U' R U' R' U' R F' U',5, U R2 U' R2 F
BuccaneerBonanza2022,1,B,1,1,R' F R2 U' R2 F' U2 R2 U' R' U,5, F R U F2 R2
SanMartinCubeaA2022,f,B,1,1,R U2 F' U2 R2 U2 F R2 U2 R' U2,5, F2 U2 R F2 R'
HyderabadSummerOpen2022,f,A,0,4,R F' U' F' U' R' U' R U2 R2 U',5, U F' R2 U' F2
ChesterSpring2022,d,C,0,2,R' U' R2 F' R' U R U2 R2 F U',5, U F' R2 F U
CanberraAutumn2022,f,A,0,2,R' U2 F U' F R2 U' R2 U' F R,5, F U2 F R' F
EmpireStateSpring2022,1,A,1,1,R' F U R U' R' F R U F R,5, U2 R2 U' R F'
StevenageSpring2022,d,E,0,2,F' R U R U' R2 U2 R2 U' R' U',5, R' U' R2 U' F
IbarraOpen2022,1,E,0,1,U R' U2 F' R' F R U R' F U2,5, F R F U R'
Cube4funDabrowaGornicza2022,1,A,1,2,R U' R2 F' U' R U R U' R2 U2,5, U2 R F R U
TwistyTaranaki2022,f,A,0,4,R' U' F U F R U' F R U' R',5, F' U' F U F'
ACA7thAnniversary2022,f,A,0,2,U' R F' U' F' R' U' R U2 R' U2,5, F' R' F' U' R'
CubingReturnsBengaluru2022,2,B,0,4,U R' F R U R' U' F' U2 R' U2,5, F' R2 U2 F' U
CubingReturnsBengaluru2022,1,E,1,1,R' F' U' R U R' F' R2 U' R' U,5, R F' R F2 R'
DutchSpring2022,1,G,0,2,R' U' R2 F' R2 U' F' R2 U2 R' U,5, U2 F' R' F U2
SeasideSolvingSaturday2022,c,A,0,4,R2 U2 F U2 R U' R' F U R U',5, F2 R' U2 F2 R'
RomerikeEasterOpen2022,f,A,0,1,R U' F' U' R' U2 R' F U R' F,5, F' R F R F2
NoidaCubeOpen2022,f,B,0,4,R' U2 F' R2 U' R' U R' U2 F' R,5, R' U2 R' U' F
NoidaCubeOpen2022,1,A,1,1,U R F R U' R' U F U' F' R2,5, U' R2 F' U2 F2
SacCubingXI2022,f,A,1,2,U2 F' U' R' U R' U' F U2 R U,5, F U' F U R'
CubingDayZuromin2022,1,B,1,2,U2 R' F R U R F' U' R' F R,5, R' F2 U' R2 U2
DastrupSleepover2022,2,A,0,5,U' F' R' U' R' U2 F U2 R U2 R',5, F' U' F R2 F
WestonsuperMareOpen2022,f,A,0,4,F' U' F' R' U' R' F R U2 R' F2,5, F2 R U' R F2
BackToCubingChiriqui2022,1,C,0,1,R U2 R2 U2 F' U2 R2 U2 R2 F R,5, R' F' R2 F' R'
PesaroOpen2022,f,B,1,2,R' U' R U R U' R' U' R' U2 F2,5, F2 U R U2 R
BrilliantBallarat2022,1,D,1,2,R U' R F' U2 R' U R' F R U2,5, F U' F R F
SummerKubeVilaVelha2022,f,A,1,2,U2 R' F U2 R U R' U' F' U' F,5, R F2 R' F2 U
SummerKubeVilaVelha2022,1,B,0,3,R2 F U2 R2 F' U' R' U' R' U' R2,5, R2 F R' F2 U
DontrienOpen2022,1,B,1,1,U' R U2 R2 U2 R2 U2 R' U R' F2,5, F2 R U' R2 U
NorthStarCubingChallenge2022,2,B,0,5,R F' U' R' U' F R U' R' F R,5, R' F2 R F U2
KansasCubingOpenWinter2022,1,D,0,5,R' U2 F U' F R2 U' R2 U2 F2 U,5, R U F2 R' F
TramshedsSeriesSaturday2022,1,C,0,3,F R U2 R U' R' U' R' U' R U',5, U2 R U' R' F'
PaladiamanteOpen2022,f,B,0,1,U2 R U2 R2 U2 F R2 U2 R2 U2 R,5, R' U2 F R' U2
ParaguayNationals2021,f,C,1,2,R U2 R2 F R U' R' U' R U' R,5, U R U F R
AUAOpen2021,f,C,1,2,U2 R' U R U2 R' U' R' F R U,5, F2 U' F' R U2
DurbanSummerWarmup2021,2,A,0,1,R' F R U2 R U R' U' F U' R2,5, R2 F2 U' F U'
RamliMallBahrainOpen2021,f,A,1,1,R' U' F U' R U2 F' R2 U' R2 U2,5, F2 R' U2 F U'
RamliMallBahrainOpen2021,1,C,0,4,R F' U2 R' U' R F' R2 F2 R U,5, U' F' R U F2
RamliMallBahrainOpen2021,1,A,1,1,U R' F R U' R' F' U2 F U2 R2,5, F R U' F R2
GermanMiniOpenB2021,f,B,0,3,R U' R' U' R F' U' R2 F' U2 F,5, F' R' F' U2 R2
GermanMiniOpenA2021,2,B,1,1,U R F' U' R' F R U2 R' U2 F,5, F2 U2 R F U
BackToBelgrade2021,2,B,0,1,U2 R' U' F' R U' R F' U' F' R',5, U F' U' F2 U
HappyCubingActon2021,1,A,0,5,U' R' F R U2 R' F2 U' F U' R2,5, R F2 U2 R' F2
ZhengzhouSummer2021,d,B,0,1,F' R U R U' R' U' R' U' F U',5, U F' R U F
ZhengzhouSummer2021,d,A,1,2,R' U' R2 F' R' U R U2 R' U2 R',5, R U2 R F U
SantaTeclaNxN2021,f,A,0,3,U' R' U' R2 U' R2 F' U2 F R2 U',5, U' R F' U F
ShenzhenNanshanMorning2021,1,A,1,2,R' U R U R' U2 R2 U2 R' U R',5, U' R' U' R2 U'
JieyangGoodMorning2021,1,A,0,3,R' U F2 R U R U' R' U' R' U2,5, F' R2 F U R2
EstonianOpen2020,1,B,0,2,U R' U R2 U' R' U' R' U' F R2,5, F' U' F' U F
TurkishSummer2020,f,A,0,2,R' F U' F U2 F U' F R2 F' R2,5, R' F2 U F' R'
MinnesotaCubeDays2020,1,F,0,3,U2 R' F' U' F R2 U2 R2 F U2 R,5, R U' F R U2
MinnesotaCubeDays2020,1,F,0,1,R' F R U2 R' U' F' U R U2 R',5, R U2 F U2 F'
AucklandSummerOpen2020,1,A,0,4,U' R U' R2 F' R2 U' R2 U R U,5, R F U R2 U
OsijekOpen2020,2,A,0,4,R U2 R2 F U' R U R U2 R' U2,5, U R' U F R
SanMartinCubea2020,f,A,0,5,R' U2 F' U' R U2 R' U F U2 R,5, U2 R' F2 R U2
StarCubingNijmegen2020,1,B,0,5,U' R' U2 R U R U' R2 F2 U2 R,5, R U2 F2 U' R'
UCLMCuencaOpen2020,2,A,0,2,R U' R' U' R U2 R2 U' R F' R,5, R' F U R U'
UralWinter2020,f,A,0,4,R' U' R U R U' R' U' R' U2 F,5, F' U R U2 R
OldeTownParker2020,1,B,0,3,U' R' U' F' R2 U' R' U' R' U2 F2,5, F R' U' R' F2
RenoWinter2020,f,A,0,2,R' F U' F' U2 R' U' F U' R U',5, U R' U2 F2 R2
AnnuntiaOpen2020,1,C,0,1,R' U2 R U2 F R U' R' U' R U,5, F' U' R' U R
GloriosoSanCarlos2020,1,A,1,2,U' R' U2 R2 F' U2 R2 U' F R U2,5, U2 F' U' F' R'
CultAWayCubeOpen2020,1,A,1,1,R' U' F R2 F R U R U2 R2 U2,5, F U2 R2 F' U'
PingtungCubingOpen2020,1,B,0,5,U R' U F U' R2 U' R2 U2 R' U',5, U2 R2 F2 R F'
DutchMasters2020,f,B,0,2,R' F' U2 R U2 R2 U2 F U2 R2 U2,5, F R' U2 F R
QuarkCubixChallenge2020,1,A,0,4,U' R F' U' F' R' U' R U' F' U2,5, U' F U F U2
UCSDWinter2020,1,E,0,3,R' F' U' F' U2 F R U R' F' R,5, R2 F2 R F2 R
JakartaOpen2020,1,D,0,1,R F' U2 R2 U2 F U2 R2 U' F' U',5, U F U' F2 R'
UBCOpen2020,d,C,0,5,F U R U R U' R2 U' F R U2,5, U' F U' R2 F2
PanamaKocka2019,f,B,0,4,R' F R U' R U2 R2 F R2 U2 R',5, R2 U' F U R2
AZCubingWinter2019,d,A,1,1,R' F R U R U' R2 F U2 R U2,5, F2 U' R U R
MontevideoPalace2019,1,B,0,1,F' U' R U' R U' R' U' R U2 R',5, R' U' R U2 F
LibertyScienceCenterOpen2019,1,F,1,1,R F' U' F' R' U2 R' U' R2 U' R2,5, F' R2 U' R F
SalvadorNxN2019,d,A,0,4,R U' R' U' R' U' F' U' R2 F' R2,5, R2 U2 R' F' R'
IndianapolisCubesWinter2019,f,A,0,5,U R' F' R U R' F R U R F',5, F' R' F2 R' U2
KrasnodarWinter2019,1,A,0,2,R' U2 R2 U2 R2 U' F U F U2 R,5, F2 U F U F
RijswijkOpen2019,1,A,0,3,U R U' F' R' U' R' F R U F,5, F' R F R' U'
NacionalesGuatemala2019,2,C,0,1,R2 U2 F R U' R U2 F' U2 R2 U',5, U' F2 R' F R'
XlingenOpen2019,f,A,0,2,R U2 R' U' R U' R' U' R' U2 R,5, U R' U R U
LafayetteFall2019,f,A,1,2,R F R U' R U' R' U' R U2 R2,5, U' R U F' R'
SmartcubeFestKyiv2019,1,B,1,2,R' U2 F' R U R' U' F U' R U',5, U2 R' F' U' R
BranchburgOpen2019,1,E,0,2,R' U2 R' U2 F' R2 U' R' U R' U',5, F' R' F2 U R
SeraingOpen2019,1,A,0,4,U R F R U' R U2 R2 F' R2 U2,5, R2 F2 R' U' F
MarikinaCityOpenII2019,2,B,0,3,U' R' F U R F R U' R' F U2,5, U' F U' R' F2
ParaguayNationals2019,f,A,0,4,R2 F R2 U2 R2 F U2 F U2 F U2,5, U2 F' R2 U2 F
WinnipegOpen2019,f,B,1,2,U2 R2 F U2 R U R' F U2 R U2,5, F2 U2 F' R' U2
NanningOpen2019,1,B,0,1,R U' F' R' U R' F R U R U2,5, U2 F2 R2 F' R'
SpanishChampionship2019,1,C,1,2,R U' F' R' U R' F R U R U',5, U F2 R2 F' R'
NordicChampionship2019,f,A,0,1,R' U' R U F U' F U2 F U2 F,5, R2 F U' R2 F
OxenteOpen2019,1,B,1,1,U R' F U' R U2 R U' F U' R,5, R' F R' U2 R'
OpendelMayo2019,1,B,0,4,U2 R U2 R2 U2 R2 U2 R2 U' R U',5, U R' U R' U2
HungarianOpen2019,1,C,1,1,R' U R U' R U' R' U2 R' U' R2,5, R' U' R U R'
RoadtoICBologna2019,f,A,1,1,U2 R' U' R2 F' R2 U' R U R U2,5, U' R U F U'
DamasaoCubo2019,f,B,0,1,U2 R' F' U' F' R2 U' R' U' R' U2,5, F' R2 U' F2 U2
EstonianOpen2019,2,B,0,4,R' U F U' F R2 U2 R2 F U' F,5, R U' R U2 F
EstonianOpen2019,1,B,1,2,R2 U' R U R' U' F U R U2 R',5, F2 U' F2 U2 R2
DreamOneCubeOpen2019,1,B,1,2,U' R' U2 R U R U' R2 F U2 R,5, R U2 F U' R'
DreamOneCubeOpen2019,1,B,0,5,R U' F' R2 U' R2 U' R' U' R' F',5, R' F R' U' R'
DanishOpen2019,1,B,1,2,U R' U2 F U2 F R2 U2 R2 F R,5, R F U2 R' U'
CityCentreSharjahOpen2019,1,D,0,3,U' R U2 R2 U' R U2 R' U' F U',5, U2 F2 R2 U' F'
SandnesOpen2019,2,A,0,4,R' F' U R U' R U' R' U' R U2,5, R2 U' R F R
LlanocentroOpen2019,1,A,1,2,R U2 R2 U2 F R2 U2 R2 U2 F U',5, U F' U2 F R'
RoadtoICMonterotondo2019,2,B,0,3,R' U2 F' R U' R' U' R' F U' F2,5, R' F2 U' R F2
CubinginCillChainnigh2019,1,D,1,1,R U R' U' F2 U2 F R U' R U2,5, F U2 R2 U' F2
ABHC2019,d,D,1,2,R' U R2 U2 R2 F U2 R2 U2 R' U2,5, U2 R F U' R
OsterhojOpen2019,f,A,0,4,R2 U' R2 F' R U R F' R' U2 R',5, F2 U' R2 F R2
CubeCampinKanazawa2019,1,A,0,2,R U' R2 F U' R U R F' U' R,5, U2 R' U2 F U2
SensOpen2019,1,B,0,1,R U2 F' U' F' U' R' U' R' F' R2,5, U' F2 R' U2 R'
PugetSoundSummer2019,f,A,0,5,R F' U' R' F R U' R' F' U' R2,5, R' F2 R F' U
DongguanSummer2019,1,A,0,1,U' R' F' R2 U2 R2 U2 F U R U,5, F2 U' F R2 F'
EgyptianChampionship2019,1,D,1,2,R' U2 F U' F R U R' U' F' U',5, F' U2 R' F2 R2
EgyptianChampionship2019,1,B,0,4,R U' F' U' F' R' U R F' R' U',5, F R F2 U2 R'
SuzhouOpen2019,f,A,0,4,U2 F R2 U' R' U' R' F' R2 U' R2,5, R U' R' F2 U2
ChinaChampionship2019,2,F,0,5,R' U' R' F R U R' F R U R,5, F2 R' F' U2 F'
RallyintheValley2019,1,B,1,1,R2 U' F' R' U2 R' F R U R U2,5, U2 F2 R F' R2
CuboUaiBHOpen2019,f,A,0,1,U2 R' U F U' F R U' R' U2 R,5, F R2 U' R2 F'
CuboUaiBHOpen2019,1,B,1,1,R U' R2 U2 R2 U' R2 U2 F U2 R2,5, U R' U2 R F
MeizhouOpen2019,1,A,1,1,U' R' F' R F' U2 F U' F R U,5, R' U F2 U' F
CCCQualificationVoronezh2019,1,A,0,5,F U R U' R' F R U R U' R',5, R' F' U' R F'
CelebesOpen2019,f,B,1,1,U' R U' R' U' R' U R U R' U',5, U R2 U R2 U
MaruCubeDay2019,1,D,0,3,R U' R2 U2 F R2 F' U2 R2 U2 F,5, F2 U2 F U' R'
mcubesOpen2019,1,B,0,3,U' R' U' R2 F' U' R2 F U2 R U2,5, F2 U2 F' U R'
mcubesOpen2019,1,A,0,1,R U' R' U' R' U R U R' U' R2,5, R2 U R2 U R2
AthensSNFestivalCubing2019,f,A,0,5,U' R' U' F' U' F R2 U2 R2 U2 R,5, R2 U2 F R' F'
GeorgiaGoobers2019,1,D,1,2,R U' R' U' F' U' R' U' R' F' R,5, R2 U' R' F2 R'
NacionalesMedellinExplora2019,f,A,1,1,U2 R' U2 F R U' R' U2 R U F,5, R F R' F2 U
CCCQualificationBarnaul2019,1,C,1,1,U2 R' F R U R F' U' R2 F' R2,5, U' F' U F U2
UzbekistanAllEvents2019,2,B,0,1,R U' R' U' R' F R U' R' U2 F2,5, U' R' F' U F'
KyrgyzstanOpen2019,1,A,1,1,U R' U' R U F' R U R' U' F,5, R U R F' U
UkrainianOpen2019,1,F,1,1,U F R U R U' F' R' U' R' U',5, R2 F' U F R2
BayAreaSpeedcubin172019,1,E,0,3,R' F U2 R U R' F' U2 R2 U' R',5, R U R F' R2
YakimaValleyCubingSpring2019,1,C,0,4,R' U2 F U2 R2 U2 F' U2 R' U R,5, R' U F2 U2 R2
AcadianaClassic2019,1,C,0,4,U' R U2 R2 U2 F R2 U2 R2 U F,5, F' U' F R' U
HangzhouOpen2019,1,B,0,4,R U' R' U' R U2 R' U R F U2,5, U2 F' U R' U2
UralSpring2019,f,A,0,4,U2 R' F' R F U' F U2 R U R',5, U' F U' F2 U2
KoalaficationMelbourne2019,1,A,0,4,R' U' R U R' F' R2 U' F' U' R',5, F' R' U2 R' U'
GuiyangOpen2019,2,A,0,5,R U2 R2 U2 R2 U2 R2 F U2 F' R,5, R' F U2 F' R'
TietomaaOpen2019,1,B,0,1,U2 R U' F' U2 R' U' R' U' R2 F',5, R2 U R2 F R2
KMGSpring2019,1,D,0,2,R' U2 F U' F U' F' U' F U2 F,5, F U' F U' R
JambiCubeFestival2019,f,A,0,3,U' R U R' U2 R U' R' U' F' U',5, R' F2 R F U'
CubeforCambodia2019,1,A,1,1,R U' F' U' R' U2 R U' R' F U2,5, U' F R F R
SharjahOpen2019,1,E,1,2,U' R U' R' U' R' U' R U' R' U',5, U R U2 R U2
JukiModsBaztanOpen2019,2,A,0,1,U R2 F' U' R2 F' R2 U' R U' R,5, U F' R2 F2 U2
GrodnoCube2019,1,A,1,2,R F' U' F' U2 R' U' R' U' R U',5, U2 F R2 U F2
EuskadiOpenPortugalete2019,f,A,0,4,R U' F' U2 R' U' F R U' R' F,5, U F2 R U' F
LesFranquesesOpen2019,f,A,0,1,U R U' R' U' R U2 R' U R' F,5, F' R2 U R' U
BahrainSpringOpen2019,f,A,0,3,R F' U2 R' U R F' R2 F R U,5, F' R U F2 R2
KalmykiaOpen2019,1,C,0,5,R' U' F' R2 U2 F' R2 F R U' R,5, U2 F R' F U
UNACMedellin2019,1,C,0,5,R2 U' F R2 U' R' U2 R' U2 R U',5, R2 F U F2 U
ChesterOpen2019,d,D,1,2,U2 R' U' R2 F' R' U R' F R2 U2,5, R2 F R2 F U'
DowntownVancouverSpring2019,f,A,0,4,R' F' R U2 R' F R U R U' R2,5, F2 R2 U' R' U'
IISERPuneCubeOpen2019,1,A,0,5,U R F' U2 R' U' R' U' F' R2 U2,5, U F' U' R2 U'
WelshOpen2019,f,A,1,2,U' R' U2 F2 U' R U R U' R' U2,5, U R' U F2 U'
RGITCubeOpen2019,1,E,0,4,U2 R' U' R U' R U R U' R' U2,5, U2 R' U2 R U
Zentralschweiz2019,f,A,0,3,R2 U' F' R' U R U' F' R' U' R,5, R' U' R F2 U
ArnoldClassicNorthAmerica2019,1,G,0,4,R U' F2 R U R U' R' U' R' U',5, R U F2 U R'
EkatCubeSpring2019,1,B,0,2,U R F' U' R' U' F' U' R2 U' R,5, R' F2 R' F2 U2
LongIslandWinter2019,1,A,0,3,U R' F U F R F U' R U R,5, R' U' R2 F' U2
OsijeKOpen2019,2,B,0,5,U' R' U F U' F' U' F R U' R,5, R' U' F U' F'
NortheastChampionship2019,1,B,0,1,U' R F' U' F' R' U2 R' F R2 U2,5, U' F2 R U F'
ManchesterOpen2019,2,A,0,2,U' R U' R2 F' U R U R U' R2,5, U2 R F R U2
FontwellOpen2019,f,B,0,4,R' F U F R U R' F2 U' F R,5, R' F R' F R2
MedanLunarNewYear2019,f,B,0,2,U R F R U' R F' U' R' U2 R,5, R' U2 F' U2 F2
NorthStarCubingChallenge2019,1,D,1,1,U' R U' R' U' R U2 R' U R' F',5, F R2 U R' U'
BayAreaSpeedcubin132019,1,F,0,2,U2 R' U' R2 F' R' U R U' R2 U2,5, U2 R2 U' F U'
PSTLLSLublin2019,1,A,0,5,R' U' R U' R U2 F' R' U' R' F',5, R U2 F' R F
DongguanOpen2019,1,D,1,1,R U' R2 F' U2 F R2 U2 R2 F R,5, R F' R2 U' R'
SacCubingVI2019,d,C,0,2,R' U2 F' R2 U' R' U R' U2 F U2,5, R U2 F2 U F
SacCubingVI2019,d,A,0,1,R F R U' R' F' U2 F U' R2 U2,5, F R2 U2 R F2
CuscoSpeedcubing2019,f,A,0,3,U' R' F' U' R U' R2 U R U R',5, R2 U2 F U F2
SpeedcubingCampMinsk2019,1,A,1,1,R' U' R2 U2 F' U' R' U' R' U F,5, R U' R' U F'
NarvaWinter2019,1,C,1,1,R U2 R' U2 R' U' R U R' U' R,5, U' R' U R2 U2
SJTUWinterOpen2018,d,D,0,3,R U' F' U' R' U' R F' U2 R' U,5, F' R' U' R2 F
SJTUWinterOpen2018,d,C,0,5,R' U' F' R U' R' F' U2 F U2 R,5, U2 F U2 F' U'
GuateMayaOpen2018,2,B,1,1,U' F R U' R' U' R' F U2 F R2,5, F R2 F R' F2
TolongDiamMedan2018,f,A,0,5,U R' U R F' U' R' U' R' U R,5, U2 F R' F U2
JakartaCubing2018,1,A,0,4,R U' F' U' R' U' R' U F R F,5, F' U F R' F
RijswijkOpen2018,2,D,0,4,R' U' F R U R U' R' F' U R,5, F2 R' U' R F2
ImaginationStation2018,f,A,0,2,U R' U2 F' U2 R U2 R' F R U2,5, F R U F' U
WHUTOpen2018,d,A,0,2,U2 R' U' R' F R U' R' U' R U,5, F' R U2 R U
RockyTop2018,f,A,0,4,U' R U2 R2 U2 R2 U2 R2 U' F R,5, R' F' U R' U
AZCubingOpen2018,c,A,0,5,R2 F' U2 R2 U' F R U R' F R,5, F R F2 R U'
CaririOpen2018,f,A,1,2,R U' F' R' U R U2 R' U' R' U',5, R F U R2 F
Taxco2018,1,A,0,4,U2 R2 U2 R U' R' F R U R F',5, F2 U' F' U2 R2
NanjingAutumn2018,2,B,0,4,R' U' R U' R' U R U R' U2 R2,5, U2 R' U2 R' U'
Pikkujoulut2018,1,B,0,3,U' R' U' F R U R' U F R U',5, U2 F R' U2 F'
VivaVidaSBCOpen2018,1,C,0,1,U2 R' U2 R F R U R U' R2 F,5, F2 R' U R U'
UsakOpen2018,1,A,0,4,U' R' F' U' R2 U2 R2 F U2 F R2,5, U F2 R' U F'
UsakOpen2018,1,A,0,2,U2 R U2 R2 U2 R2 U2 R2 U' R U',5, U R' U R' U2
CMIAutumnOpen2018,1,C,0,3,R U2 F' U' R' U' R' U' R U R,5, U R F U2 R'
SupremeSouthOpen2018,f,A,0,4,R' U' R2 U' F' U' R' U2 R F' U',5, U F2 R U2 R
Cubetcha2018,1,C,0,2,U' R' U' R2 F' U' R2 F U2 R U2,5, F2 U2 F' U R'
ValenciaSummer2018,f,A,1,1,F' U2 R2 U' R' U' R' U2 R U' R,5, R' U2 R U' F
ArgoviaOpen2018,1,B,0,5,R' F' U' F R2 U2 R2 F R2 U' R',5, R2 F U F2 U'
JaenMountainCubes2018,1,B,0,4,U' R' U' F R2 U' R2 F U2 R2 U2,5, F2 R' U' F' R'
SkottegardsskolenOpen2018,f,B,1,1,U R' U' F U' F' R2 U' R' U' R,5, R U2 F' R' U'
SCRD2018,d,C,1,1,U' R2 U2 R2 U' F R U' R U2 R2,5, R2 F R' U F
ParisOpen2018,1,D,1,1,R U2 R' U' R' U' R U' R' U2 R,5, U R U R' U
MontevideoPalace2018,1,B,1,1,R U R' U' F R U R' U2 R U,5, F U' F U2 R
BotosaniCubeDay2018,2,B,1,1,F R U' R' U F U2 R U' R' U',5, R' F R U' F2
QuanzhouOpen2018,d,C,0,4,U' R' F' U' R F' R U R U' R2,5, R2 U F U2 F2
Yellowstone2018,1,A,0,1,U R' F2 U' F R2 U' R' U' R' U',5, U2 F' R2 F' U
SofiaAutumn2018,f,B,0,4,U' R' U R U R F' U2 R' U R,5, U F U R2 U'
SouthernUtahFallOpen2018,f,A,1,2,U' R' U2 R U R F' U' R' F R2,5, R2 F' U2 R F
EstonianOpen2018,1,A,0,3,U' R' F' R U2 R U' R' U' R' U2,5, U2 F R2 U R'
ZhongshanNxNSpeedcubing2018,1,C,0,2,R' F U' R2 F' R' U R' U2 R2 U',5, U2 R' F U R'
IIBarueriOpen2018,1,A,0,2,R U' R' U' R U' F' R' F' U' R',5, R F2 R U2 F
PchelkaOpen2018,1,C,1,2,U' R' U2 F' R2 U' R' U R' U F2,5, F2 U2 F' R' F2
FinallyTunisOpen2018,f,B,0,5,R' F U R U R U' R' U' R' F',5, F U' R F' R
KharkivOpen2018,2,B,1,2,R F' U2 R' U' R' U2 R U R U2,5, U' R2 U F R'
SwisscubingBBQ2018,1,A,0,5,R U2 R2 U2 R2 U2 R' U R F' R',5, F2 U' F' R F
CopaInframundoHN2018,d,A,0,1,R U2 R2 U2 F' U2 R2 U2 R2 U' F,5, F' U R2 F' R'
CubingUSANationals2018,1,U,0,4,U R' F R F' U' R U R' F U2,5, U2 F2 U F U2
CubingUSANationals2018,1,H,1,1,U R' U F' R U R U' R' U' R',5, F2 U2 F' R F
UzhgorodSummer2018,1,B,0,4,U' R U' R2 F' U2 F U2 R U' R,5, U2 F R2 F' R2
EkatSummer2018,1,E,0,5,U' R' F' U' R2 F' R2 U' R U R,5, F2 R F2 U R
Ixchel2018,f,A,0,2,R' U' F' U' F U' F U F U' R,5, R' F2 U2 F R
MontevideoOpen2018,2,B,0,5,R U R U R' F R U R U2 R',5, R U' R2 F U'
ShamkirOpen2018,f,B,0,5,R F' U' R2 F U2 R2 U' R2 F' R,5, U' F2 R U' F2
ChachyaOpenRotaryEdition2018,1,A,1,1,U2 R U2 R2 U' R U R U' R' U2,5, U2 R2 U' R' U
GLSCupIII2018,d,D,0,4,U R U' F' R' U2 F U2 R U2 R',5, F2 U' R F U'
DFWCubingFiestaJune2018,c,B,1,1,R F' R' U R2 F U' R2 U' R2 U',5, R2 U' F U F
CoachPigeon2018,1,B,0,2,U' R' F' R U' R F' R' U' F R,5, F2 U R' F2 R'
VeenendaalOpen2018,1,B,0,2,R' U' R2 U2 R' U2 R' F' U R U',5, F' R2 F' U F'
ShenyangOpen2018,1,A,1,1,R' U' R F R U' R' U F R U,5, R F U' F2 U2
RallyInTheValley2018,1,D,0,5,R' F U F U2 F' U2 R2 F' R' U,5, R U F2 U F
VeniceoftheEastOpen2018,1,A,1,1,R' U2 F R2 U' R2 F U2 R F R2,5, R2 F U' F2 R2
MelbourneWinter2018,1,D,0,5,U' R' F U R U' R' F' R U R',5, R F' U F R'
SlovakianCubeDay2018,1,B,0,5,R' U2 R U' R' F U' F' R2 U' R2,5, F' R U2 F R'
RomanianCubingOpen2018,f,C,1,1,F R2 U2 R2 U2 R2 U2 R' U2 R' F,5, F' R U2 R F'
GreatLakesChampionship2018,2,A,0,2,U2 R F' R' U' R F' R' U' R U,5, F R' U F U2
SwedishChampionship2018,f,A,0,2,U R' F U' F' U R U' R F' R2,5, R2 F U' R' F
NanchangSummerIsComing2018,f,A,0,5,R' U F R U R U2 R2 F U2 R,5, F2 U' F2 U R2
NanjingSpring2018,1,D,1,2,U R' U' F R U' F' U' R' U2 R',5, F U2 F R F
USMPenangCube2018,d,C,1,2,R U' R2 U2 R U R' F R2 F U',5, F2 U' R' U2 F2
CityofJoyOpen2018,1,E,0,2,R' U' R' F U' F R U' R' U' R,5, R' U2 F' U R2
LisboaOpen2018,f,A,1,1,U2 R' F U R' F R2 F' U2 R' U2,5, F' R U2 F' R2
ElsassOpen2018,2,B,1,2,R' U R2 U' R' U' R F R2 U2 R',5, R' F R' U R2
CubicoOpen2018,f,A,1,2,R U' F' U' F' R' U' R U' F' R',5, F' U2 R' F2 R'
LanzhouOpen2018,f,A,0,3,U2 R F' R2 U R' U' F U2 R U,5, F' R U' R2 F
OakridgeCubeOpenApril2018,f,A,1,2,R' F U' F' U2 R' U' F U' F U',5, U F' U2 F2 R2
UtahSpringOpen2018,1,A,0,3,R U2 R' U R' U' F U F' R U,5, U2 F' R U' R'
MidcoastCubing2018,1,A,0,1,R' U' F R U2 R' U' F U2 F2 R,5, F2 U2 R U2 R
KalmykiaOpen2018,1,A,1,2,R F' U' R' F U2 R U' R' F' U',5, R F2 R F' U'
PictOpen2018,f,A,0,5,R' F R U R' F' R' U' F R U2,5, U2 R' F2 U R2
RaipurSummerCubeOpen2018,1,D,0,2,F2 U2 F' U' R U R U2 R' U' R',5, U F' U2 R2 F2
NiagaraSelect2018,2,A,1,1,R' U2 F U2 R U' R U' R' F U2,5, F2 R U2 F R2
RoyalCornerTwist2018,1,D,1,2,U' R' U' F' U' F U2 R U2 R' U',5, U R F R' F'
CFCTCOpen2018,1,B,0,2,R U2 R2 U2 R2 U2 R2 F U' F U2,5, U2 F' U F' R'
HappyAutumnMDQ2018,1,A,1,1,F R U R U2 R' U' R' U' F R',5, R F' R2 U F'
LSD2018,2,A,1,1,R' U' F' R2 U' R2 F' U2 F U2 F,5, F' R F U F
LSD2018,1,D,1,2,R' U' F2 R2 U' R' U R' U' F' U2,5, F U2 F' R F'
HudsonValleyOpen2018,f,A,0,3,F U2 R U R' U2 R U' R U' R',5, F' R' U2 F2 R
QingdaoOpen2018,1,C,1,1,U' R U' R2 U' R U' R' U' F' U',5, R F' R U' F2
FioranoOpen2018,1,A,1,1,U R U2 F' R' U' R' F R2 U' F',5, U F R' U F
NovaCube2018,1,E,0,1,U' R' U' F' U' F U2 R U2 R' F,5, F' R F R' F'
SanLucasOpen2018,2,B,0,4,U R' U2 R2 F' R2 U2 F' U' R U',5, U R2 F' U2 F
OregonState2018,1,C,0,2,R' U R' U2 F' R2 U' R' U R' U',5, F' R' F2 U2 R
CubeFactoryLeagueLuty2018,f,A,1,1,R' U' F' R F R U' R' U2 R U,5, F' U2 F U F'
XlingenOpen2018,f,A,0,3,U2 R U' R' U' R' U' R U' R U',5, U R' U2 R U'
AnnuntiaOpen2018,1,B,0,3,U F U2 R U' R' U' R U2 R' U',5, F' R' F R U
FrankfurtCubeDays2018,2,B,0,5,R F' R' U R F R U' R' U' F',5, R' U' F R F
OradeaCubingOpen2018,1,A,0,2,U2 R U' R2 F U2 R U2 R U' F,5, F2 U' F' U F2
SacCubingIII2018,2,D,0,1,R' U' R2 U2 F' U2 R2 U2 F U' R,5, R' U F2 U' R
SacCubingIII2018,2,B,0,4,R' F R2 U2 R2 U2 R2 F' U' R' U2,5, U F2 U F R2
CubingTainan2018,d,A,0,4,U R' U2 F U' R2 F U' F U2 F,5, F' R' U F2 R'
HNYCubingDordrecht2018,f,D,0,5,U' R' U' F' R U' R' F U' R2 U2,5, U2 F' R2 U' F
ChristmasCube2017,1,C,1,2,R U' R' U' R U' F' R' U' R' U',5, R' U' F' U2 R2
ChouchennOpen2017,f,A,1,2,U R U' R U' R' U' R' F R2 U',5, U' R2 F U' R
LastCubingLima2017,d,C,0,2,R' F R2 U2 R' U' R' U' R2 U' F',5, R' F R U2 R
WildcatHoliday2017,d,B,0,1,F R U R U2 R2 U2 R U' R' U',5, R U2 R U F'
DublinOpen2017,1,C,0,5,U2 R' U2 R' F' U' F R U' R' U2,5, U2 F' R2 U2 F'
FinnishChampionship2017,1,B,1,2,U R U' R2 U2 R U' R' U' F2 U,5, U' F2 R U' R
PaodeQueijoOpen2017,1,B,0,5,U R' F' R U R U' R' U' F R,5, U' R' F' U F
NanchangOpen2017,d,C,0,2,R F' U' R' U2 R U' F' R' U R,5, F R' U2 R F
SpeedcubesCapeTown2017,2,A,0,1,U2 F' R' U2 R U' R' U' R' F R2,5, U F2 R' F' U
AvenuesRubiksCubeOpen2017,d,B,1,2,F R U2 R U' R' U' R U2 R' U2,5, U' R U R2 F'
UKChampionship2017,d,C,0,4,R U' R' F' R U2 R' F R F U',5, U F' U R' F2
ClassicCitySpooks2017,2,E,0,1,F' U' F' U' F U2 R U' R U' R',5, F U R' F2 U'
ManausPlazaOpenII2017,f,A,0,2,R' U' F' U' R U' R2 U2 F U2 R2,5, U2 F2 U R F'
FoothillsFall2017,f,A,1,2,R' U F R F R U2 R' U' F U',5, U2 F2 R' U' F2
PekanbaruOpen2017,1,A,0,1,F U2 R U R U' R' U' R' U2 R,5, R' U R U' F'
HomeisnotDNF2017,2,A,1,1,U F' R' U R' F R U R' F U,5, U' F R2 F U2
SantaFeCubingSpring2017,f,A,0,5,F' R2 U2 R2 U' R' U' R' U2 R U',5, U2 R U' R2 F
Yeehaw2017,1,E,1,2,F' U2 R' U' R' U2 R U R U' R',5, R U2 R2 U F
ItalianOpen2017,1,B,1,2,R' F U2 R U R U2 R2 F' U2 R,5, R2 F2 U2 F R2
Maryland2017,1,D,0,4,R U' F' R' U2 R U2 R' F' R U,5, F U2 F R2 F'
SiauliaiAutumnOpen2017,f,A,0,1,R U2 R' U' R' U' R2 U' R2 U2 F,5, F' R2 U2 R' U
SouthCarolina2017,1,A,1,2,R' U R U R' U2 R U' R' F R2,5, R2 F' U' R U2
ArnoldOpen2017,2,C,1,2,R U2 R' U' R' U' R2 U' R2 F' U2,5, R2 U2 F' R' U
BarbyCubeAutomne2017,2,A,0,4,U' R' U' F' R U' R' F R U R',5, R2 F R U F2
ElMuelleOpen2017,f,B,0,4,R' F' U2 F R2 U2 R2 F U2 F R,5, F R F2 R' F'
MetalRubikCore2017,1,B,0,5,R F' R' U2 F' R2 U' F R U2 R,5, U F2 U' R' F
MonnemCityCubing2017,1,B,0,1,R' F U2 R U R' F U2 R' U2 R2,5, F2 U2 R2 F R2
FresnoFall2017,1,D,1,2,U2 R U' R' U' R' F U2 F' U2 R2,5, R F2 U F R2
MindanaoChampionships2017,f,A,1,1,U' R' U2 F' U2 R2 U' R' U' R' U2,5, U2 R' F' R' U2
MYCACubeDay2017,f,C,1,1,R' U' F' U2 F R U' R' U2 R U,5, R F' U' F U
BichoLegalOpen2017,1,A,1,2,U' R' U2 F' R U2 R' F U' R2 U',5, R F' R2 F U
CubingKnights2017,d,A,1,2,R' U2 F R2 U2 R2 F U' F R2 U',5, U R2 F' U' R'
DeccancubeOpenAugust2017,d,A,1,2,U R U' F' U2 R' U F U2 R2 U2,5, F U2 R' F R2
SpeedcubingIlo2017,1,B,1,1,R U' R' U' R' U R U R' F R2,5, R2 F' R2 U R2
IndonesianChampionship2017,d,F,0,2,R' U' F R U F R U' R' U2 R2,5, R2 U2 R F' U'
CrossstraitCubing2017,1,C,0,5,F' R2 U2 R U R U' R' U' R' U2,5, U R U' R2 F
SantaCruzWinter2017,1,A,0,5,R F' U' F' R' U' R' F U R U',5, U2 F2 U' R' F
TambovSummer2017,1,C,0,1,U2 R' F U R' F R2 F' U2 R' U2,5, F' R U2 F' R2
AchoOpen2017,f,B,1,1,R' F R U' F' R U R' U' R U2,5, U2 R' F U F'
ChinaChampionship2017,d,K,1,1,R' F U' R U2 R' U R U R' U2,5, R U' R' F' R
SwissOpen2017,d,B,0,2,U' R' U' R U2 R2 U' F R U R,5, F U' F' U' R
150thCubeMeetinginBrest2017,1,C,0,5,U2 R' F U R U2 R' U R2 U' R',5, F' R U2 F2 R2
CubingUSANationals2017,1,AG,0,4,U' R' U' R U R F' R2 F U R2,5, R' U F2 U2 R'
EgerOpen2017,2,C,0,2,U R2 U2 F U' R U R U2 R' U2,5, U R' U F U
NoStressSolving2017,2,B,0,1,R' F' R F U2 R U R U2 R' U2,5, U2 R' F U2 R2
NoStressSolving2017,1,A,1,1,U2 R' U' R U' R U2 F' U2 F' R,5, F2 R U R2 F2
ByczyCubeRace2017,1,B,0,3,R F' U' R' U' R U2 R2 F' R2 U',5, F2 R F' U' R'
3rdGuwahatiOpen2017,1,E,1,1,U' R' U' R' U2 F' R U' R' U2 R,5, R' U R' U F'
BrnoOpen2017,f,A,1,1,U2 R U' F' U2 R' U' R F' R' U',5, U R F2 R2 U'
SLSBedzinOpen2017,f,A,1,2,R' U2 R F' R2 U' R U2 R' F U2,5, U2 R' F2 R' F
IIASummerOpenMay2017,f,A,1,1,U' R' F R F U' R U2 R U' R',5, F2 R F' R' F
CrossroadsCubingSpring2017,f,B,0,2,R' F U R U R' U F R U' R',5, U2 F2 U' R U
MinnesotaCubeMelt2017,1,F,0,1,R' F R2 F' U' R' U2 R U2 F' R',5, F2 U' R F R'
SlovenianOpen2017,f,A,0,3,U2 R F' U2 R2 U2 F U2 R2 F' R',5, R F' R U2 F2
GermanOpen2017,f,A,1,1,R' F' U2 F U' R2 U R' U2 R U,5, F U2 F2 R2 F
WenzhouOpen2017,f,A,1,2,R' F' U' F R U' R U' F' U' R',5, U R' F2 U2 F'
HendersonvilleSpring2017,c,C,0,3,U R' F U2 R U R U2 R U' R2,5, R F U' F R2
USMPenangCube2017,1,B,0,2,R F R U' R' F' U' R U' R U',5, R' F U R2 F2
HelsinkiOpen2017,f,B,0,4,U R U2 R2 F R U' F2 U' R U,5, R2 F2 R U F2
France2017,d,C,1,1,R U' R2 F' R2 U2 R2 U2 R2 U2 R',5, R F R2 U R'
RigaOpen2017,1,D,0,3,R U' F' R2 F R2 U2 R2 U2 R2 U',5, R U F2 U' R2
ClassicSanLorenzov42017,1,E,0,2,U R U' R' U' R' F R2 F' U' F,5, F2 U F U R'
SCMUICTOpen2017,d,E,0,4,R F' R' U R U' F' U R' U' F,5, F2 U' R U F2
MichiganCubingClubBeta2017,1,C,1,1,U R F' R' U R U2 R' F R U',5, U' F U' R' U2
HowlandHighSpring2017,d,C,1,1,F U' F' U' R U2 R' F U F U2,5, U2 R' F2 R F'
AnaadyantaCubeOpen2017,d,K,0,3,R U' F' R2 F R2 F' R' U' F U',5, U' F2 U' R2 F
AtlanticOpen2017,f,A,1,1,U' R' F U' F R2 U' R' U' R' U',5, R U2 F' U R
DelhiOpen2017,1,F,1,2,U2 R' U2 F' U2 F R U R' F U2,5, U2 F2 U F R
SLSGliwice2017,d,A,1,1,U' R' U R U R F' U2 R' U R,5, U F U R2 U'
LedgewoodWinterOpen2017,2,B,1,2,U' F R U R' U' F U' R U R,5, R2 F' U F2 U
LorenaOpen2017,1,A,0,2,U2 R U' R' U' R' U F' R U' R',5, U' R' U F' U2
CubeEManiaOpen2017,1,A,0,1,R' U' R U R' F U' R U R2 U2,5, R F' U F' U
TrondheimWinter2017,2,B,0,4,U' R' F U R U2 R' F' U' R2 U',5, U R F2 R2 U
AdelaideSummer2017,f,A,0,3,F U' F U' R2 U' F' U R U' R',5, F2 R2 U R F2
OlsztynOpen2017,d,B,0,2,U2 R F R U R' F U' F U2 R,5, U2 F U2 F R'
YuraSpeedcubers2017,1,B,1,2,F R U R U2 R' U' R' U' F U',5, U F' R2 U F'
CubersEastIndiaOpen2017,1,F,0,2,R' U2 R2 F' U2 R2 U2 F U2 F' U',5, U F U2 F2 R'
Cubelonia2017,1,B,1,1,U2 R' U R U' R U' R' U' R U',5, U' R2 U' R2 U2
GuateMayaOpen2016,2,C,1,2,F U' R U R' U' F U' R U R',5, F' U F' U F'
GuateMayaOpen2016,2,B,0,2,U' R U' F' U' R' U R' U' R F,5, F' R2 U' F' R2
TorontoLimitedFall2016,d,D,0,3,R U2 F' U2 R2 F U2 F U2 F U',5, U' F U2 F R
NewZealandNationals2016,1,B,0,5,R' U2 R U2 R' F R U' R F' U,5, F2 U2 R U R'
CerbunaOpen2016,1,B,0,4,U R U' R2 F U' F2 R U' R U',5, U' F' R F2 U2
NancyOpen2016,d,D,0,1,U' R' F' U F U' F U2 R U' R',5, U' F2 U' F' R
Marista2016,1,B,0,5,R' U' R' U' R U R' U' R U R,5, U R2 U R' U2
CaririOpen2016,1,B,0,1,U' R U2 R' U' R' U2 R U R U2,5, U' R2 U R' U
GeniusCube2016,2,D,0,3,R' U F' U2 R U2 R U' R2 U' R,5, F2 U2 R2 F' U
LjubljanaOpen2016,2,B,1,1,U' R' F' U2 F R2 U2 R2 F U2 F,5, F' R2 F R U
TorneodeSpeedcubers2016,1,A,0,5,R U' F' U' F' U' R' U' R' U' R,5, R2 F' R' F' R2
LawrenceFall2016,1,C,0,3,U2 R' U' F U' R U F' U2 F U2,5, F2 U F U2 R2
TaiwanChampionship2016,f,A,0,3,R' U' F R U' R' U2 R F' U' R',5, R' F' R F R2
TaiwanChampionship2016,1,D,0,2,U' R' U' F' R2 U' R' U R' F' U2,5, U2 R' U' F2 R'
SumareOpen2016,f,B,1,2,R U2 R2 U2 F R2 U2 R2 U' F R2,5, R2 F' U F R'
AmaltheaSCMUOpen2016,d,A,0,5,F R2 U' R' U' R' U' R U R' F,5, F' R2 U R' F'
ShriRamCubingChallenge2016,2,E,0,2,R U R U' R' U' R' U' F' R U2,5, U2 R' F R U
TathvaCubeOpen2016,2,B,0,3,U' R' U2 F' R2 U' R' U2 F U' R,5, R2 U' F' R2 F2
CubingATMOSphere2016,2,C,0,1,R' U2 R2 U2 R2 F R U' R' U' R,5, U F' U' R' U'
VancouverFall2016,d,E,0,2,R U R' U2 F' R2 U' R' U' R' F,5, F2 U' R' U2 R'
GermanNationals2016,1,C,1,2,U R2 F R2 U' R2 U2 R2 U' R' U,5, F R U F2 R'
GuildfordOpen2016,f,B,1,1,R F' U' R' U' R' F R2 F' R' U',5, R2 U R' U F
OklahomaFall2016,1,C,0,5,U' R' U' F' R U' R' U R' F' R,5, R2 U' F2 R' F
VITRubiksCubeChallenge2016,2,D,0,5,R U' R2 U2 F' U' R U R U' R2,5, F R U2 F R
VITRubiksCubeChallenge2016,1,G,1,1,U' R' U R' U2 R2 F R U' R' U',5, R2 U2 F R' F
CriciumaOpen2016,f,A,0,1,R' F U2 F R2 U' R2 F2 R2 U' R',5, R' F U2 F' R
SandnesOpen2016,2,A,0,4,R' U2 R2 U2 R2 F R U' R' U R2,5, R2 U F' R' F
CubeNMeme2016,f,B,1,2,R F U2 R' F U' R U2 R U2 R',5, U' F' R U2 F'
MasonCubingChallenge2016,d,E,1,1,R' U' F' R U' R' F R U' R U,5, F U R2 F2 U'
SescCamaqua2016,1,B,0,1,U' R' U' R2 F' U2 R2 U2 F R2 U2,5, U' R2 F2 R' U
LimaRubik2016,2,D,1,1,F' U2 R U R' U' F U' R U R',5, F' U F' U2 F
DunasOpen2016,2,A,1,1,F U' F U2 F' R U' R' U' F U',5, F2 U R' F R
MindanaoChampionship2016,f,B,0,3,U' R' U F' U' R U2 R' U2 R2 U',5, R' F2 U2 F' U2
KoreanChampionship2016,f,A,0,3,R2 U2 F R2 U2 R' U R F' U' R',5, F' U' R F2 U2
USNationals2016,1,G,0,5,R' U R U' R U' R' U' R F' R2,5, U2 R2 F' U R2
PerthWinter2016,f,A,0,3,U R' F U2 R U R U2 R2 F U',5, U' R F' R2 U'
NationalCubingRegionOpen2016,d,B,0,2,R' U2 R2 F' U2 R2 U' F U' F' U',5, F' U' F U R'
SaintMaryScramble2016,f,A,0,3,R U' R' F' R' U' R F' R2 U' R,5, R F' R2 F' R'
Euro2016,2,B,1,2,U R U' R' F R U' R' U2 F' U,5, F' U F2 U F'
IdahoSpeedcubing2016,f,A,0,5,U2 R U' R' U' R' U2 F' R2 U' R',5, U' R' F' R' U2
SlowNSteadySpring2016,d,A,0,2,U' R' U' F' R U R' U2 F U2 R',5, R2 F2 R F2 U2
OficinaOpen2016,1,B,1,2,R' U2 R U R' F U2 R U R U,5, F U' R U' R
NewmarketOpen2016,f,A,0,1,R' U' R2 F' R2 U2 F' R' F R U2,5, F R2 U2 F U
NewmarketOpen2016,d,F,0,5,U R U' F' U2 R2 F R U R F',5, F' R2 F' U' R2
NewmarketOpen2016,d,D,1,2,U2 R2 F' U2 R' U R' F U2 R U',5, U F2 U2 F R'
IGARubik2016,2,C,0,2,U R' U' F' R U R U' R' U' R',5, F U R F U'
CalgaryOpenSpring2016,2,A,1,1,R' F U2 R2 F' U' F' R' U2 R U',5, F2 U F U R
FlorenceRubiksCubeOpen2016,f,A,1,2,U' R' U F' R2 U' R' U' R' F R2,5, R2 F2 R U' R'
FlorenceRubiksCubeOpen2016,2,A,0,2,U' R' F U' F' R2 U' R' U R' U2,5, U' R U2 F U2
AZCubingSpring2016,f,B,1,1,R F' U' R' U' F R U' R' F R,5, R' F2 R F U2
KawasakiSpring2016,1,B,0,1,R' U' F R U' R' U2 R F' U' R,5, R F' R F R2
LvivSpringDays2016,1,B,0,1,R' U' R U' R' U' F R U F R,5, F R F' U' F'
France2016,d,D,0,5,R' F' R U R U2 R' U2 R U R',5, F' R' F2 R F2
BSUCubingDays2016,1,C,0,5,R' F' U' R2 U' R' U' R' U' R2 U2,5, F R2 U F' U'
WesternVisayasOpen2016,f,A,0,5,R' U2 F R2 U' R2 F U2 R F R,5, R' F U' F2 R2
FinnishOpen2016,1,C,1,2,U' R U' R' U' F' U2 R' U' R' U',5, R F2 U' R' F'
CherryBlossomViewing2016,f,A,0,5,U' R' U' F' U' F U2 R U2 R U',5, U R' F R' F'
IndianNationals2016,3,C,1,2,U' R U' F' U2 R' U' R F' R' U',5, U R F2 R2 U2
SCMUICTOpen2016,f,B,0,3,R' F2 U2 F' R U R F' U' R' U,5, U' F' U F2 U2
SCMUICTOpen2016,d,E,0,4,U R F R U R U2 R2 F U2 R,5, F' U' R' F2 R
UtahSpring2016,1,A,0,5,R' U' R2 U2 F' U2 R2 U2 F R2 F',5, F R2 F2 U' R
GLSCupI2016,d,C,1,1,U' R U' R' U' R' U' F2 R U R',5, R2 F U2 F' U2
MathSocOpen2016,1,F,1,1,U2 R' U' F2 U' F R U' R F' U2,5, R' U R' F2 U
CubeOnBengaluru2016,1,B,0,4,R' U' R2 F' U2 R' U R' U R U',5, U F U F2 R2
PalmettoPlaza2016,c,C,0,4,U R F' U' F' R' U2 R' F' R U,5, R F U2 F U'
GIC2016,d,C,1,1,R U2 R' U' R' U' R U' R U2 F,5, F' U' R U R
SivarOpen2015,1,B,0,2,R' U R U R U' R2 F U2 R U2,5, U2 F' R F U
LyonChristmasOpen2015,1,C,0,5,R U2 R' F R U' R F' U' R' U',5, U' F2 U' R2 U2
TorontoOpenFall2015,d,H,0,1,U2 R U2 R' U' R' F R U' F2 U',5, U' F2 U F' U'
KirkkonummiOpen2015,1,A,1,1,R U' R2 F2 U2 R U' R U' R U2,5, F' U2 F' R F2
GuatemalaCubeChallenge2015,2,C,0,4,U2 R' F' U' F' U2 R2 U2 R2 U2 F,5, R U R F2 U2
LaPlataOpen2015,1,B,0,2,U F R U R' U' F U' R U R,5, R2 F' U F2 U'
DomusSapiens2015,2,B,1,2,R U' F' R2 F R U2 R U' F' R2,5, R F' U' R2 F
CBSOpen2015,1,B,0,1,U' R' F' U2 F U' R2 U2 R2 U2 F,5, F' R' F R2 F'
HasseltOpen2015,2,A,0,4,U' R' U' F' R2 U R' U2 F U2 R2,5, R' U2 F2 R' F
AvenuesCUBELELO2015,d,C,0,2,U2 R' U' R U R U2 R' U' R' U2,5, U R2 U2 R U2
IdahoSpeedcubing2015,2,A,1,2,U R' U R U R U' R' U' R F,5, F' R2 U' R2 U'
ODUBigBlue2015,d,A,0,1,R' F R2 U2 R2 U' R U R U2 R',5, U' R' U F' R
SPBAutumnOpen2015,1,A,1,2,U' R U2 R' U' R' U' F2 U2 R2 U2,5, F2 R2 U' R U2
UralAutumn2015,2,A,0,4,R' U R U' R U' R' U' R F' U2,5, R2 U2 F' U R2
AmaltheaSCMUOpen2015,2,E,1,1,R U' F' U' R' U2 R U' R2 F' R2,5, R F' R' U' F2
KjellerOpen2015,f,B,1,2,R' U2 F' U' R U2 R' U2 F' U2 R2,5, R U2 F' U' F'
LexingtonFall2015,1,A,0,1,R F' U2 R2 U2 F R2 U2 R' U' R,5, R' U R' F2 R'
IrvineFall2015,1,E,0,1,U2 R U' R' U' F' R' U R' U2 F,5, F2 U2 R U2 R2
MuseeduJeu2015,f,A,0,5,U R' F R U R F U' F R U',5, U R' F2 R' U2
MasovianOpen2015,f,A,0,2,R' U' R2 U' R2 U' R2 U' R2 U2 R,5, R' U R2 U' R'
CochabambaOpen2015,f,A,1,1,R' U' R2 F' R' U R U2 R2 F2 U',5, U F2 R2 F U
MoscowSouthWestOpen2015,1,B,0,1,U' R U' R' U' R U2 R2 F R2 U',5, U2 F U' F' R'
MoscowSouthWestOpen2015,1,A,0,5,R' F R U' R U2 R2 F U2 R2 U2,5, R' U' F U R2
HungarianOpen2015,2,B,1,1,F' R2 U2 R U R U' R' U' R' U2,5, U R U' R2 F
ParaxCubecomp2015,1,C,0,1,U' R' F2 R U R' U2 R2 U2 R2 U',5, U' F U2 F' R'
OsloFall2015,1,B,1,1,U2 R U2 F' U' R2 F' U' R U R',5, R' F U' R' U2
CCCEndofSummer2015,1,A,0,5,U2 R' F R U R F R U2 R' F,5, F2 U' R' F2 U
BrainStudioCubeOpen2015,2,B,1,1,U R' U' R' U' R2 U' F' R' U' R,5, R2 U' R' U' F'
SanLorenzoInvierno2015,1,C,1,2,U' R' U' R U' R U R' U2 R' F',5, F' R2 F R2 F2
VeranoCubero2015,f,A,1,2,U R U' R' U' R' U' F R2 F U,5, F R F' U2 F'
SydneyWinter2015,f,A,1,2,R' F R F U2 F R U R' U' R2,5, R2 F' U2 F' U'
EjidoMallOpen2015,f,A,1,1,R' U' F' U' R U2 F U2 F R2 U',5, U2 F2 R' U R2
WuxiOpen2015,1,A,0,3,R F' R' U' R U2 R' U' F' R U,5, U2 F2 R2 F' U
GreatLakes2015,f,A,1,1,R' U2 R U2 F U2 R U' R' F U',5, U2 R U F2 R2
HefeiOpen2015,f,A,0,3,R' U' F' R U R U' R U' R' U',5, F R U R' F
FranconiaOpen2015,2,B,0,2,U' R U2 F' R' U' R' F R U R',5, R2 F U R' U
CannesOpen2015,1,C,0,5,R' U F R U' R' U2 R U F R,5, F U F' U' F2
Dayton2015,f,A,0,4,U2 R F' R U' R2 U' F R U' R',5, F2 U' F R2 F
WellingtonWinter2015,f,A,0,2,R F' R2 U' R U' R' U2 F' R2 U2,5, U F R' U' R
TexasShowdown2015,1,B,0,4,U R' U F R U R' U' R2 F' R',5, F R2 F' U' R
IndianNationals2015,d,V,0,2,U R U2 R' U' R' U' R U R U',5, U2 R U R' U'
IndianNationals2015,d,N,0,4,F2 U' R U R U2 R' U' R' U2 R,5, R' U R2 U2 F2
MelroseSpring2015,1,A,0,2,R' F' U2 F R2 U2 R2 U2 R2 U' R',5, R2 F R2 F' U'
SLSZawiercie2015,2,B,0,3,U R F U2 R U R' F U2 R2 U2,5, F2 U2 R F' U'
PalaghiaccioOpen2015,1,C,0,3,U2 R' U' R2 F' R2 U' R U2 R' U',5, F' R' F R' U
NanjingSpring2015,2,A,1,1,U R' U2 F R2 U' R2 F' U2 R U2,5, U2 F2 U' F2 U'
MioveniRubikOpen2015,2,A,0,5,R2 U' F R U R U2 R' U' R' U',5, R2 U F' U R2
NationalCubingRegion2015,f,A,0,4,U2 R' U2 F2 U' R U' R U' R' U',5, R U2 R2 U F2
NationalCubingRegion2015,d,J,1,2,U R U' R' U' R' U' F' U' F' R2,5, U' R2 F' R' F'
NationalCubingRegion2015,d,B,0,2,U' F U' R2 U' R2 U' R2 U' R2 U',5, R2 U' R2 F' U
TorontoOpenWinter2015,2,B,1,1,R' U' F U' R U' R' U' R F R2,5, U R' U2 R' F'
LaFloridaOpen2015,1,C,0,4,U2 R' U2 F' R U' R' U' F U F,5, R U' F2 R' F2
WinterWestUkraine2015,2,B,0,3,F R2 U' R2 U2 R U' R' U' R U2,5, U R U R' F'
BelgianWinter2015,1,B,0,5,R U' F' U' R' U' R' F' R2 U' R',5, F' R' F' R2 F
RoseCity2015,1,A,0,5,R' U' F R2 F R U R U2 R2 U2,5, F U2 R2 F' U'
SCMU2015,2,B,0,1,U2 R' U2 F' R2 F' U2 R2 U' F U2,5, U' R F U' F
PBSmashathon2015,d,B,1,1,U' R U' F' U' R2 U' R' U' F U',5, U F' R F' R2
FrankfurtCubeDays2015,1,B,1,2,U R F' U' R' U' F' U' R2 U' R2,5, R2 F2 R' F2 U2
ShaastraCubeOpen2015,d,L,0,2,U' R' U' F' R U' R' U' F R2 U2,5, U' R2 F U F2
KAISTFall2014,f,A,1,2,U2 R' F' U2 F' U R U' R U' R2,5, F' U R' F2 U
MumbaiOpen2014,d,G,0,1,U2 R' F U2 R2 U2 F' U2 R2 U' R2,5, R2 U' F2 R U2
SantiagoOpen2014,1,A,0,4,R' F U' R U R' F R' U' R U',5, U2 F' R F2 R
GLSWinter2014,2,A,0,3,U2 R' U' R2 F' U' F' R' U R' U',5, R2 F' R' F' U2
KjellerOpen2014,2,A,1,1,U2 R' U2 F' U2 R U2 R F' R' U2,5, F' U' F U2 F
HasseltOpen2014,f,A,1,2,R' U' F' R U R' U' F U' R U',5, U2 R' F' U2 R
FinnishChampionship2014,2,A,0,5,R' U2 F' U2 F' U' F' R U2 R' U',5, R' U' R' U' F2
FinnishChampionship2014,1,A,0,1,U R' U2 R2 F' U2 R2 U2 F U2 R,5, R' U2 F2 R' U'
NanjingAutumn2014,1,A,0,2,R' U R U' R F' U' R2 F' R U,5, U2 R F2 R2 F'
SwedishChampionship2014,1,B,0,3,R U2 F' U' F' R' U2 R' F R U,5, R F2 R U2 R'
TaylorsSpeedCubingChallenge2014,f,B,0,5,U2 R' F2 R U R U' R' U' R' U',5, R U F2 R U2
DesioRubiksAce2014,2,A,0,3,R2 F U' R2 U' R' U' R' U2 R U',5, U2 R U2 F' R2
GermanNationals2014,1,C,0,5,R' U' F' R U' R' F R U R U2,5, U R2 U R F
Euro2014,1,L,0,5,U2 R' U2 F R2 U2 R2 F' U2 F R2,5, R2 F' R U2 F2
OdessaOpen2014,f,B,0,1,R U2 R F' R' U2 R' U2 R2 U' R',5, F2 R' U' F2 U'
BacktoPiedemonte2014,1,B,1,2,F' U2 R2 U' R' U' R' U2 R U' R,5, R' U2 R U' F
MingdaoCubeCarnival2014,d,A,0,3,U R' U2 R U R U2 R2 F U2 R,5, F' R F R U'
Waterloo2014,d,B,0,2,U' R2 U2 F' U' R' U' R' U' F R2,5, U2 F U2 R F2
NationalCapitalRegion2014,1,B,0,1,U2 R' F R U R' U' F' R U2 R',5, F' U F U' R
ItalianChampionship2014,f,A,0,3,U' R U' R' F' U2 R2 F R2 U2 R',5, R2 U' F R' F2
PistayDayat2014,f,A,0,2,U R U R U' R2 U' F R U R,5, R' F U' R2 F'
WellingtonAutumn2014,f,B,1,1,U2 R' F U2 F U' R2 U' F2 R U',5, R F' U R2 F2
BPCubeDay2014,f,A,1,1,R' U R' U' R2 F' R2 U' F R2 U2,5, U' F2 R2 F U'
WelwynGardenCity2014,f,A,0,1,U' R F U2 R U R' F' U2 F U',5, U F' R' F' U
GermanOpen2014,2,B,0,2,R U2 F R U' R' U2 F' U' F R,5, R' F' U R' F
KansaiOpen2014,f,A,0,1,R' U' R2 F' R2 U2 F' R' F R U2,5, F R2 U2 F U
HessenOpen2014,f,A,0,5,U' R U' F' R' F R U R' U' F,5, F2 R F R' U2
