state,Count,scramble,competition_id,round_type_id,group_id,is_extra,scramble_num
2471563821201000,13,R F U' R' F' R U2 R' F U2 F',UralWinter2016,1,A,0,4
2471563821201000,13,R U2 R2 U' F2 U' R U' R' U2 F,IndianOpenRubiksCube2016,1,E,0,1
2471563821201000,13,R F U' F R2 U2 R2 U2 R U' F,VilleneuvelesAvignonOpen2019,f,A,0,1
2471563821201000,13,R' F' U' F R U R2 U' R U2 R',BolognaNxNSpring2019,1,B,0,3
2471563821201000,13,R F U' R' F' R U2 R' F U2 F',NoPlaceForDNFSpring2019,f,A,1,2
2471563821201000,13,U' R' U' F R2 U2 F R U R' U',JambiCubeFestival2019,f,B,1,1
2471563821201000,13,U R U' F R2 U2 R2 U2 R U' R,SunCityOpen2019,f,A,1,2
2471563821201000,13,U' R' F U' R U' F U' R2 F' R2,UralSpring2021,1,D,1,1
2471563821201000,13,U' R' U' F R2 U2 F R U R' U',CatoCubingCochabamba2024,1,B,0,3
2471563821201000,13,U' R' F U2 R' U F U2 F R2 U2,CubeAgainstCancerHouston2025,1,C,1,2
2471563821201000,13,R U2 R2 U' F2 U' R U' R' U2 F,Villavicencio2025,d,A,0,2
2471563821201000,13,U R U' F R2 U2 R2 U2 R U' R,CBASpringSucre2025,c,D,0,4
2471563821201000,13,R U' R' U2 R U' R2 U R' U' F,SolvingFerryFastRosslare2026,1,C,0,2
2371564812101220,13,R' U R' U2 F' R U R' F U' R',BelfortOpen2016,1,A,1,1
2371564812101220,13,F' R2 U2 R U R' U2 F U' R2 U2,KJSCEMumbaiOpen2016,d,E,0,5
2371564812101220,13,U' R U2 R2 F' U2 F' U' F R U',CaririOpen2016,2,B,0,2
2371564812101220,13,R F' U2 R' U R' F R' F R U,Cerulean2017,1,B,1,1
2371564812101220,13,U' R U2 R2 F' R2 F' R' U R U',MTDSpring2017,1,B,0,5
2371564812101220,13,R' U R' U2 F' R U R' F U' R',GLSCupV2018,f,A,1,2
2371564812101220,13,F' R2 U2 R U R' U2 F U' R2 U2,Ixchel2022,1,B,0,2
2371564812101220,13,R' U2 R2 F' R2 U R2 U2 R' U' R',CubinginCambridge2022,f,A,0,1
2371564812101220,13,R' U' F R' U F U' F U' R2 U',ErmeloCubingA2023,f,B,1,1
2371564812101220,13,U' R F' R' F U' R U R U2 F',UppsalaWinterCubing2024,1,A,1,2
2371564812101220,13,R F' U2 R' U R' F R' F R U,CournonsecOpen2024,f,A,0,1
2371564812101220,13,F' U' F U2 F U' R U R U2 R2,ItalianOpen2024,1,C,1,2
2371564812101220,13,F R2 F' R2 U2 R U R U' R' F,UlaanbaatarNomadMazaalai2025,1,A,1,2
2364571812222000,13,R' U2 F' U2 R U R' F U' R2 U',NewZealandNationals2016,2,B,1,1
2364571812222000,13,U2 R2 U' R2 U' F' R U2 R' U' R2,WiehnachtswurfelazBarn2016,1,C,0,2
2364571812222000,13,U R' U2 F2 R U2 R' U R U' R,HuskyShowdown2018,1,D,0,5
2364571812222000,13,U' R' U' F U2 F2 R' U2 R U' R',OficinaOpen2018,1,C,0,4
2364571812222000,13,U2 R2 U' F R U' R' U2 F R U',FiveRiversCubeOpen2018,1,B,0,2
2364571812222000,13,R' U' F' U' R U2 R' F2 U2 F R',GuateMaya2021,1,D,0,2
2364571812222000,13,F' R' U' R' U2 F2 R U' R' U' R2,VardagscubingIVGamlaUppsala2023,f,A,1,2
2364571812222000,13,U' R U' R2 F R2 F' R' U2 R U',HarmonyElPasoCubing2023,1,B,0,4
2364571812222000,13,R U' R2 U F U' F R2 U2 F' R',RiansOpenMiniEdition2024,1,A,0,1
2364571812222000,13,R' F' U' F R2 F' R2 U2 R U' R',SingaporeHougangOpen2024,d,C,0,2
2364571812222000,13,U2 R2 U' R2 U' F' R U2 R' U' R2,CdACubeClash2025,f,B,0,2
2364571812222000,13,U2 R U' R' U' R' F2 R2 U' R' U',KublordagUppsalaIV2026,1,A,0,3
2364571812222000,13,U' R U' R2 F R2 F' R' U2 R U',GranadaOpen2026,1,E,0,3
2367451802001120,12,R' F2 R U' R' F R U' R' U' R',CroatianOpen2015,1,A,0,1
2367451802001120,12,F R U R' F U F U2 R U' R,HillcrestCubing2017,f,A,0,3
2367451802001120,12,U' R' U F' R U' R F U' F R2,DutchNationals2018,1,F,0,1
2367451802001120,12,F R U R' F U F U2 R U' R,ChangshaSpringOpen2019,d,B,0,4
2367451802001120,12,R' F R U2 F' R U' R' F R U',EmpireStateSpring2019,1,A,0,4
2367451802001120,12,F R U R' F U F U2 R U' R,MalaysiaCubeChampionship2019,2,C,0,1
2367451802001120,12,R' U2 R U' F' R U' R' U' F' R,StowhioOpen2021,f,B,0,4
2367451802001120,12,U' R U2 F' R2 U' F U2 F U' F,OsijekOpen2022,f,A,1,2
2367451802001120,12,R' F' R U' F' U2 R2 F' U' R U2,VilniusOpen2022,2,A,0,4
2367451802001120,12,U R2 U' R U R' F U R' U' R,CrystalCityFall2022,1,C,0,4
2367451802001120,12,U' R' U F' R U' R F U' F R2,AltavistaOpen2023,f,A,0,1
2367451802001120,12,U R' F R U2 R' F U2 R2 U2 R2,CoffeeCupTacoma2025,2,D,1,1
1257643802002200,12,U R U2 F' R' U2 R' F' U2 F R,SantiagoOpen2014,f,A,0,3
1257643802002200,12,U R U2 F' R' U2 R' F' U2 F R,BSTUOpen2015,1,A,0,1
1257643802002200,12,R' U' R F R F U2 R2 U' R' U2,UKChampionship2016,1,D,0,4
1257643802002200,12,R' F U2 F' U R U R' F R' F',KoreanChampionship2018,1,A,0,5
1257643802002200,12,F' U' F U' R U R F' R2 F U',IrunaOpen2019,1,B,0,5
1257643802002200,12,U R2 F' U' R2 U' F U' F U2 F',GACubersGreetings2022,1,G,1,2
1257643802002200,12,R U2 F' U' F2 U' R U' R U2 R',WestChesterFall2022,f,A,1,1
1257643802002200,12,R U2 F' U' R2 U' R U' F R2 F',BogotaWinterCubeTheReturn2023,2,A,0,4
1257643802002200,12,U2 F' U2 F2 R U R' F U' R2 U2,EdinburghWinter2024,f,B,0,4
1257643802002200,12,U2 R' F2 U' R U' R F' R U' R2,PretzelManiaSummer2024,1,A,0,5
1257643802002200,12,U2 R' F U' F2 R2 F' U R U' R',LaPazMasters2024,2,A,1,1
1257643802002200,12,U' R U2 R F' R' U R' F U2 F2,CadizSpeedcubingOpen2025,f,A,0,3
4152736821120209,11,F R2 U' F U2 F U2 R U2 R' F,Michigan2014,2,A,0,2
4152736821120209,11,R U2 F' R2 F U R' U' R F R,MichiganCubingClubBeta2018,d,E,0,4
4152736821120209,11,R2 F U' F R U R' F' U' R2 F',SalesianosOpen2018,1,B,0,3
4152736821120209,11,U' R U' R2 U' R' F2 R U' R' U',HuzhouOpen2019,1,C,1,2
4152736821120209,11,U R' U2 F R2 F' U' R2 U2 F' U,NordicChampionship2019,1,C,0,1
4152736821120209,11,U2 R' U R U2 R' U2 F2 U R U,NxNMinnesota2023,1,B,0,4
4152736821120209,11,R U' R2 F R' U2 F R U' R U',SofiaSpring2024,2,A,0,4
4152736821120209,11,U' R U' R2 U' R' F2 R U' R' U',LosFuertesPuebla2024,1,C,1,2
4152736821120209,11,R' U' F U2 R2 U' R2 F2 U R' F',CubeFactoryLeagueRogow2025,1,D,0,4
4152736821120209,11,R' U' F U2 R2 U' R2 F2 U R' F',SparkMelbourneJuly2025,1,E,1,1
4152736821120209,11,U R' F U' F U' F2 U R' F' R2,UNSASpeedcubingPrimavera2025,1,C,0,4
2574613802200110,11,R' F R2 U2 R' F R F U' R U2,RECCubeChallenge2015,f,B,0,2
2574613802200110,11,R' F R2 U2 R' F R F U' R U2,ChaozhouOpen2017,f,A,0,5
2574613802200110,11,R2 U2 R2 U' F R U' R' U2 R U2,SlovakianSummer2018,f,A,0,1
2574613802200110,11,R' F R2 U2 R' F R F U' R U2,MichiganCubingClubAlpha2019,1,D,0,2
2574613802200110,11,R' U F R U' F U' F U' F' U2,DelhiBigCubeOpen2022,2,A,0,3
2574613802200110,11,R' F R U' F U2 R2 U2 R2 F R2,NacionalesArgentinas2023,2,C,1,1
2574613802200110,11,R' F' R2 F U F' U2 R U2 R U',BarelyAwakeBoulder2024,1,A,0,3
2574613802200110,11,U' F U2 R2 U2 F' R' U2 R' F2 U',CubeaToninArlington2024,2,A,0,1
2574613802200110,11,U R' F R F U2 R2 U2 R' U R',ArraiolosOpen2025,f,A,0,4
2574613802200110,11,R' F R2 U2 R' F R F U' R U2,PoulseurOpen2026,1,A,1,1
2574613802200110,11,U2 R' U F U2 F' R U R' U' R2,BrownCountyBlitz2026,1,B,0,2
2467351801001010,11,U R' U2 R U2 R' F R2 U2 R U',GermanOpen2016,1,A,1,2
2467351801001010,11,R2 U' F2 U2 F R U R' U2 F U',LatvianOpen2016,2,B,0,2
2467351801001010,11,U2 R U' R' U R2 U' R2 F2 U2 R2,TunasOpen2019,1,A,1,1
2467351801001010,11,U2 R U' F U2 F U' F U R U,PhoenixMarketcity2019,1,C,0,2
2467351801001010,11,U R' U' R2 F' U2 F' U' R2 F' R2,ElisaKulmaOpen2020,2,B,1,1
2467351801001010,11,R' U' R2 U2 R U2 R' U2 R F' R',BayAreaSpeedcubin362022,1,A,0,1
2467351801001010,11,U' F' R' U' R U2 R2 U' R2 U2 R',HDCIVHvidovre2023,1,A,0,4
2467351801001010,11,R F' U' R2 F U' R F' U R U2,RahnEducationLeipzig2023,1,B,0,5
2467351801001010,11,R' F' R U2 R U' R2 U F R U',SainshandOpen2023,1,B,1,1
2467351801001010,11,R' U2 F' U2 F U R2 F' R2 F R,AshokaOneMallSatOpen2025,f,B,1,2
2467351801001010,11,R' U' R2 U2 R U2 R' U2 R F' R',DeqingSmallSpecial2026,d,A,0,5
2451673820202000,11,R F U2 F U2 R U R' F R2 U2,SumareOpen2016,1,C,0,4
2451673820202000,11,R U' R U' F' R2 U2 F' U F R,PenzaSummer2017,1,A,0,5
2451673820202000,11,R' F2 R U R' U R F R U2 R',DhakaSpringOpen2018,f,A,0,3
2451673820202000,11,R F' U2 R' U R U2 R2 F2 U R,CubinguptheUP2023,f,B,1,2
2451673820202000,11,U R' F R U2 R' U R F' U2 F,IcelandOpen2023,f,B,0,5
2451673820202000,11,U R2 U2 R2 U' F U' R2 F U R,Cube4funinWarsaw2024,f,A,0,5
2451673820202000,11,U' R' U2 R U R' U2 F2 U' F' U2,Kuutionvaantelyt2025,2,A,1,2
2451673820202000,11,U R' U' F U2 F R U' R2 U' F,CaviteSideEventsOpen2025,c,C,0,4
2451673820202000,11,U' R' U2 R U R' U2 F2 U' F' U2,OrebroVinterkubingMainEvents2025,1,A,0,4
2451673820202000,11,R' U2 R F U' R F U R U2 R',ChengduWelcomingSummer2026,d,C,0,2
2451673820202000,11,U' R U' R' U R U R' F R F,GreatPeconicBay2026,1,B,1,2
2374516801102200,11,R' F U2 F' U' F R2 U2 F R U,KCubingSummer2016,1,A,0,2
2374516801102200,11,R2 U2 R U' R' U' F R F' U2 R,MauritiusOpen2018,f,B,1,2
2374516801102200,11,U R2 F U' R2 F' U2 R' U' R' F',CubingUndertheStars2018,f,A,0,1
2374516801102200,11,U' R' U' F U2 F' R' F U' R U',CubingUSANationals2018,1,Z,1,2
2374516801102200,11,U' F R U' F R U' R' F U2 F,CopaInframundoHN2018,f,C,0,4
2374516801102200,11,U2 R U2 R2 U' F' U2 R U R U2,OficinaOpen2019,1,D,1,2
2374516801102200,11,R' F' U' R U2 R' F' U R' U R',VladivostokSpring2020,1,D,0,4
2374516801102200,11,R' U2 R' U2 R U2 R' U' R2 U2 F',AutotaloAllEvents22023,f,A,0,2
2374516801102200,11,U2 R' F U2 R2 F U' R U R' U',WeekendCubingAIsrael2024,1,B,0,5
2374516801102200,11,R' U2 F U2 R2 U' R2 U' R U R2,HsinchuSummerOpen2024,f,A,0,2
2374516801102200,11,U2 R' U' R' F U F U' R2 U2 R',Gander2024,f,A,0,5
2374156822001100,11,U2 R' U' R U' R F' U' R2 F R,BrnoOpen2015,1,B,0,4
2374156822001100,11,R' U F R2 F R2 F' R' U' R U',BugellaOpen2015,2,A,1,1
2374156822001100,11,U2 R U' F' U2 R U' R' U2 R' U2,ZhangzhouOpen2018,1,D,0,3
2374156822001100,11,U' R' F' R U2 F' R2 U' R U' R,TheChoiceCubeOpen2018,1,A,1,2
2374156822001100,11,R' U' F R2 F' R' U' R U2 F R,BekubesPlazaRealAlajuela2019,2,A,1,1
2374156822001100,11,U2 F R U R2 F R U2 R' U' R2,ParaguayNationals2021,f,C,0,1
2374156822001100,11,R' U F U2 F R2 F' U' R' U R',PeruNationals2023,f,A,0,4
2374156822001100,11,R' U' R2 F' U2 R2 U R' U' R2 U,LuoyangSpring2024,d,G,0,5
2374156822001100,11,R U2 R2 U2 R U' R' F U2 R U,MotherEarthsCharterSpring2024,f,A,0,4
2374156822001100,11,U' R' F' U2 F' R U R' F U R2,DrurySummer2025,f,B,1,2
2374156822001100,11,R' U' R U R2 F R2 U' R' F' R,BayonneAtoutcubesOpen2026,1,A,0,2
2367514800211020,11,U2 R F U2 F R U R' F' U' R2,SCMUICTOpen2016,d,B,1,1
2367514800211020,11,U2 F R U2 R' F R U2 R' F R,ZhongshanOpen2017,1,B,0,4
2367514800211020,11,R F' R2 F2 U2 R U2 R' F2 R U',UtahSpringOpen2018,1,B,0,3
2367514800211020,11,U' R U R' U2 F R U2 R' U' R2,TeletonSalama2019,1,C,1,2
2367514800211020,11,U2 F R U2 R' F R U2 R' F R,VillaalCuboOpen2022,1,B,0,3
2367514800211020,11,F2 R2 U' R2 F U' R2 U' F' R2 U',CubingReturnsToColombo2022,1,D,0,1
2367514800211020,11,R' U F R' U2 F U R2 U' R' U2,NapervilleSummer2023,1,C,0,4
2367514800211020,11,U' R U2 R2 U' R2 U' R' F2 U2 R,SpaceCityWinter2024,d,D,0,2
2367514800211020,11,U2 F R U2 R' F R U2 R' F R,SzansaCubingOpenWarsaw2024,1,C,0,3
2367514800211020,11,U2 R U' R2 U2 R U2 R F R2 F,HappySuseong2025,2,B,0,3
2367514800211020,11,U' R' U F' R2 U2 R U2 R' U R',KirkkonummenJouluvaantelyt2025,2,B,0,3
2364157822210110,11,R' U2 R U' R U' F U' R' U' R',BigAppleCubeClash2016,1,G,1,1
2364157822210110,11,F U' R U R' F U R2 U R' F,PahiyasSpeedcubingOpen2016,1,B,1,2
2364157822210110,11,U2 R' F U R U R' U R U' F,SlowNSteadySpring2016,d,P,0,5
2364157822210110,11,R F' U' R' U R U' R2 F U R',EdmontonSummerTwist2022,1,D,0,3
2364157822210110,11,U R' F' R U R2 F' R' U' R' U',LegazpiOpen2022,1,A,0,4
2364157822210110,11,F U' R U R' F U R2 U R' F,ImusSpeedcubingOpen2024,f,C,0,1
2364157822210110,11,R U2 F' R' F R2 U2 R2 U' R U2,HawaiiBigIslandSummer2024,1,B,1,2
2364157822210110,11,U R' F' R U R2 F' R' U' R' U',KCKC6CubingforCake2024,1,B,0,1
2364157822210110,11,U2 R F' U' F' U' R' U R U' R',PeristeriSpringOpen2025,d,B,0,2
2364157822210110,11,U2 R2 U' R2 U' R2 F' R2 F U' F,GouverneurNxNoPeeking2025,f,A,0,2
2364157822210110,11,U2 R2 U' R2 U' R2 F' R2 F U' F,AlfredUniversity2026,f,A,0,5
2364157821222000,11,R2 F2 R U2 R U' R2 U' F R U2,IndianNationals2014,f,C,1,2
2364157821222000,11,U R U2 F' R2 F U2 F U' R2 U2,SLSGliwice2017,d,A,0,4
2364157821222000,11,U' F U' F U F R U' R U2 R',UpstateCubing2018,f,B,0,4
2364157821222000,11,R' U2 F2 R U R2 U' F U' F' R,BattleofWaterloo2018,f,C,1,1
2364157821222000,11,R' U F' R U2 R' U2 F U R2 U',WFSCubing2019,1,C,1,1
2364157821222000,11,R U' R2 U2 F U2 F R U2 R U2,UtahsCGE2019,1,E,1,1
2364157821222000,11,U R U2 F' R2 F U2 F U' R2 U2,SwisscubingCupI2022,1,C,0,1
2364157821222000,11,U R U' R2 U' F2 R2 F' R2 F U2,MYHMPuzzlinginPlano2023,1,C,0,2
2364157821222000,11,U2 R U' F R U' R U' R2 F' R2,LinhaiNewcomers2025,d,D,0,1
2364157821222000,11,R U' R2 U R' F U' F' R U' F,MeathforSpeed2025,f,A,1,2
2364157821222000,11,R U' R2 U R' F U' F' R U' F,DCHyderabadWinterOpen2025,f,A,1,2
2364157801020120,11,R' F U' F' R U2 R' U' F2 R2 U',ColegioArabeOpen2018,2,C,1,2
2364157801020120,11,U' R' F U R' F2 U2 R U R' U2,IndonesianChampionship2019,2,B,0,2
2364157801020120,11,R' F U' F' R U2 R' U' F2 R2 U',Sorell2022,f,A,0,2
2364157801020120,11,U' R' U F2 U' F R U' R U' R',ElCUBOTourSantaAna2023,1,A,1,1
2364157801020120,11,R U' R' U R' U' R U' R2 F R',HyderabadCubeOpen2023,2,B,0,4
2364157801020120,11,R' F U' F' R U2 R' U' F2 R2 U',ChanteloupOpen2023,1,A,0,5
2364157801020120,11,U R' F' R U' R' F R' U2 F U',SicilySummerArancinaOpen2024,1,B,1,1
2364157801020120,11,R' U F R' F' U' R U2 R' F R',SilesianCubingPawlowice2024,f,B,0,1
2364157801020120,11,U2 R U' R2 U' F2 R U' R U' R',TurnNSolveCaMaNaVa2024,c,B,0,3
2364157801020120,11,U2 R U' R2 U' F2 R U' R U' R',RutaCuberaOrihuelaOpen2025,1,C,0,1
2364157801020120,11,R F U2 F U' F U2 F' U' R2 U',MysoreCubeOpen2025,1,D,1,1
2173564812001200,11,R' U' F U' F R2 U' F R2 U' F',MantovaOpen2015,1,D,0,4
2173564812001200,11,U R' U' F R2 F U2 R2 U2 R' U',SlowNSteadySpring2016,f,B,1,2
2173564812001200,11,U' F R U' R' U2 F U2 R' F' U',NacionalesUruguayasUCHI2018,1,D,0,4
2173564812001200,11,U' R U' R2 F U' R' U' F R2 U,CubeJatra2019,1,B,0,5
2173564812001200,11,R2 U' R' U R U2 F' R2 F R U2,TrujilloHappyNewYear2020,1,D,0,1
2173564812001200,11,F R U2 R' U' F U' R2 U' F R,PuriminxC2023,1,A,0,3
2173564812001200,11,U R U' F' R2 U2 R' F R U' R,BerkeleyFall2023,1,A,0,4
2173564812001200,11,R F' R2 U' F' R U2 R' U2 R2 U',PlanetarioRioOpen2024,2,B,0,2
2173564812001200,11,R F' R' U R' F R' U' R2 F' R2,NorthernAdelaideCubing2024,1,A,0,1
2173564812001200,11,U' F' R2 F U' R U R' U2 R' U',SolvingSouthInvercargill2025,d,A,1,1
2173564812001200,11,U' F R U' R' U2 F U2 R' F' U',OlsztynOpen2025,f,B,0,5
2163475820102010,11,U2 F U' F2 R U2 R' F R U2 R',ErfurtOpen2014,1,B,0,1
2163475820102010,11,U' R' U' F' U2 R2 U R' U2 F R2,EdinburghSpring2015,2,A,0,4
2163475820102010,11,R' U' F' U2 R F' R2 F' R' U R,OsterhojNxNxN2019,f,A,1,2
2163475820102010,11,U' R' U' F U2 R' F R U2 R' U,Cube4funinGorlice2023,1,A,1,1
2163475820102010,11,R' U' F' U2 R F' R2 F' R' U R,RunawayBayMaySaturday2023,1,F,0,2
2163475820102010,11,R2 U' R' U R F' R' U2 R F' R',SiouxCitySunday2023,2,B,0,3
2163475820102010,11,F U2 R2 U' R2 F U2 F' R U' R',StevenageJanuary2024,2,A,0,3
2163475820102010,11,U' R' U' F2 R U' R F U' F' U2,BrazosCubingFall2024,2,A,0,5
2163475820102010,11,U R' U R U' R' F U2 R2 F U',DFWQualifier2025,1,B,0,3
2163475820102010,11,U' R' U' F' U2 R2 U R' U2 F R2,WezemaalOpen2026,f,B,0,1
2163475820102010,11,R' U2 R' F U R U' R' U2 R' F',SonginokhairkhanCup2026,1,A,0,1
2163475810201200,11,U R' U' R F2 R U R U2 R' U',FinnishChampionship2014,f,A,0,5
2163475810201200,11,U' F U' F U' R U' R' U' F' U,RubikLaVerapaz2015,1,A,0,3
2163475810201200,11,F' R U' R U' F' R' U' R' F U,ZhangzhouSpring2017,f,A,0,2
2163475810201200,11,R' F U F' U' F R2 U' R2 U R,HefeiOpen2017,1,F,1,2
2163475810201200,11,U' F U' F U' R U' R' U' F' U,MichiganCubingClubAlpha2019,1,B,0,2
2163475810201200,11,F' R U' R U' F' R' U' R' F U,HoChiMinhCityOpen2019,1,E,0,5
2163475810201200,11,U2 R U' F' U' R' U' R U' F U2,IbarraOpen2022,1,G,0,3
2163475810201200,11,U2 R' F U2 F U' F R F U' F',WestSideCubeClash2023,1,D,0,4
2163475810201200,11,U2 R' F U2 F U' F R F U' F',EtecCubatao2024,1,B,0,1
2163475810201200,11,U R' F' U2 R2 U' F' R' U R U',ZoryOpen2025,2,B,0,3
2163475810201200,11,U R' F' U2 R2 U' F' R' U R U',RahnEducationOpen2026,1,A,0,1
2154763812111210,11,R' U2 F U' F2 R2 F U2 R U' R',VelbertOpen2015,1,A,0,2
2154763812111210,11,U R' F' U2 R U' R U2 R' U F',VantaaOpen2019,1,A,0,4
2154763812111210,11,R U' R F' U' R' U R2 U' F R2,Murcia2019,1,B,0,5
2154763812111210,11,F R F' R2 U2 F U' F' R U' R',GeelongsaysSoLong2021,2,A,0,3
2154763812111210,11,U2 R U' R U2 R2 F U' R2 F' R',DarkhanWinter2022,1,D,0,5
2154763812111210,11,U2 R' U2 R' U2 F U R2 U2 R2 U',NebraskaChampionship2024,f,A,1,1
2154763812111210,11,U2 R' U2 R' U2 F U R2 U2 R2 U',CountlessCubesChicagoA2024,f,C,0,3
2154763812111210,11,U' R U2 R' F R U' R' U2 F R',USFAChallenge2025,1,A,0,1
2154763812111210,11,U2 R2 F U2 F U' R U2 R' U' R',LockedinCoshocton2025,1,C,1,2
2154763812111210,11,R' U' F R2 U2 R F' R2 U2 F' R,StevenageJanuary2026,1,C,1,2
2154763812111210,11,R' U' F' U2 F U' R2 U' R' F2 R2,DontGoSlowinWicklow2026,f,B,1,1
2135746822102020,11,U' R' F U F U' F R2 F U' R,ActivaClubRubik2017,2,B,0,3
2135746822102020,11,U R2 F U' R U' R U2 R2 U' F,RomanianNationalDay2018,f,B,1,2
2135746822102020,11,U2 R' F R F R U2 R' U' R2 F,MelbourneSummer2019,2,B,0,3
2135746822102020,11,R U R U' R' U' F U2 F R U',ChellesOpen2020,1,A,1,2
2135746822102020,11,U R U2 R2 U' R F U2 R2 U' R2,CubingwiththeCatsSunday2022,2,A,0,3
2135746822102020,11,R' U' F R U R' F U2 F R' F,SanGilPlaza2024,1,A,0,1
2135746822102020,11,U2 R' U R F' U' R2 F' R2 U' R',KarnatakaCubeChampionship2024,1,B,0,5
2135746822102020,11,U2 R F' R' U' R' F R' U R U',FitchburgFall2025,1,A,0,5
2135746822102020,11,R' U F' R U2 F R U2 R' U2 R,LawtonOKtoberfest2025,f,A,1,1
2135746822102020,11,R F R U' R' U' F U2 F U' F,IIITeresinaBrightCube2025,f,A,0,2
2135746822102020,11,U' F U' F' R U R U2 R2 F R2,SpeedcubingHuanuco2026,f,A,1,2
1367452810212120,11,F U' R2 U' F U' F U' F U2 F,RubikerosOpen2016,2,C,0,4
1367452810212120,11,R2 F' R U' R' U R' F U' R2 U',FinnishOpen2018,2,B,0,2
1367452810212120,11,R U' R2 U' R U' R' U2 R2 F2 U',UzbekistanNationals2019,1,B,1,1
1367452810212120,11,U' R' U' F U R U2 R U2 R' F,OdsherredForarscubing2022,f,B,0,4
1367452810212120,11,R F' R U' F U' R2 U' R2 U2 R2,KidsDayConquista2022,1,B,0,1
1367452810212120,11,U F U' R U' R' U R U' R U',TamilNaduCubeChallenge2024,1,C,1,2
1367452810212120,11,U R' U2 R U R2 U' R U2 R' U2,ImusSidesMatter2024,1,B,0,2
1367452810212120,11,R U' R2 U' R U' R' U2 R2 F2 U',SwisscubingCupFinal2024,f,C,0,3
1367452810212120,11,R F' R U' F U' R2 U' R2 U2 R2,BredaOpen2025,f,A,1,2
1367452810212120,11,R U' R2 U' R U' R' U2 R2 F2 U',CubinginRuzinovMarch2026,2,A,0,4
1367452810212120,11,U' R' U2 R U' R U2 F' U R' U',DontGoSlowinWicklow2026,1,C,0,5
1367254800021120,11,R' F U2 F U2 F R U' R' F' U2,LesSantesOpen2014,1,E,1,1
1367254800021120,11,U2 R' U' F R2 F' U' R2 U F R,FirstGuwahatiOpen2015,d,C,0,4
1367254800021120,11,U' R2 U' R2 U' R' U2 R' F R' F,LSLCOpen2015,1,B,1,1
1367254800021120,11,U' R2 U' R2 U' R' U2 R' F R' F,USNationals2015,2,D,0,2
1367254800021120,11,R U' R2 F R2 U R' F' R U2 R,DaytonWinter2017,f,A,0,5
1367254800021120,11,R' F U2 R U R' U' F' U F' U,RaleighRubiksRally2017,d,A,0,3
1367254800021120,11,R' F R U2 R' U' F U R' F' R,NewYearAuckland2021,1,B,1,1
1367254800021120,11,R U' R2 F R2 U R' U' R U2 R,PhoenixCubeChallenge2022,1,A,0,2
1367254800021120,11,R' F R U2 R' U' F U R' F' R,LaSillaIII2022,2,A,0,5
1367254800021120,11,R U2 R2 F' R' U2 F U' F U2 R2,SiguldaOpen2023,1,A,0,2
1367254800021120,11,U R U' R2 F R U R' U R U,BalkanOpen2023,2,A,0,5
1347625822111020,11,R' F2 U2 R U2 R U2 R2 U2 F U',CityofJoyOpen2017,f,A,0,5
1347625822111020,11,U2 R U2 R' U' R' F R2 F' R U2,WinnipegOpen2018,2,A,0,2
1347625822111020,11,U2 R' F' R' U2 R U R' U' R U',NanjingAutumn2018,d,C,1,1
1347625822111020,11,U' R' U2 F U' R F' U2 F' R U',WestBranch2019,1,C,0,3
1347625822111020,11,R' U R' U2 F' R2 U' R' U2 R U2,CubeIowa2019,1,B,0,4
1347625822111020,11,U2 R F' R' U' R' U' F U F R2,CebuOpen2020,1,B,0,5
1347625822111020,11,U2 R' F' U' R U' R' U R U2 R',ViennaFasching2023,1,B,0,5
1347625822111020,11,U' R' U2 F R U' R' U' R F R2,RichmondSpring2023,1,D,0,3
1347625822111020,11,U2 R F' R' U' R' U' F U F R2,KentSpring2024,1,C,0,4
1347625822111020,11,U2 R' F' R' U2 R U R' U' R U',ZottegemSaturdayOpen2024,f,A,0,1
1347625822111020,11,R' F U' R F U' R U R U2 R2,HillsboroNewcomers2025,1,B,0,5
1347526810101210,11,U' R2 U2 R U' R U' F' R' U2 R',DutchNationals2015,f,B,0,3
1347526810101210,11,R' F R F' U' F U' R U2 R' F,MindanaoChampionships2017,1,B,1,2
1347526810101210,11,R U' F2 R U R U2 R' U2 R' U',RaipurCubeChallenge2017,f,A,0,4
1347526810101210,11,U' R' F' U2 F' U2 F U2 R U' R',SuzhouOpen2018,1,B,0,5
1347526810101210,11,R U' R U2 R' F' R U R' U' R,CubingUSAWesternChampionship2021,1,D,1,2
1347526810101210,11,U2 R' F U' R2 U' R2 U F R U',BergenOpen2022,f,A,0,4
1347526810101210,11,U R U2 F' R' U2 R' F' R U2 F,MolnlyckeOpen2023,1,C,0,3
1347526810101210,11,F R U2 F' U' R' U2 R' F U2 R,ErandioTxikiOpen2023,1,D,0,5
1347526810101210,11,R' U R F' R' U' R' U2 R U' R',MarrickvilleManyMayOpen2023,1,B,0,5
1347526810101210,11,U2 R' U2 R2 U' R2 U2 F' U' F R,ColomboCubingRevival2025,1,B,1,1
1347526810101210,11,U2 R' U2 R2 U' R2 U2 F' R' F R,NalsarCubeOpenA2025,f,B,0,3
1274653800211200,11,R U' R' U' R U' F U' F U2 R,ConstantaCubeDays2017,1,A,1,2
1274653800211200,11,F U R U2 R' U2 F U' F' U2 F,GoldenRubiksCube2017,1,B,0,2
1274653800211200,11,R F R U2 R' U2 F U' R' U2 R,TomskCubeDays2019,1,C,0,5
1274653800211200,11,R' F U F R2 U' R' U2 R' F2 U',SaraswatiOpen2020,1,E,1,2
1274653800211200,11,R' F2 R U2 R' F R U2 R U R',AnkaraSummer2021,f,A,0,4
1274653800211200,11,U R U2 R U' R2 F R2 F' U' R',CMTFrisco2023,f,A,0,5
1274653800211200,11,F U' R U' R F' R2 U2 F R U2,BeQuickInBrunswick2023,f,D,0,5
1274653800211200,11,R U' R2 U2 R2 U' R' U R' F U',SantaAnaSummerB2023,1,B,0,3
1274653800211200,11,U2 R' U' F U R' U' F2 U' R U2,BarelyAwakeBoulder2024,1,C,0,3
1274653800211200,11,U' R' U' R U2 R' U2 F2 U R' F,CyprusNationals2024,1,B,0,2
1274653800211200,11,U F R' U' F U' F R U2 R U',CuencaOpen2026,f,A,0,1
1273456800020100,11,R U' R' U' R' U2 F R F' R' U',ResonanceV80CubeOpen2016,d,A,0,4
1273456800020100,11,U2 R' U' F' U' F' U' F R U R',HappyWinterMDQ2017,1,B,0,4
1273456800020100,11,R U2 R' U R U' F' R2 U' F2 R,GeniusKidBelarus2018,f,B,0,4
1273456800020100,11,R U' F' U' R' U R2 U' F R U,FinnishChampionship2021,f,A,1,2
1273456800020100,11,U2 R U' F' U' R' U' R' F R U',EretumIIIWCWarmup2023,f,B,0,5
1273456800020100,11,U2 R U' F' U' R' U' R' F R U',BillingsSpeedcubing2023,f,A,0,3
1273456800020100,11,R U' F U2 R U2 R' U' F U2 R,PlumPuzzles2024,1,B,0,4
1273456800020100,11,U R' U' F' U' R U R' U' R2 U',YumboUnivalle2024,f,B,0,1
1273456800020100,11,U2 R' U' F' U' F' U' F R U R',MeridianoCota2024,d,A,0,1
1273456800020100,11,U2 R' F' U R U' R' U' R' F U',NorthStarMN2025,2,D,0,4
1273456800020100,11,R' F' R U R U' F' U' R' U2 R',StockholmsliganSitaKiboko2025,f,B,1,2
1263754810112100,11,U R U2 F' R' F U' F U' F U',FoothillsFall2017,d,D,0,1
1263754810112100,11,R2 U2 F' R2 U R U2 R' F R2 F',RallyInTheValley2018,f,A,1,2
1263754810112100,11,R U2 R' U R' F R F' R2 F' R2,WeihaiOpen2019,d,B,1,2
1263754810112100,11,R U2 R' U R U' R2 U F' R U2,OneLookinginCavarzere2022,f,A,0,5
1263754810112100,11,U2 R' F R' U' F R U2 R U2 R,NxNMuroCubea2023,d,B,0,4
1263754810112100,11,U R U2 F' R' F U' F U' F U',PerthTimeTrial2023,f,A,1,1
1263754810112100,11,U2 R' F R' U' F R U2 R U2 R,MotherEarthsCharterSpring2024,f,D,0,5
1263754810112100,11,R U' R' U R2 U2 F U' R U2 F,Alberta10thAnniversary2025,1,D,0,5
1263754810112100,11,U' R' U R U F' R2 U' R2 U2 F,CrazyCubinginChristchurch2025,1,B,0,4
1263754810112100,11,R F U' F R2 U2 F R' F U2 R,CamargueOpen2025,f,A,0,4
1263754810112100,11,R F U' F R2 U2 F R' F U2 R,OrediggerOpenCO2026,d,A,0,3
1257346821222000,11,U2 R' F R2 U' F' U2 R' U R2 F,IndianOpen2015,d,A,0,2
1257346821222000,11,R2 F U' F U' R2 U' R' U2 R' U2,DubaiOpen2016,1,I,0,3
1257346821222000,11,U2 R U' R2 F R U2 R' U' F U2,FreshCube2017,1,C,0,2
1257346821222000,11,U' F R U2 R' U2 F U' R2 U2 F',CubeIowa2019,1,A,0,3
1257346821222000,11,R U' R' F U' R U' R2 F U' R2,DutchNationals2019,1,F,0,4
1257346821222000,11,U' R' U2 F R' U2 R2 U' F' U' R2,OculusCubeOpen2020,f,A,1,1
1257346821222000,11,R' U' F U2 R2 U' R2 F U R' U2,AlbanianOpen2022,1,A,0,5
1257346821222000,11,R' U' F U2 R2 U' R2 F U R' U2,GLSV2023,d,A,0,5
1257346821222000,11,U R' U' F' U F U' R U F U',AberdeenAutumn2023,d,B,0,1
1257346821222000,11,U2 R F' R2 U F U2 F' U' F R2,MySkoolCubeOpenBLRAug2024,1,B,1,2
1257346821222000,11,R F' R' U' R U R' F R U R',WelcometoChiangMai2024,f,A,0,3
1256734821112200,11,R' U' R2 U' F' R2 F' R U R U2,ShakerFall2018,1,B,0,4
1256734821112200,11,R' U2 F2 R U' R' U' F U R U2,SpartanCubeICbba2022,f,A,0,4
1256734821112200,11,U' R' U2 F R F' U2 R2 F U2 R2,CubeFactory2023,2,B,0,4
1256734821112200,11,U R' U2 R U2 R2 U' F' U R U',DontFallOffDevilsTower2023,d,A,1,2
1256734821112200,11,U' R U2 F' R2 U2 R' U' R2 U' R2,CubingUSAWesternChampionship2023,2,A,1,2
1256734821112200,11,U' R U2 F' R2 U2 R' U' R2 U' R2,GdayMaitland2024,1,C,1,1
1256734821112200,11,R U' R2 U' F2 U2 F U' R U R',VenzoneRoadtoEuro2024,2,B,0,4
1256734821112200,11,R' F2 U' R U2 R' U2 R' F U' R,DublinSummerSolving2025,1,B,0,4
1256734821112200,11,F R U2 R U' R' U R' F U' F,KualaLumpurCubingChallenge2025,1,C,0,3
1256734821112200,11,R U' F U' F' U' R U F' U2 F,IloSpeedcubingSummer2026,1,B,0,1
1256734821112200,11,R U' F U' F' U' R U F' U2 F,GuangdongRevivalRival2026,f,A,0,1
1254376820022000,11,R U2 F U' F U' F R2 U' F R2,BrainStudioCubeOpen2015,2,B,1,2
1254376820022000,11,R U2 R2 F U' F U' F R F U2,SpringScramble2016,2,A,0,2
1254376820022000,11,U' R U' F' R2 F U' R' U' F U',ShenyangOpen2018,1,F,0,1
1254376820022000,11,R U' R2 F U2 F U2 R2 U' R2 U,SantaBarbaraWinter2019,1,B,0,4
1254376820022000,11,R' U2 R U' R U' F U' R U R,LLSIBelzyce2021,2,A,0,2
1254376820022000,11,R U2 R2 F U' F' U2 F' U2 R U2,BackToTriCities2024,f,A,0,2
1254376820022000,11,R' F R U R' U2 F U' F U R,AcropolisBucaramangaII2024,2,A,1,2
1254376820022000,11,U' R' U2 F U' F' R U2 F R2 U',VarnaOpen2024,d,B,0,3
1254376820022000,11,R U' R2 F U2 F U2 R2 U' R2 U,KansasAirCapitalCubing2025,1,A,1,2
1254376820022000,11,U' R U' F' R2 F U' R' U' F U',BattleforBelgradeII2025,1,C,1,2
1254376820022000,11,R U2 R2 F U' F U' F R F U2,TuparendiOpenQuati2025,1,A,0,4
1246375812111000,11,U R' U' F2 U2 R2 U2 R' U R' U2,CubingV12014,2,A,0,1
1246375812111000,11,R F R U' R F' R2 U F' U' F,KansaiOpen2016,1,B,0,5
1246375812111000,11,R' U' R F U2 F U' F U F R,CubeJatra2017,1,A,0,3
1246375812111000,11,U' R2 F R U R' F U2 F U' F2,Itapeva2018,1,A,0,2
1246375812111000,11,R' F' R' U' R U R' U' F' R2 U',IbagueOpen2019,1,A,0,1
1246375812111000,11,R' F' R' U' R U R' U' F' R2 U',WallStreetSpringB2024,1,B,1,1
1246375812111000,11,U' R2 F R U R' F U2 F U' F2,WroclawCubingHoliday2024,2,C,0,3
1246375812111000,11,U R' U' F2 U2 R2 U2 R' U R' U2,PrebleSpring2025,1,C,0,2
1246375812111000,11,U R F U F U2 R U' R F' U',ShenyangSpring2025,d,E,0,2
1246375812111000,11,R' F' R' U' R U R' U' F' R2 U',ParaisoWinterDC2025,d,A,0,4
1246375812111000,11,U2 R U2 R2 F R U2 R' F U' F2,LobaJanuaryAnkara2026,1,A,0,1
1235674802200200,11,R' U R' F U F U2 F R U2 R,KansaiOpen2017,1,A,1,2
1235674802200200,11,R' F U' F U F R2 F R U2 R,PandoSpring2017,1,D,0,2
1235674802200200,11,R' U' R U R' F2 U' R2 U' R2 U2,NepalOpen2017,2,B,1,1
1235674802200200,11,U2 R' U2 R U2 R F R U R U2,GDSYOpen2018,d,C,0,2
1235674802200200,11,U R' F' R' F R2 U' R2 U2 F R2,ChangshaSpringOpen2019,d,A,1,1
1235674802200200,11,U' R' F' U R U' R2 F U2 F2 R2,BayAreaSpeedcubin202019,f,A,0,2
1235674802200200,11,U' R' F' R U R' U2 F U2 F2 R2,ColomboMatrixOpen2023,1,C,1,1
1235674802200200,11,R' F U' F U F R2 F R U2 R,CubingMada2024,f,A,0,2
1235674802200200,11,U' R' F' R U R' U2 F U2 F2 R2,MaxSpeedMilford2024,1,C,0,5
1235674802200200,11,R' U2 F' U2 R2 F' U' F' R2 U2 F2,PerthAutumn2025,2,A,0,1
1235674802200200,11,U R' F' R' F R2 U' R2 U2 F R2,KorumWinterCubeChallenge2025,1,A,0,2
1234657802202210,11,U R U' R2 F' R2 F' R' U2 R U2,GuangzhouNewYear2015,c,A,1,2
1234657802202210,11,R2 F R U F' R U' R U' R2 U',MuseeduJeu2015,d,C,0,1
1234657802202210,11,R U2 R' U2 F U F R2 U' R2 F,ElsassOpen2018,1,A,0,1
1234657802202210,11,U R F' R2 U' F' R U2 R' U' F,CubingUSANationals2018,1,V,0,3
1234657802202210,11,R' U' R' F U' R2 F U R U2 R',TaiwanChampionship2018,2,B,0,2
1234657802202210,11,U R' U' F U' R F U2 R' F' R2,KostromaWinterOpen2018,f,A,0,3
1234657802202210,11,R' F' R2 F' R2 F U' R U2 R U2,YJFestSiberia2019,1,B,0,3
1234657802202210,11,U R U' R2 F' R2 F' R' U2 R U2,UnifranzSantaCruz2019,1,B,0,1
1234657802202210,11,R' U2 F U2 R U R' F2 U R2 U',SpeedsolvingGeekcuber2023,2,B,0,5
1234657802202210,11,R' U' R' F U' R2 F U R U2 R',NorthernLightsCoimbatore2023,1,F,0,1
1234657802202210,11,F U' F2 U2 R2 U' R2 U2 F R2 U',MinnesotaNewcomerSaturday2025,2,A,0,3
4135627811221200,10,U' R' U' F U2 R F' R' U R U',PlatformOpen2014,f,A,1,2
4135627811221200,10,R' F U' R2 F U' F' U2 R2 U' R',TaipeiOpen2015,1,B,1,2
4135627811221200,10,R' U2 F R2 F' R2 U' F R2 U2 R',KJSCEMumbaiOpen2016,d,A,0,1
4135627811221200,10,U' R' U' F U2 R F' R' U R U',ManchesterOpen2017,d,C,1,1
4135627811221200,10,R F' U2 R' U R U2 F' U' R2 F,TaiwanChampionship2018,1,D,0,5
4135627811221200,10,U R' U2 F R2 F' U' R2 F R U,MelbourneSummer2020,1,A,0,1
4135627811221200,10,R' F U' R2 F U' F' U2 R2 U' R',EastLondonAutumn2022,f,A,0,1
4135627811221200,10,R' F U' R2 F U' F' U2 R2 U' R',KoprCube2022,1,B,0,4
4135627811221200,10,R' F U' R2 F U' F' U2 R2 U' R',LaPazMasters2024,2,A,0,3
4135627811221200,10,R2 U' R U2 R U' F' R' U2 R U',MaunulanKuutionvaantelyt2026,f,B,0,2
4135627801212000,10,U2 R' F U2 F R2 U' F' R2 F R2,MasdosReturns2017,1,A,0,2
4135627801212000,10,F' U' F U' F R U R U2 F' U',YunnanOpen2017,f,A,0,1
4135627801212000,10,R U2 F U' F R U2 R' U R2 U',PolishNationals2017,1,A,0,5
4135627801212000,10,R' U2 R U2 R F' R' U F2 R U,GermanMiniOpenB2021,1,C,1,1
4135627801212000,10,R' F' R U R' F U2 R' U F U,Naticube2022,1,A,0,1
4135627801212000,10,F' U' F U' F R U R U2 F' U',CubeFactorySummer2023,f,A,1,2
4135627801212000,10,U R' F U2 F' R U R' F' U' R,MasterCubeSalvador2023,1,A,0,1
4135627801212000,10,U' R' F U' F U R U R2 F' U',BaniladYearEnder2023,f,A,0,5
4135627801212000,10,U2 R' U' R2 F' U2 R2 F2 R U R,OculusCubeOpen2024,1,A,0,5
4135627801212000,10,U R' U F2 U' R U R' U' F' R,BITSPilaniCubeOpen2024,f,A,1,2
4125637800012209,10,R U' R2 U' R F' U' R' U R U2,DalianWinter2017,d,B,1,2
4125637800012209,10,R F' R2 F' R U' R' F' U F R2,BaikalCubing2018,1,E,0,2
4125637800012209,10,U F' R2 U' R' U' R U' F U2 R,MedanLunarNewYear2019,1,A,0,2
4125637800012209,10,R' F' U' F' U' R2 U' R' U R' F2,BakuEngineeringUniversity2019,f,C,0,5
4125637800012209,10,U F R2 U2 F' R' U2 R U2 F' U',BergenOpen2021,f,A,0,4
4125637800012209,10,R' F' U' F' U' R2 U' R' U R' F2,HongKongSmallCubeDay2023,1,A,1,2
4125637800012209,10,R U2 R2 U' R U' R U2 F' R' U2,ValenzuelaCubingOpen2023,1,D,0,2
4125637800012209,10,R' U F U2 F' U' R2 U' F R U',BASC52Belmont2023,2,B,0,4
4125637800012209,10,R U' R' U R' F' R U2 F' R2 U',WinnipegOpen2024,f,A,0,2
4125637800012209,10,U2 R' U' R U R U2 F' U2 F' R2,ChiclayoClassic2025,1,C,0,1
2517346801210110,10,U R' U' R U R F U' F' R U,WelcomeBackToGuildford2015,1,B,1,1
2517346801210110,10,U R' U' R U R F U' F' R U,CubingKnights2017,d,D,0,1
2517346801210110,10,U R' F' R U R U R' U' R U,NovosibirskPlanetariumOpen2018,f,A,0,4
2517346801210110,10,R F U' R U' R' U' R U2 R' U2,CelebesOpen2018,d,A,0,2
2517346801210110,10,R F R U2 R U' R' U' R' U' R2,5thGuwahatiOpen2019,1,C,0,1
2517346801210110,10,U F U F R U R U' R' U' R',FundaciondeCuencaOpen2023,f,A,1,2
2517346801210110,10,R' F U' F U' R2 F' U2 R' U R',StevenageJuly2023,f,B,0,5
2517346801210110,10,U F U F R U R U' R' U' R',CentenariodeBodoco2024,1,B,0,4
2517346801210110,10,U' R' U' F' R2 U2 R' U' R' U' F,KingofPrussiaSpring2025,f,A,1,1
2517346801210110,10,R' F R U2 R' U R U R' U2 F,SeoulWinter2026,1,B,0,5
2513467820201220,10,R' U2 R F2 U2 R U' R' U2 F' R2,CubingATMOSphere2015,2,G,0,3
2513467820201220,10,R' F U2 R2 U2 R F' R2 F R2 U',OpalOpen2016,1,B,1,1
2513467820201220,10,U' R' F U' F2 U2 F' R2 U' R U',SloboziaWinterOpen2018,f,A,0,2
2513467820201220,10,U R' U2 F U2 R' U2 F R U' R,CheltenhamSummer2022,f,B,0,3
2513467820201220,10,U R' U2 F U2 R' U2 F R U' R,TamanAnggrekSpeedcubing2023,f,A,0,1
2513467820201220,10,R' U' F R' U2 R2 U' R2 F' R U',DFWCubingSummer2024,f,A,1,1
2513467820201220,10,U' R' U2 F' R U F' R2 U2 R U,CATDD2024,1,D,0,4
2513467820201220,10,U R' U2 F U2 R' U2 F R U' R,YanchengOpen2024,f,A,0,4
2513467820201220,10,R U' R U' R2 U2 F U' F' U' R2,ChipichapealCuboII2026,d,A,1,2
2513467820201220,10,U2 R2 F' R2 U' R' U2 R' U2 F U',TabacundoOpen2026,1,B,1,1
2471365821211020,10,U R F' U R' U' F U2 R2 U' R2,RubikEcOpen2017,f,A,1,1
2471365821211020,10,R' F' U F2 U' R2 U' R2 U' F U',CostaRicaNationals2018,f,A,0,3
2471365821211020,10,R U R' F U' R U' R' F U R2,CroatianOpen2018,1,C,1,1
2471365821211020,10,R U' R2 U' R U' R U' R' F2 R2,IsraelChampionship2023,1,L,0,1
2471365821211020,10,R' F' U F2 U' R2 U' R2 U' F U',PretzelManiaSummer2023,f,B,0,2
2471365821211020,10,R' F R2 U2 R2 U2 F2 U' F R2 U2,LexMiniIV2024,f,B,1,2
2471365821211020,10,U2 R' U' F' R U2 R2 U' R2 U2 F,CubingintheCornfieldsIA2025,2,A,0,2
2471365821211020,10,R' U' F U2 F' R2 F' U2 F' R U',WaihopaiWinter2025,1,A,1,1
2471365821211020,10,R' U' R U' F U' F R U R U2,PaseoCentralWinter2025,1,E,0,4
2471365821211020,10,R' U' R U' F U' F R U R U2,CampeonatoAmazonense2025,f,B,1,2
2463751820021100,10,R' U2 F R U' R2 U' R U' R U2,JRCAKansaiWinter2016,f,A,1,1
2463751820021100,10,R' F U R2 U2 R' U F' U2 F U',PhilippineChampionship2016,2,B,0,4
2463751820021100,10,U' F R2 F R U' R U' R' U' F,ManchesterOpen2018,d,E,0,1
2463751820021100,10,U2 R' F' U2 R2 F' R2 U' R2 U' R',GLSCupIII2018,d,C,1,1
2463751820021100,10,R' U R U' F U R U2 R' U' F',UkrainianOpen2019,1,A,0,1
2463751820021100,10,R' U R U' F U R U2 R' U' F',LlanocentroOpen2019,f,A,1,2
2463751820021100,10,R U2 R' U2 R F' U' R2 U' R F,BoltonSpring2023,2,A,0,1
2463751820021100,10,U2 R F' R' U R F R2 U2 F' R',MelbourneSummer2024,2,A,1,1
2463751820021100,10,R' U2 F R U' R2 U' R U' R U2,BajaFavorites2024,2,A,0,3
2463751820021100,10,U2 F R U2 R' F R' U2 R U R,CaviteSideEventsOpen2025,c,A,1,2
2461375811020200,10,R U' R2 F U F U2 F U' R U,FECAOpen2017,f,A,0,4
2461375811020200,10,R U' R U' R2 F R U F' U' R2,DrishtiCubeOpen2018,f,B,1,2
2461375811020200,10,R U' R2 F U' F' U' F U' R2 F',XlingenOpen2018,f,B,0,1
2461375811020200,10,F R' F R2 U' R2 F U R U' R',EdmontonSummerTwist2022,1,O,0,1
2461375811020200,10,U R' U2 R' F U2 F U R U R,YerevanOpen2023,d,A,0,2
2461375811020200,10,R U' R2 F U' F R2 F R U R',SouthernChampionship2023,1,B,1,1
2461375811020200,10,R' U2 F U' F U2 F U2 R2 F' U',HoChiMinhSpring2024,d,C,0,4
2461375811020200,10,R' U2 F U2 F U' F U2 R U2 R,WommelgemOpen2024,1,C,0,4
2461375811020200,10,R U2 R' U R' U2 F U' F U' R,RenoFall2024,1,A,1,1
2461375811020200,10,R U' R U' R2 F R U F' U' R2,Uppsalaligan2Stack2026,f,A,0,4
2453617821111210,10,R U2 F' U' R2 U2 F U2 F R' F',PlentziaOpen2017,1,C,0,1
2453617821111210,10,R U2 F' U2 R2 U' R2 F' R' U' R,ReturnOpen2017,d,C,0,2
2453617821111210,10,R' F U R U R' U F R2 F' R2,RaipurSummerCubeOpen2018,1,D,1,1
2453617821111210,10,R U2 R2 F U' R2 U' R F U' R2,NacionalesGuatemala2019,1,B,0,5
2453617821111210,10,U R' U2 R U' R U2 R2 U F U2,ColegioIPEGoiania2023,1,C,1,2
2453617821111210,10,R U2 R2 F U' R2 U' R F U' R2,Cube4funinBialaRawska2024,1,C,0,4
2453617821111210,10,U R' U' F' R2 U' R2 U2 F' U2 F,AlbuquerqueCubefest2024,1,B,0,2
2453617821111210,10,R F' U2 F U' F R U' R' U' R2,SGSmallandSidesFeb2025,f,A,0,2
2453617821111210,10,R F' U2 F U' F R U' R' U' R2,KenyaLegacyTwist2025,c,B,0,5
2453617821111210,10,U' R U' R' U' R' F U F' R U,ParaisoSpringDC2025,2,A,0,5
2451376811111220,10,U' R' U' F2 R2 U' F R U2 R U',AmaltheaSCMUOpen2015,d,A,0,2
2451376811111220,10,R' U' F U2 F' U2 R2 U R' F U',SumerSpeedCubeOlympics2016,1,B,0,4
2451376811111220,10,R2 U' R2 F' U2 R2 F R U2 R U',NancyOpen2017,1,C,0,2
2451376811111220,10,U' R U' R2 U' R2 F' R' U R2 U',RaipurCubeChampionship2018,1,D,0,3
2451376811111220,10,F' U' F U2 R U' R' F U2 R2 U',SESCSantos2018,1,B,0,2
2451376811111220,10,U' R F R U R' U' R U' F U2,MaruCubeDay2021,d,B,0,1
2451376811111220,10,R U' R2 U' F' R2 U R' U2 R2 U2,CubingwiththeCatsSunday2022,d,C,0,5
2451376811111220,10,R' F U F' U' F R2 F' U' R' U',FlagCitySummer2023,1,C,0,5
2451376811111220,10,R' U R' F R U R' U2 R' F R,GLSFinal2023,d,B,0,3
2451376811111220,10,U' R F' R' U' R U2 F' R2 U2 R,WC2025,1,J,0,5
2435716822020210,10,U' R' F R2 F U' R2 U' R2 F' R2,IndianNationals2015,d,H,0,3
2435716822020210,10,R' U' F U R2 F' R2 F U' R U,JapanOpen2016,f,A,1,1
2435716822020210,10,U' R' F' U' F U' R2 U' R2 F R',MunichOpen2016,1,C,0,3
2435716822020210,10,R' F' R U R2 F' U2 F U' F R,AssenOpen2018,f,A,0,3
2435716822020210,10,U' F' R U2 R U' R2 U' R2 F' R2,BelarusNationals2019,1,B,0,1
2435716822020210,10,U2 R' U2 F' U' R2 U R U2 R2 U2,HvidovreSommerhygge2020,1,B,1,2
2435716822020210,10,U2 F U2 R U2 R' F U2 F U' R,CubeFactorySummer2023,f,A,0,4
2435716822020210,10,U2 R U' R U2 F' R' U R' U' R,BASC66Belmont2024,d,A,1,1
2435716822020210,10,U2 R' U2 R U' R F' R U2 R' U2,BacktoSchoolIstanbul2025,2,B,0,4
2435716822020210,10,U2 R' F U2 R2 F R' F R2 U' R',OKCUnorthodoxWinter2026,f,D,0,3
2374561812200220,10,U' R2 U2 R U2 R' F R2 U2 R2 U',CaltechWinter2017,1,H,0,3
2374561812200220,10,R U2 R2 U' F2 U' F U2 R2 U2 R',OCSEFOpen2017,1,A,1,2
2374561812200220,10,U R' U' R' F U2 R' U2 R U' R,CubingforLifeHonduras2017,d,E,0,4
2374561812200220,10,R U2 R' U2 R U' F U2 R2 U' R,PlanetadoSaber202019,f,A,1,2
2374561812200220,10,U R' U' R' F U2 R' U2 R U' R,SantaFePrimavera2019,1,D,1,2
2374561812200220,10,F2 R U R' U2 R U2 R' F U2 F,BruggeOpen2023,f,A,0,2
2374561812200220,10,R' U R' U2 R U2 R' F U R F,AnkaraSpring2023,2,B,0,1
2374561812200220,10,F2 R U R' U2 R U2 R' F U2 F,StevenageJuly2025,2,A,0,4
2374561812200220,10,U' R F' R2 U2 R U2 R U2 R2 F2,BristolAugust2025,f,B,0,2
2374561812200220,10,U2 F U2 R U' R2 U2 F U' R U',Wyominx2026,c,C,0,2
2374516820002110,10,R' F' U2 R U2 R' U' R2 F' R U',URARubikOpen2016,c,A,0,1
2374516820002110,10,R U' R2 U' F U' F U2 F' U' R2,OakvilleLimitedFall2018,1,F,0,1
2374516820002110,10,R' U R U F' R2 U2 R2 U' R' U,TaipeiPeaceOpen2019,f,A,0,2
2374516820002110,10,F' R2 F' R U' R' F' U' F R U',MantaOpen2022,f,A,0,1
2374516820002110,10,R' U F U R2 U2 R2 F U' F' U,BorlangeOpen2024,f,A,0,4
2374516820002110,10,U' R2 U' R U' R' U' F' U R U',GanOpen2024,2,A,1,2
2374516820002110,10,R' U' F U' F R' U2 R U' R2 U2,JohnsonvilleFTOpen2025,1,D,0,3
2374516820002110,10,R' U R U F' R2 U2 R2 U' R' U,ChernivtsiOpen2025,f,A,0,2
2374516820002110,10,U' R' U' R F U F' U2 F U' F,MetropolisBogota2025,f,A,0,2
2374516820002110,10,U R U' R' U' R2 F U2 F' U R2,SaipanOpen2026,f,B,0,1
2367154802011200,10,R' F R' U' F U R2 U' R2 F R,CochaSubX2023,1,A,1,2
2367154802011200,10,U' R U2 F U' R2 F' U2 R' U2 R',PlazaCenterCubeLimaI2023,2,B,1,2
2367154802011200,10,R' U2 F R2 U' R2 U' F' R2 U R,KCKC5FastandFurious2024,f,A,0,4
2367154802011200,10,U' R U2 F U' R2 F' U2 R' U2 R',AllWelcomeAdelaide2025,1,B,0,1
2367154802011200,10,R' U' F R' F' U2 R U R' U2 F',VERKV2025,f,B,0,5
2367154802011200,10,U2 R F' U2 R' U R F U2 F R2,CubinginCaveSprings2025,1,C,0,4
2367154802011200,10,U' R U' R' U R U2 R' U2 F R,IICapixabaChallenge2025,f,A,1,1
2367154802011200,10,R' U2 R2 U' R2 F' U' R' U' R2 F',RutaCuberaLalinOpen2026,1,A,1,1
2367154802011200,10,U2 R U' F' R' U2 R U' R U' F',GranadaOpen2026,2,A,0,5
2367154802011200,10,R' F R' U' F U R2 U' R2 F R,KampinKuutiopaivat2026,f,A,1,1
2365417811010210,10,U2 R' U2 F U' F2 R U' R' U F,KrakowCubingSpree2014,f,A,1,1
2365417811010210,10,U R' U' R' U2 F R' U' R U R',SanLorenzoOpen2015,1,A,1,2
2365417811010210,10,R2 U' R' U R' U' F R' F R U,MinskChampionship2017,f,A,1,1
2365417811010210,10,F U' R U2 R' F U2 F U' F R2,DanishOpen2018,f,A,0,5
2365417811010210,10,R' F U F R U' R' U R2 U' F,UralSpring2021,1,E,1,1
2365417811010210,10,R2 U' R' U R' U' F R' F R U,HvidovreMiniJanuar2025,f,A,0,2
2365417811010210,10,U R' F' R U R' F' U' F' U2 R,CincinnatiSpeedSolving2025,1,C,1,2
2365417811010210,10,R' U F R U R' F U' F U2 F,GlasgowNxNDay2025,1,C,0,5
2365417811010210,10,R U' R2 U' R2 U' F' R2 F U2 R2,AtlantaAlgsatAISAutumn2025,f,A,0,1
2365417811010210,10,U R' U' F' R U R' U' R U2 R,VRBengaluruCubeOpenA2025,1,E,0,2
2364751802200200,10,U R' F U2 R' U' F' U2 F R2 U2,IliganOpen2017,f,B,0,3
2364751802200200,10,U R' F R2 F R U R' F' U2 R,BelarusNationals2019,2,B,0,2
2364751802200200,10,R2 U' R U' R U2 R' U' R U' F',IceCubingSzczecinek2023,2,A,0,2
2364751802200200,10,R U' R2 F U' F U2 R U2 R U2,CubingCoffeeSpringSC2024,c,A,1,2
2364751802200200,10,R' F2 U' R U' R F' U2 F' U' R',LogronoOpen2024,f,B,0,3
2364751802200200,10,U' F2 U' R U2 R' F U' R U' R',OpentropolisCEFET2025,d,C,0,1
2364751802200200,10,R U' R2 U' R' F R U R' F R2,UnicentroPereiraIII2025,d,B,0,2
2364751802200200,10,R U' R2 F U' F U2 R U2 R U2,FingertricksinFredonia2025,f,B,1,1
2364751802200200,10,U2 F' R2 F U2 F U' R U R U2,CubingontheGreenMN2025,f,A,0,2
2364751802200200,10,U' R F R U R' U' R U' R' U,MuggioSpring2026,1,B,0,2
2361754810202010,10,R' F R U2 R U' R2 F2 R U R',CitedesJeux2016,2,A,0,2
2361754810202010,10,R' U' F U' F U F' U' R U2 R,BotosaniCubeDay2018,f,A,0,2
2361754810202010,10,U' R U2 R2 U' R2 F U' F U' R,GeethanjaliCubeOpen2019,1,D,0,5
2361754810202010,10,U2 R' F R' U' R2 U' F U' F' U2,BanyumasOpen2019,f,A,1,2
2361754810202010,10,R' F' U2 F' U2 R U' R F' R2 F',VeteransDayOpen2019,1,B,0,5
2361754810202010,10,U R' F U2 F U' F' R2 U2 F' R',PopularnBlindFlen2022,1,A,0,4
2361754810202010,10,U' R2 U' R' U R' F U' F U' R,PlumPuzzles2024,f,A,0,1
2361754810202010,10,R' U' F U' F U F' U' R U2 R,CaloocanCubeCraze2024,1,A,0,1
2361754810202010,10,R F' R2 U2 R U R' U' F2 R2 U2,PUCPCubingFestivalVIII2025,1,G,0,3
2361754810202010,10,U2 R' U2 F U' R2 U' F' R2 U' R2,StevenageMarch2026,1,E,0,1
2347165812201210,10,R2 F2 R U R' U R2 U' R2 F R,CochaCubingI2023,1,C,1,1
2347165812201210,10,U2 R' U F U' R F U' F R2 F,NayarOpen2023,f,A,0,3
2347165812201210,10,U' R' U2 R F' U2 F' R2 U' F U2,ArraiolosOpen2025,1,D,0,3
2347165812201210,10,R U' R2 F' R2 F' R U2 R' U2 R',SkewbinginSchoolKennesaw2025,f,A,0,3
2347165812201210,10,U' R' U2 R F' U2 F' R2 U' F U2,ZhuhaiOpen2025,d,A,0,3
2347165812201210,10,U2 R F U2 F U2 F' U' R2 F U',DesafioRubiksGuatemala2025,1,C,0,2
2347165812201210,10,U R2 F' U' R2 U2 F U' F R2 F',HurlubiksCubeMouscron2026,f,A,0,2
2347165812201210,10,U' R' F U' F R2 F' R2 F U' R,SausalitoNxNOpen2026,d,B,1,1
2347165812201210,10,R2 F2 R U R' U R2 U' R2 F R,Fruehligswurfelazrootchruuz2026,f,B,0,2
2347165812201210,10,U' R U2 R' F U2 R2 F' R2 U' F',SonginokhairkhanCup2026,f,A,0,5
2347156812011010,10,R' U F U' R2 U' F U' R U R,OnlyCubeOpen2017,1,D,0,3
2347156812011010,10,R' F R U' R' F' U' F U' F U2,XianCherryBlossom2017,f,A,1,1
2347156812011010,10,U2 R2 U2 F U2 F2 U' R U' R U',SumareOpen2017,1,B,0,2
2347156812011010,10,R' U2 F2 R2 F' R' U R U' R' U,RubikkuChamp2017,d,F,0,5
2347156812011010,10,U R' F U' R2 U2 R2 F U2 F2 U',BakuEngineeringUniversity2019,f,B,1,2
2347156812011010,10,R U2 R' U R U2 R' U2 R' F2 U2,PiticOpen2020,1,A,0,5
2347156812011010,10,U R U2 F' U2 F' R2 F R U' R',DunasOpen2021,d,D,0,2
2347156812011010,10,U R U2 F' U2 F' R2 F R U' R',RCubersLaPaz2022,1,D,0,2
2347156812011010,10,R' F R U' R' F U' F2 R2 U2 R',RichmondSpring2023,f,A,0,1
2347156812011010,10,U R' F U' R2 U2 R2 F U2 F2 U',BornholmOpen2026,f,A,1,2
2341576810121010,10,F' R U2 R U' F' R2 U' F U2 F',AleksandrusCube2014,1,A,1,1
2341576810121010,10,U' R' U2 R2 U' R' U R' U2 F' R',StFrancisWinterOpen2015,f,G,1,2
2341576810121010,10,R' U2 F U' F' U F' U' R U R',KaunasOpen2018,d,B,1,2
2341576810121010,10,F' R U R U' R2 F R U' R' U',IndialanticOpen2018,c,B,0,4
2341576810121010,10,U2 R' U R F' R2 F2 U R U R,HoChiMinhOpen2022,1,C,0,5
2341576810121010,10,R' U2 F U' F' U F' U' R U R',CMTGolden2023,f,A,1,1
2341576810121010,10,R' U2 F U' F' U F' U' R U R',SouthernChampionship2023,1,D,1,2
2341576810121010,10,R' F2 U2 R U R' U' R' U2 F U',ChicagoAreaTwistSpringB2024,1,C,0,2
2341576810121010,10,U' R' U2 R2 U' R' U R' U2 F' R',PlazaMaderoChiaIII2025,d,B,0,5
2341576810121010,10,R U2 F' U2 R2 U R' F U' R U',SSNCubeChallenge2025,2,A,0,2
2176543800021120,10,U R' U' R U F U' F R U R',EatSleepCubeRepeat2014,f,A,1,1
2176543800021120,10,R' U2 R U' R' F' U' R2 U' R2 U2,UTNOtono2015,2,B,0,1
2176543800021120,10,U' R' U' R U' R' F' U' F2 R2 U',DrishtiCubeOpen2018,f,A,0,1
2176543800021120,10,R U' R' U R F U' R U R F',AnaadyantaCubeOpen2019,1,A,0,1
2176543800021120,10,U2 F U2 F' R U2 R' U2 R U' R',DubaiSummerOpen2022,1,F,0,4
2176543800021120,10,R F' R U' R' U' R F' U' R' U,SuratCubeCarnival2024,1,B,0,4
2176543800021120,10,F U2 F U2 F R2 F' U2 R' U' R',SoaresHerdyOpen2024,2,B,1,1
2176543800021120,10,F U2 F U2 F R2 F' U2 R' U' R',SwissNationals2025,1,A,0,5
2176543800021120,10,R' U' F U2 F U' R2 F U2 F' U2,Barbados2026,1,B,0,1
2176543800021120,10,U R2 U' R2 U' R F' U' R2 F U2,MACBeginners2026,1,A,1,2
2176534811101020,10,U2 R' U R' F U' F' U2 R2 F' R',Radomsko2015,d,A,0,4
2176534811101020,10,R' U2 R2 F' R' U2 R' U F' R U',ABHC2017,f,A,0,5
2176534811101020,10,F U' F U2 R2 U' F' R2 F U' R,TabacundoOpen2018,f,A,0,1
2176534811101020,10,R' F' U2 F U2 F U2 R2 U' R2 U',HappyNewYearCubingHoorn2020,f,D,0,2
2176534811101020,10,U2 R' U R' F U' F' U2 R2 F' R',BackToBelgrade2021,f,A,1,1
2176534811101020,10,R' U2 R U R' U' F' R U' R F',AlbaIuliaCubing2022,f,A,0,4
2176534811101020,10,R' U2 R2 F' R' U2 R' U F' R U',SerbianChampionship2024,1,C,0,2
2176534811101020,10,R' F R2 U' F U2 F R2 F' R' U',PenangCubeMasters2025,f,A,0,5
2176534811101020,10,R U' F U2 R2 U' R' U2 R U' R,SolvingbytheBarrow2025,1,D,1,1
2176534811101020,10,R U' R2 F U' F2 U F' U2 R U',BackiPetrovacOpen2026,f,A,0,5
2176534801112100,10,F' R' U R F' U2 F' R' U R' F',EdwardsRubikDay2016,2,B,0,3
2176534801112100,10,U2 R' F U2 F U' R2 U' R2 U2 F',Back2Santiago2017,f,B,0,3
2176534801112100,10,U2 R' F U' R U R' U F' U' F,LvivSpringDays2019,1,F,0,5
2176534801112100,10,R' F R2 U' F R2 U' F' R2 U' F',GoldCoastSpring2019,1,A,1,1
2176534801112100,10,U R F' R2 U' R U2 R' U2 F2 R2,LiechtensteinOpen2019,1,C,0,5
2176534801112100,10,U R U' R2 U2 R U R F2 U' F,EastwoodCubing2024,1,B,0,4
2176534801112100,10,F' R' U R F' U2 F' R' U R' F',TwistFriesJohorBahru2024,2,A,0,1
2176534801112100,10,U' R' U R' U2 R U2 R F U' R2,CaviteSpeedcubingOpenVII2024,c,B,0,1
2176534801112100,10,U R' F U' F R U R F' R' U2,StevenageMay2024,2,C,0,1
2176534801112100,10,U' R' F R U' R2 U' R' U R' U',ChampionnatQuebecois2026,1,C,1,2
2176435810221120,10,R F' R2 U' R U' R U2 F' R U',AnnuntiaOpen2019,f,A,1,1
2176435810221120,10,F U' F U2 F' R U2 R' U' F R,CharlotteWinter2020,1,D,0,3
2176435810221120,10,R' F R2 U2 R' U' R' F R' F2 U2,XMadridOpen2022,f,A,0,1
2176435810221120,10,U' R' F' U F2 U' R U R U2 R',TurninginTownsville2022,f,A,0,3
2176435810221120,10,R U R' U' R U' R U2 R' F R2,TheBigCubeMelbourne2023,1,B,0,2
2176435810221120,10,F U2 R U R' U R' F R U2 R,SingaporeMofunlandCruise2025,d,E,0,3
2176435810221120,10,U' R F' R' U R F' U' R' U' R',UtahStateUniversityFall2025,1,A,1,2
2176435810221120,10,U' R' F' U F2 U' R U R U2 R',ctOpenHannover2025,f,C,0,2
2176435810221120,10,F U' F U2 F' R U2 R' U' F R,SixFaceCubeRunatTRINS2025,1,C,0,1
2176435810221120,10,R' F U2 R2 U' F' R' U R' U2 F2,NoveMestoOpen2026,f,A,0,4
2167435820110200,10,U' R' F R U' F U F U' F U2,DeccancubeOpenAugust2017,d,F,1,2
2167435820110200,10,R' F U2 R' F U2 R2 U' R2 U' R2,KvisselFall2017,1,A,0,3
2167435820110200,10,R' U' F' U2 F R U2 R' U' R2 U',OnnellistaUuttaVuotta2023,1,B,0,3
2167435820110200,10,R' F R U' R' U2 R' U2 F U' R2,SantiagoCubea2023,1,B,0,5
2167435820110200,10,R U' R2 U' R' F U' R' U' R U',VegasCubingFall2023,f,A,0,1
2167435820110200,10,R' F R U' R' U2 R' U2 F U' R2,2x2CubeMastersBogota2023,d,D,0,3
2167435820110200,10,R U2 R2 U' F' U' R U F R2 U',FushunOpen2024,d,D,0,3
2167435820110200,10,R U2 R2 U' F' U' R U F R2 U',CubesontheBaysideSummer2024,1,C,0,1
2167435820110200,10,R' U' F R U R F' R2 U' F R',PeaceCountryCubing2025,1,A,0,4
2167435820110200,10,R' U' F R2 F' U2 R F' U' R' U2,HsinchuSummerOpen2025,1,C,0,4
2165734800121200,10,R' U' F2 U2 R2 U' R2 U R2 U' R',SouthEastTexasOpen2017,1,A,1,1
2165734800121200,10,R' U2 F' R' U' R U R U' R' U,LatinAmericaCubingTourMerida2017,f,A,0,5
2165734800121200,10,R U' R2 U F' U' F R2 F' R2 U',VorarlbergOpen2019,f,A,0,4
2165734800121200,10,R' U' F2 U2 R2 U' R2 U R2 U' R',EtnaOpen2019,2,C,0,4
2165734800121200,10,F2 R U' R U2 R' U R' F' R2 U',StarCubingNijmegen2019,f,B,0,4
2165734800121200,10,U2 R' F U2 F' R U F' R2 F R,BatamRevival2022,1,A,0,5
2165734800121200,10,U R' U' F' U2 F R2 U' R U2 R',IguatemiFortalezaV2024,1,A,0,4
2165734800121200,10,R' U2 F' R' U' R U R U' R' U,LinhaiNewcomers2025,d,B,1,2
2165734800121200,10,U R' U' F' U2 F R2 U' R U2 R',BeskidyCubingDay2025,f,B,0,2
2165734800121200,10,R U' R' U' R2 F R U' R U' F',FastestFingersFirstPune2025,1,C,1,1
2165437801201020,10,R' F U' F U' R U2 R' U F2 U',BerkeleySummer2016,d,E,0,3
2165437801201020,10,U' R U R' U2 R U' R' F' R2 U',KCubingFall2017,1,E,0,4
2165437801201020,10,U' F U F R2 U' R' U2 R' U' R',VancouverSelectWinter2018,1,E,1,2
2165437801201020,10,R U' R2 U2 R U2 R U' R2 F R,SacCubingVII2019,f,A,0,2
2165437801201020,10,U R U2 R2 U' R2 U R' U2 F R,RoadtoICMilano2019,1,D,0,1
2165437801201020,10,U2 R U2 F' R' U2 F U' R U2 R,ArnoldClassicNorthAmerica2020,1,C,0,2
2165437801201020,10,R U' R2 U2 R U2 R U' R2 F R,CarquefOpen2023,1,C,0,4
2165437801201020,10,R' U' R2 F U' F2 R2 U' R2 F R,CubingforYuval2023,1,B,0,1
2165437801201020,10,R' F U' F U' R U2 R' U F2 U',FuninMuncie2025,1,A,0,5
2165437801201020,10,R F' U2 F' U' R2 F U R F U',BucharestCubingSeptember2025,f,A,0,5
2165437801012020,10,R' F' U2 R U' R' U2 F U2 R2 F',ShaastraCubeOpen2015,d,D,1,2
2165437801012020,10,R F' U' R' U' R U2 R U2 F' U',CochabambaOpen2015,d,D,0,1
2165437801012020,10,U' R' F U2 R U' R' U R F' R2,GuateMayaOpen2016,1,A,1,1
2165437801012020,10,U' R' U2 F R2 U' F' R' U2 R2 F,HowlandHighSpring2017,d,E,0,3
2165437801012020,10,R U' R2 U' R' F R2 U' R' U' F,PrimusCubeOpen2018,1,D,0,1
2165437801012020,10,R U' R2 U' R' F R2 U' R' U' F,Euro2018,d,G,0,5
2165437801012020,10,U R' U' R2 U' F R U' R U2 R',WommelgemOpen2023,1,A,0,1
2165437801012020,10,R U' R' U2 R' F R U' F R2 F',MataleCubingYearEnd2023,1,C,0,3
2165437801012020,10,U R' U R U R' U2 F2 U' F U',PodolianOpen2024,f,A,0,3
2165437801012020,10,R' F' U2 R U' R' U2 F U2 R2 F',GoshenSpring2025,1,B,0,2
2154763811021220,10,R' F' R F U' R U' R F' U R,VenezuelaNationals2015,f,A,1,2
2154763811021220,10,R' U2 F2 R2 U' R' U' R2 F' R U,MagnitOpen2019,f,B,0,2
2154763811021220,10,R' U2 F2 R2 U' R' U' R2 F' R U,HungarianOpen2019,2,B,1,2
2154763811021220,10,R' F2 U2 R2 F' U' F' R2 U' R U,SalentoCubingOpen2020,1,B,0,4
2154763811021220,10,R' F2 U2 R2 F' U' F' R2 U' R U,GermanMiniOpenB2021,1,D,0,5
2154763811021220,10,U2 R' F U' R F R2 U' R2 F U2,GeorgiaWinterOpen2022,1,A,0,1
2154763811021220,10,R U' F' R' F U2 R' U' R U2 R,FutureParkCubing2023,1,D,1,1
2154763811021220,10,R' U2 F2 U2 F R2 U R' U2 R2 F',PuzzlinPolokwane2024,f,A,0,2
2154763811021220,10,R' F' R F U' R U' R F' U R,HCMCVNCWarmUp2025,1,E,1,1
2154763811021220,10,R' F2 U2 R2 F' U' F' R2 U' R U,AmritaCubeOpen2025,f,A,0,5
2153647802222100,10,R' U2 R U' R' U' F' U' R2 U2 R',OpenCidadedaCrianca2016,f,A,0,1
2153647802222100,10,R' U F U2 F' R U' R' U' R2 U2,GLSCupI2019,2,B,0,3
2153647802222100,10,R F' R' U' R U' R U2 R2 F U2,FallRiverCubikon2023,d,D,0,3
2153647802222100,10,U R F U' F2 U' F R U R' F,LakewoodSpring2023,1,C,1,1
2153647802222100,10,R' F U2 R' U2 F U R2 U' R2 U2,AustinTinyPuzzles2023,2,A,0,1
2153647802222100,10,U' F' U' R2 U2 F U2 R U' R' F',GroundhogDayinSomerfield2024,f,A,0,2
2153647802222100,10,U R F U' F2 U' F R U R' F,OC2024,1,F,0,5
2153647802222100,10,R' U F U2 F' R U' R' U' R2 U2,PentictonLakeside2025,1,A,0,5
2153647802222100,10,R' F R U2 R F R U' R' F' U',SlovakChampionship2025,2,B,1,2
2153647802222100,10,R U2 R2 U F R' U' F' U' F R2,WisconsinonIce2026,1,E,0,5
2147635802110110,10,R' U2 R2 U' R2 U' F R' U' R U2,BarcelonaFMEOpen2015,1,F,0,1
2147635802110110,10,U2 R U' R' U R U' F' U' R2 F,RubikZamora2017,f,A,0,3
2147635802110110,10,R F' U' R' U2 R U' R' U R2 U',TuamSunday2021,f,A,0,4
2147635802110110,10,R' U' R2 U' R2 U' R2 F' U R U2,ChanqueteOpen2022,f,A,0,3
2147635802110110,10,R' F2 R2 F' R2 F' R U' R' F U2,SormetJaassaJarvenpaassa2023,1,A,1,2
2147635802110110,10,U2 F U' F U2 R2 U' F' R2 U R,UBCubingChallengeDec2023,f,A,0,4
2147635802110110,10,R' U' R2 U' R2 U' R2 F' U R U2,NimbleHandsinNoblesville2024,1,C,0,2
2147635802110110,10,R' F' U' R U2 R' U2 R2 U' R2 F,WestCoast3Trollhattan2024,2,B,0,2
2147635802110110,10,R F' U' R' U2 R U' R' U R2 U',IzmirOpen2025,2,B,0,5
2147635802110110,10,R F' R' U R' U R U2 R' F U2,BiblianOpen2025,f,A,0,3
2147536812200010,10,U2 R F' U2 F' U' R2 F U' R2 U2,PistayDayat2014,f,A,0,4
2147536812200010,10,R' F R2 F' R2 U' R U2 F R U',RubikHuehue2014,2,A,1,1
2147536812200010,10,R2 U' R' U R' U2 F' R2 F' U' R',AnaadyantaCubeOpen2017,d,I,0,4
2147536812200010,10,F R U R F' U' R' U' R F' R2,VancouverOpenWinter2018,c,D,1,2
2147536812200010,10,U2 R U2 R' U R U R' U' F' U2,UkrainianOpen2018,2,B,0,3
2147536812200010,10,U R F R U' R' F' U' F U' R2,SUAO2018,d,B,0,1
2147536812200010,10,F R U R F' U' R' U' R F' R2,LjubljanaOpen2018,2,B,0,5
2147536812200010,10,F R U R F' U' R' U' R F' R2,Synocubix2020,f,A,0,1
2147536812200010,10,R' F U' R2 U2 R2 U2 R U R' U2,ArnhemOpenA2024,2,A,0,3
2147536812200010,10,F R U R F' U' R' U' R F' R2,MunichOpen2025,1,B,0,2
2146573801122210,10,R' U' R U' R U2 F' U' F' U' R,SydneyAutumn2016,2,B,0,2
2146573801122210,10,R' U' R U R' U2 R2 F U' F' R2,NewmarketOpen2017,d,B,0,4
2146573801122210,10,R F' R' F' R2 F U' F R U R',625BayArea2017,f,A,1,4
2146573801122210,10,U R' U2 R' U F R2 U' R2 U' F',CubingKnights2017,d,A,0,5
2146573801122210,10,R F' R' F' R2 F U' F R U R',VancouverOpenWinter2018,c,I,0,4
2146573801122210,10,U2 R' U' R2 U' F R2 U' F U' R,LatvianOpen2019,f,A,0,3
2146573801122210,10,R' U' R U2 R U2 R' U2 F' U' F',KostelecSummer2022,2,B,0,5
2146573801122210,10,R U' R' U2 F U' F2 U2 R U R',BerkeleySummer2023,1,B,0,4
2146573801122210,10,R' U' R U' R U2 F' U' F' U' R,JukkasjarviMidnightSun2024,2,A,0,1
2146573801122210,10,U R U2 R2 F R F U2 R U' R,PUCPCubingFestivalV2025,2,C,0,5
2146573800022200,10,R F U2 R U' R U' R' U R' U,ValenzuelaCubingSummit2015,f,B,1,1
2146573800022200,10,U R' F R' F' U' F R U R U2,DongguanOpen2017,f,A,1,2
2146573800022200,10,U' R F' U' R' U R' U2 F' R' U',JapanOpen2017,d,B,0,1
2146573800022200,10,U R' F R' F' U' F R U R U2,KalmykiaOpen2018,1,B,1,1
2146573800022200,10,U2 R F U2 F' R U' R' U2 R U',IndonesianChampionship2018,f,A,0,5
2146573800022200,10,U' R F U F U2 R U2 R' U2 R,HappyNewYearCubingHoorn2020,1,C,0,5
2146573800022200,10,U' R F' U' R' U R' U2 F' R' U',SantiagoUVOpen2022,d,C,1,1
2146573800022200,10,U R' F R' F' U' F R U R U2,MonterreyBogotaIII2023,d,B,0,5
2146573800022200,10,U R' U2 R U R' F R2 F' U' R2,NorthIdahoNewcomers2024,1,C,1,1
2146573800022200,10,U' R F' R' U' R U' R2 F' R' F',CubeFactoryLeagueJezow2026,1,B,0,1
2145736811120220,10,U2 R' U' R U2 F' R2 U2 R U R',ShaastraCubeOpen2017,2,D,1,1
2145736811120220,10,U' R' U2 F R F R U2 R' F2 U2,FLIPOpen2017,d,B,1,1
2145736811120220,10,R2 F U2 F' R U2 R' F U' F U2,RigaOpen2018,f,A,0,5
2145736811120220,10,R F' R2 U R' F R U' R U2 F,XelaOpen2018,1,A,1,1
2145736811120220,10,R U' R2 F U' R2 U' F' U' R2 U2,BackToBelgrade2021,f,A,0,2
2145736811120220,10,F U R2 U' R2 F U2 R U R' U2,AshfieldSummerNxN2025,1,B,0,2
2145736811120220,10,U2 R' U' R U2 F' R2 U2 R U R',RenoSummer2025,1,C,0,2
2145736811120220,10,U R' U2 F U' R F U2 F R U',AthensNeverEndingSummerB2025,d,A,0,1
2145736811120220,10,F U R2 U' R2 F U2 R U R' U2,KumaraguruCubeOpen2025,1,G,1,1
2145736811120220,10,U' R' F U' F R U F' R' U' R',ProyeccionSocialIII2026,d,C,0,1
2137645820000220,10,R' U2 F U2 R2 U' R2 U2 R U R',ZUSTOpen2017,1,C,0,5
2137645820000220,10,U R U2 R' U' R F' U2 R2 F U',AndritzHumenneOpen2017,2,A,0,3
2137645820000220,10,R' U' R F U2 R' F U' R' U' R,GoldenRubiksCube2017,1,D,1,1
2137645820000220,10,U2 R' U2 F U' R U2 R F U' R,CanariasOpen2018,1,B,0,3
2137645820000220,10,R U' F' R U' R2 U2 F R2 F' U',FariaBritoOpen2019,1,B,0,4
2137645820000220,10,R U2 R2 F U2 F R2 U' R2 U R',GatorCubingSpringOpen2019,1,B,1,2
2137645820000220,10,F' U2 F U' F U' R2 U2 R' U R,WakefieldOpen2022,f,B,0,5
2137645820000220,10,R2 F U' F U2 F U' R U2 F R,RodenpoisOpen2023,f,B,1,1
2137645820000220,10,R' U2 F U2 R2 U' R2 U2 R U R',GelugorCubeCarnival2025,1,A,0,4
2137645820000220,10,U R U' R' U2 F U' R F U' R,EwaBeachLiiMalaki2026,f,A,0,2
2136574820210220,10,F' U' R U2 R' U2 F U' R U' R,AtlanticOpen2014,f,A,1,1
2136574820210220,10,R' F' R' F U2 R U' R U' F' R2,ApolloOpen2014,f,A,0,4
2136574820210220,10,R U2 F' U R U' R' U2 R' U F,BrasovRubiksOpen2015,c,A,1,1
2136574820210220,10,R' F' R' F U2 R U' R U' F' R2,NanchangWinter2016,d,C,0,1
2136574820210220,10,R' F U' R2 F2 R U R' U' R U',BekasiCubeDays2016,1,B,0,2
2136574820210220,10,R' F' U2 F R U F' R U2 R U',UlaanbaatarSpring2023,f,A,1,1
2136574820210220,10,U' R U' R2 F2 R U F' U' R U',Michigan2023,1,C,0,3
2136574820210220,10,R' F' R' F U2 R U' R U' F' R2,AraruamaOpen2024,d,B,0,4
2136574820210220,10,R' U' R2 U' R2 U F U2 F U R2,LasCondesCubikzChallenge2x22024,d,A,0,1
2136574820210220,10,U' R' F2 U F U2 R2 U' R' U2 R',RubiksUKChampionship2024,d,E,0,2
2136475801112100,10,U2 R U' F U' R U2 R F' R' U2,MinyonsdeTerrassaOpen2015,2,A,0,1
2136475801112100,10,U R' F R U R F' R2 U' R U',HNYCubingDordrecht2018,1,A,1,1
2136475801112100,10,U R' F R U R F' R2 U' R U',Brooklyn2018,1,B,0,4
2136475801112100,10,U' R U' R U' R2 F U' F U2 R2,OuluOpen2018,1,A,1,1
2136475801112100,10,U' R U' R U' R2 F U' F U2 R2,AlbanianOpen2019,f,A,1,1
2136475801112100,10,U2 R' U' R2 U2 R' U R' F R U',TassieWinter2023,1,C,0,5
2136475801112100,10,U' R' F R U2 R' U2 F2 R U' R,RubiksWCAAfricanChampionship2024,2,C,0,4
2136475801112100,10,R U R' U2 F R' F R U' R' U',HannukubingIsrael2024,1,G,0,3
2136475801112100,10,R' F U' R' F' R2 F' U2 R2 F U',CubeAgainstCancerRoswell2025,f,A,0,2
2136475801112100,10,U R F' R' U2 R U' F U' R U',GLSGdanskIII2026,1,B,0,2
2135674812010200,10,R U' R2 F U' R2 U' R2 F R U',BelfortOpen2018,f,A,0,4
2135674812010200,10,F' U' R U R' F R U' R F' R2,VESCubeOpen2019,1,C,1,2
2135674812010200,10,U R' U2 F R U2 R' U' F2 U' R,MyyrmakiSummerChallenge2019,2,A,0,5
2135674812010200,10,U' R U2 R' U' R2 F' R2 F' R U',ZiboOpen2019,d,D,0,5
2135674812010200,10,U R' U2 F R U2 R' U' F2 U' R,SandnesOpen2021,1,A,0,4
2135674812010200,10,R' U F R U' R U2 F' R' U R,GranadaOpen2023,1,A,0,3
2135674812010200,10,U2 R' F' R F' U' R' U R' F U',UCSDExtravaganza2023,1,C,0,2
2135674812010200,10,U' R' F2 U2 F R U2 R U2 R' U2,RichmondRumble2024,1,C,0,2
2135674812010200,10,U R F' U' R2 F2 R U' R U2 R',EcijaOpen2025,1,E,0,2
2135674812010200,10,R' U F R U' R U2 F' R' U R,KedahCubeOpen2025,2,A,1,1
2135647811211000,10,R U' F' R' U R U' R2 F R2 U',Indiana2014,1,C,0,1
2135647811211000,10,R F U' R U' F R U2 R F' R2,LedgewoodWinterOpen2017,f,B,0,3
2135647811211000,10,U R' F U R' U2 F U' R2 F' R',KubkvarnaWinter2019,2,A,0,4
2135647811211000,10,R' F U' F' U F R2 U' R' U2 R',StevenageSummer2022,d,C,1,1
2135647811211000,10,R' F U' F2 R U2 R' U F R U,ValmieraOpen2022,f,A,1,1
2135647811211000,10,R' U F' U2 R U2 R' F U R U,Bucaramanga2023,d,A,1,1
2135647811211000,10,R' F U' F' U F R2 U' R' U2 R',WarmUpSydneySaturday2023,1,D,0,4
2135647811211000,10,U R' F U R' U2 F U' R2 F' R',FortLeeSummer2025,1,A,1,2
2135647811211000,10,R' F U' R2 F U2 R U R F U',LewisCenterSideEvents2026,1,A,1,1
2135647811211000,10,R' F' U' R U' R2 U' F U2 F U,KhuvsgulCubeDay2026,f,G,1,2
2135467811112120,10,U2 R' U2 R U R2 F U' F' R U,MontrealOpenWinter2017,d,A,0,3
2135467811112120,10,R' U F U' R U2 R2 U' F U2 R,LonghornCubeDay2017,f,A,1,2
2135467811112120,10,U' R' U R' F U2 R2 U' R2 U' F,OakridgeCubeOpenApril2018,1,H,0,5
2135467811112120,10,R U' R U' F' R2 U' F U2 R2 U',FinnishChampionship2019,2,B,0,3
2135467811112120,10,U R U' R' U R' U' R2 F U' F,SSTKielce2021,1,A,0,5
2135467811112120,10,R' U R U2 R' U F U' R' U F,NxNMinnesota2022,1,A,0,1
2135467811112120,10,R' F U R2 U2 R' U' F R U2 R,SLSPazdziernik2023,f,A,1,1
2135467811112120,10,R' U2 R U R2 U' F U2 F U2 R2,ChanteloupOpen2023,f,A,0,4
2135467811112120,10,R' U R F2 R U' R U' R2 U2 R,VillapinzonalCuboOpenII2024,f,A,0,3
2135467811112120,10,U R' F U' F2 R2 U2 R2 U2 F U,UnicentroTunjalV2026,d,A,0,1
2135467802020200,10,R' U' F U' F U' F' U2 F U' R,KoreaWinter2015,1,F,1,2
2135467802020200,10,U' R' F U R U R2 F' U' F R,DneprNeverFails2018,1,A,0,4
2135467802020200,10,U' R' F R F R U2 F' R' U R,NanchangSummerIsComing2018,d,B,0,5
2135467802020200,10,R' U2 R U2 R' U2 F R U' R U',NanchangDragonboatOpen2018,d,C,0,1
2135467802020200,10,U2 R' F' U2 R U' R' U' F2 R U,LandeOpen2018,2,A,1,2
2135467802020200,10,U' R' F U R U R2 F' U' F R,PrideInLongBeach2023,f,B,1,1
2135467802020200,10,R F' U' R' U R F' R' U R' U2,GranadaOpen2024,2,C,0,5
2135467802020200,10,R' U' F U' F U' F' U2 F U' R,AvenidaChileXII2024,d,A,0,1
2135467802020200,10,R' F U' F2 R2 U' R' U R' U R2,RobinsonLatkrabangOpen2024,1,B,0,2
2135467802020200,10,U2 R' U' R2 U' R2 U' R U' R F,WPISpring2025,1,C,0,3
1627435810111110,10,F U2 R' F' U2 R U2 R U' R' U',IndianNationals2015,2,D,1,2
1627435810111110,10,R U' F U' R U F' U2 R2 U' R2,SlovakianCubeDay2018,1,D,0,4
1627435810111110,10,R' F2 R' U' F R U2 R U2 R' U',ConstitutionStateWinter2020,1,B,1,1
1627435810111110,10,U R U2 F U' F2 U' R U' R U2,VeniaCubearaToto2022,2,B,0,3
1627435810111110,10,U' R F' R2 U' R' U2 F U' F U2,LakeErieCubingClash2022,1,B,1,2
1627435810111110,10,U R U' R2 F2 R U2 R2 U2 R' U',CuricoalCubo2022,2,B,0,1
1627435810111110,10,U R' U R2 U2 R2 F U' F' R U',BudapestBacktoSchool2023,1,B,0,4
1627435810111110,10,R' F2 R' U' F R U2 R U2 R' U',Naticube2024,1,A,0,4
1627435810111110,10,U' R' U' R U R2 U' F2 U' R U2,CubeCentralYucatan2024,f,A,0,5
1627435810111110,10,U R' U R2 U2 R2 F U' F' R U',BarbertonMini82025,1,C,0,1
1563724800100200,10,R' U' F U F U2 F R2 U' R' U,MedanOpen2015,f,A,0,2
1563724800100200,10,U' R U2 R2 U2 F2 U' F U' F U',LLSIV2018,1,A,0,1
1563724800100200,10,R U' R' U2 R' F R2 U2 R' U' R2,SinFronteras2018,1,C,0,3
1563724800100200,10,U2 R U2 R2 U F2 R U2 R U2 R',ODUBigBlueSpring2019,1,A,1,2
1563724800100200,10,U' R' F2 U2 F U2 R2 U' R' F U',FrosoCubing2022,2,A,0,2
1563724800100200,10,U2 R U2 R2 U F2 R U2 R U2 R',RiverHillFall2022,f,A,0,2
1563724800100200,10,R' U' R F' U2 R2 F U' R U R',UFBAIV2024,f,E,1,1
1563724800100200,10,R' F' R2 F' R' U' R U' R U' R2,BattleofAlberta2025,f,C,1,2
1563724800100200,10,R F' U' R2 U' F U2 R2 U' F' U2,Villavicencio2025,f,A,1,2
1563724800100200,10,U' R' F2 U2 F U2 R2 U' R' F U',GurizaoemOsorio2026,f,A,0,3
1524763820002020,10,R' F U' F R F' U' F U' R U,SmallCubingitaly2016,f,A,0,5
1524763820002020,10,U R' U' R2 U2 R' U2 R' F R2 F',KaliskaOpen2016,2,C,0,5
1524763820002020,10,U R' F' R U' R2 U' F U2 F R,MaruCubeDay2016,1,A,0,2
1524763820002020,10,R' U2 F R2 U2 R2 F' U' F U2 R2,SandnesOpen2018,2,A,0,5
1524763820002020,10,R' U' R U R' U' R2 U R U2 R',AnkaraSummer2021,1,C,0,3
1524763820002020,10,U R2 F' U2 R U R' F' U2 R U2,SummerWarmUpMangaldan2022,1,A,0,2
1524763820002020,10,U R' U' R2 U2 R' U2 R' F R2 F',AvesMariaTeams2023,f,A,1,2
1524763820002020,10,R U2 R2 U' F' U2 F2 R2 U' R' U2,PretzelManiaDenver2024,1,E,0,5
1524763820002020,10,R' U2 F R2 U2 R2 F' U' F R2 U2,BergenSpring2025,2,B,0,2
1524763820002020,10,R' F U' F R F' U' F U' R U,BirminghamSpring2025,1,C,0,2
1465723800121200,10,F' R' U2 R' U F2 R U2 R' F U2,Florida2019,1,E,1,2
1465723800121200,10,U R' F U2 F' R U2 R' F R F,BCMAryaCubingChallenge2019,1,C,1,2
1465723800121200,10,R2 F' U' R U R' U2 F' R U R',CubingPeoria2020,1,E,0,4
1465723800121200,10,F' U' R' U' R' F U' F U R U,EdukentWeekend2022,1,B,1,2
1465723800121200,10,R' U2 F' U2 R2 U' R2 F' R U' R,WelcometoOlympia2023,1,C,1,1
1465723800121200,10,U R' U F2 R U R' U2 R U' F,TurkishNationals2023,1,C,1,2
1465723800121200,10,U2 R' U2 R U' R F R F U' R,TakeYourTimeErmelo2023,2,B,0,4
1465723800121200,10,F' U2 R' F R2 U' R2 U2 R U R,BucharestCubingOctober2025,1,A,0,5
1465723800121200,10,F' R U R U2 R2 U' R2 U2 F' U',ParNutiCubing2025,f,A,0,1
1465723800121200,10,F' U' R' U' R' F U' F U R U,TaiwanChampionship2025,1,D,0,2
1367452811002110,10,U2 R' U' F' R U' F R U' R' U2,LesFranquesesOpen2017,2,C,1,1
1367452811002110,10,U' R' F' R U' R' F2 U F' R2 U',InstitutoNacionalOpen2017,2,B,0,1
1367452811002110,10,R' U2 R U2 R' F U R2 U' R2 F,HSEOpen2018,d,A,0,4
1367452811002110,10,U R' F R F U2 R2 F' R' U R',CanelaVerde2019,1,C,0,5
1367452811002110,10,U' R2 F U' F U' F' R U2 R' U',DutchNationals2019,1,H,0,1
1367452811002110,10,U R F' R U' R' U2 R' F' U2 F',DroitwichSpaAutumn2022,f,B,1,1
1367452811002110,10,U2 F R U R' F R2 F' U' R2 U2,KaunasOpen2022,d,B,0,4
1367452811002110,10,U' R U' R' U' R' F R' U' R U,SSLVIIHerrljunga2023,1,C,0,4
1367452811002110,10,R U' R2 F R U' F R2 U2 R' U2,BucharestDecemberCubing2024,f,A,0,4
1367452811002110,10,U2 R' U' F' R U' F R U' R' U2,RubiksIrishChampionship2025,1,A,0,5
1367452801122210,10,F U' F2 U' R U' R' F R U2 R,RubiksXelaOpen2015,f,B,0,3
1367452801122210,10,U2 R U' R' U R' U F2 U' F U',SCMU2016,3,A,0,4
1367452801122210,10,F U' R2 U' R2 F R U' R' F R,LjubljanaOpen2016,2,B,0,2
1367452801122210,10,R2 F U' F U' F U2 F' R U' R,NorthLiberty2019,1,E,1,2
1367452801122210,10,R U' R2 U' R U' F R2 U' R2 U2,BacktoIstanbul2022,1,C,0,3
1367452801122210,10,F U' F2 U' R U' R' F R U2 R,SzczecinSummer2023,2,A,1,2
1367452801122210,10,R U' R2 F U' R' F U' F R2 U',LigerimGoiania2024,f,A,0,5
1367452801122210,10,U' R' F' R2 F R2 F' R2 F U' R2,Clauckland2024,f,A,1,2
1367452801122210,10,R2 U' R U R2 U' R U2 R' U2 F,ManchesterSpring2025,f,B,1,1
1367452801122210,10,R' F U2 F2 R U' R' U F U' R,OrediggerFallCO2025,f,A,0,4
1365274802220120,10,R' U' F R2 F' R' U R2 F U' F',CebuOpen2015,f,A,0,4
1365274802220120,10,U R F2 U' F' R U R U2 R' U',JakartaCubing2018,1,B,0,4
1365274802220120,10,U R2 F2 U' F R U R' U R' F,ARomperTuPBLima2020,1,D,1,2
1365274802220120,10,U R' U' R U2 F' U' R U2 R F',BogoroditskOpen2021,1,E,0,5
1365274802220120,10,R' U' F' R F2 U2 R U2 R' U' R2,SpeedcuberPeruILima2023,1,C,0,3
1365274802220120,10,U R2 F2 U' F R U R' U R' F,NacionalesElSalvador2023,1,A,1,2
1365274802220120,10,U R' U' R U2 R U' F U' R' U2,MexicanChampionship2023,1,C,0,5
1365274802220120,10,U F U' R U R U' R' U R' F',OsorioGuriCubing2024,d,B,1,2
1365274802220120,10,R F U2 F U2 R U R' F' R' U',TwistyTeRaekura2025,2,B,0,2
1365274802220120,10,R' U R U2 R' U' F' U2 R F R,DarkhanKodomoWinterCup2025,1,E,0,2
1357426800022200,10,U2 F' U' F U' F R2 F' U2 F' U2,AvenuesCUBELELO2015,d,A,1,2
1357426800022200,10,U R U' R2 F R U' F2 U' R U,SpeedcubingESYA2018,1,B,0,3
1357426800022200,10,U' R' U2 F R U' R U F2 U' F,TaichungCubingOpen2019,f,A,0,1
1357426800022200,10,R' F' R F' U' R2 U2 F R U' R',TaiyuanWinter2019,1,D,1,2
1357426800022200,10,U R2 F2 U' R2 U2 R' F R U' R',GautengAutumn2022,f,A,0,3
1357426800022200,10,U' R U' R2 U2 R U F2 U' F R2,CubingBulls2022,1,D,0,3
1357426800022200,10,F R U' R U' R2 U' R U' F U2,GotlandOpen2023,1,B,1,1
1357426800022200,10,U2 R' F' R U' R U2 R' U2 R' F2,TheHeartofTexas2025,2,B,0,1
1357426800022200,10,R' F U2 R2 F2 U' F U' F R U2,NewtoEdmontonA2025,f,A,0,5
1357426800022200,10,U R' U' R' F U' R2 U' R U' R2,GreekNationals2025,d,A,1,2
1346752810011120,10,R' U2 R F U' R U R U2 R' U,IGARubik2014,2,B,0,5
1346752810011120,10,U R U2 R' F' U2 F' R2 U2 R' U',USNationals2015,3,B,1,1
1346752810011120,10,U' R' F R U' R F' R' F' R' U,ShaastraCubeOpen2018,d,F,0,1
1346752810011120,10,R' F U2 F U R' F R U' R' U2,CubinginBeverly2022,1,B,0,2
1346752810011120,10,R' F U2 R2 U' R2 U' R2 U' F U',CubingatTheGameExpo2024,2,B,0,3
1346752810011120,10,R' U R2 F' R' U2 R' F R F R,KumaraguruCubeOpen2024,1,C,0,2
1346752810011120,10,R U2 F2 U' F' R U' R F' R' U',KedahCubeOpen2024,2,B,1,2
1346752810011120,10,R U' R' U2 R' U2 R U R' F2 U2,OpenChristmasCubeHuancayo2024,2,C,0,5
1346752810011120,10,R U' R' U2 R' U2 R U R' F2 U2,UnorthodoxBlocksWisconsin2025,f,A,0,3
1346752810011120,10,R' F' R U R' U' F' R' U' R U,SanValencubeHuancayo2025,1,E,1,1
1342675802111220,10,U' R F' R U' F' R2 U' F U' R,ExeterOpen2016,1,A,0,1
1342675802111220,10,R' U F2 U' R U2 R U2 R' U' R',LongyanSummerOpen2017,d,C,0,5
1342675802111220,10,U2 R2 U' R U R' U F' U' R U2,SaintJohn2018,1,B,0,4
1342675802111220,10,U2 R2 U2 R' U2 R U' R2 U' R2 U2,FestivalCuberoBlind2019,1,A,0,1
1342675802111220,10,R' U2 R F' U' F' U' R2 F R U2,IndianapolisCubesWinter2019,d,E,0,2
1342675802111220,10,R' U' F R' F U F R2 F' R' U,EnergyCubeKolo2023,1,C,1,1
1342675802111220,10,R U' R2 F' U' F U2 F' R U R2,GurugramCubeOpen2023,1,A,0,1
1342675802111220,10,R U F U2 R U' R' F' R U' R,DuPageWinter2024,f,A,1,1
1342675802111220,10,U2 F U' F' U2 F' U2 R2 U' R' U2,IguatemiFortalezaII2024,1,C,1,2
1342675802111220,10,R' U R U2 R' U' F' R U' F R,GrazOpen2024,1,C,0,2
1325764821000000,10,R2 F U' R2 U2 R2 U' R2 U2 R' U',BarbyCube732017,1,B,0,1
1325764821000000,10,R' F R2 F' U' R' U F' U2 F U',SidoarjoCubingFestival2018,f,C,0,5
1325764821000000,10,U2 R F' R2 F' U' R2 U' F' R2 U',ArnoldClassicNorthAmerica2019,1,F,1,1
1325764821000000,10,U2 R' U' R2 U2 R' U R' U2 F2 R2,BigBangOpen2019,1,A,0,3
1325764821000000,10,R' F U F R U2 R U' R2 F' U',AarhusOpen2022,f,A,0,2
1325764821000000,10,U' R' U2 F' U R2 F' U2 R2 F R,ParthenopeOpenBacktoSchool2023,f,B,0,5
1325764821000000,10,R' F U' R U2 R F' U' R2 U F,TurninginTownsville2024,f,A,1,2
1325764821000000,10,R2 F R2 F2 U' R U2 R U' R' U',MalaysiaCubeChampionship2024,1,D,1,2
1325764821000000,10,R2 F U' R2 U2 R2 U' R2 U2 R' U',KedahCubeOpen2024,2,A,1,1
1325764821000000,10,U R U2 R' U' R U2 R' U' F2 U2,OrediggerOpenCO2025,f,C,0,4
1324756811001120,10,R U' R' F' R U' R' F' U' F U',SSL2Stockholm2017,2,B,0,1
1324756811001120,10,U R' U2 F R U' R F' R2 F2 U2,BairesCentroOpen2018,1,B,0,4
1324756811001120,10,R2 F U' F U' F U2 R U' R F',VivaVidaSBCOpen2018,1,C,1,2
1324756811001120,10,R' U2 R2 U' R2 U' R' U2 F' U' F,UBCOpen2019,c,E,0,4
1324756811001120,10,R' U2 F' U R U2 R F' U2 R2 U',FloridaWinterBreak2019,f,A,0,4
1324756811001120,10,U' R F' R' U2 R' U' R U2 R' U',PSTLLSLublin2020,1,B,0,4
1324756811001120,10,R2 U' R U R' U' F R U2 R U',BrisbaneSummer2023,1,H,1,2
1324756811001120,10,R2 U' R U R' U' F R U2 R U',ChengduSummer2024,d,C,1,2
1324756811001120,10,R' U2 F' U R U2 R F' U2 R2 U',SL306OfrivilligSpion2024,f,A,0,5
1324756811001120,10,U R F' R' U' R' U R' U R' U',AvenidaChileXXVIII2025,1,B,0,3
1264573820201010,10,R' U F U' R U2 F' U' R U' R',BugellaOpen2014,f,A,0,3
1264573820201010,10,U' R' U F' U' R U2 R' U2 F' R2,NanchangWinter2015,f,A,1,1
1264573820201010,10,R' U F U' R U2 F' U' R U' R',SouthEastTexasOpen2016,1,A,0,2
1264573820201010,10,U' R' U R' U' R U2 R' F2 U' R2,MijasOpen2017,f,A,1,1
1264573820201010,10,U' R U2 R2 F U' F R F2 U' R,SantaPolaOpen2018,1,A,0,2
1264573820201010,10,U' R U' R' U2 R' F U' R2 U2 F',VictorianOpen2022,1,F,1,2
1264573820201010,10,U' R F R2 U' F' R' U2 R2 F U',ParNutiCubing2022,f,A,1,1
1264573820201010,10,R F R2 F' R2 U2 R U R' U2 R2,AvesMaria2023,d,B,0,3
1264573820201010,10,R' U F U' R U2 F' U' R U' R',BASC48625Berkeley2023,d,C,0,4
1264573820201010,10,R F R2 F' R2 U2 R U R' U2 R2,KublordagUppsalaIV2026,1,A,0,2
1263745800002010,10,U' R' U' R2 U' F R2 U' R' U F,KoreaWinter2015,1,D,0,4
1263745800002010,10,U2 R' U2 F R2 U' R' U R2 F' R,SlowNSteadySpring2016,d,J,1,1
1263745800002010,10,U2 F U' F U F' R U' R' F U2,AnaadyantaCubeOpen2017,d,H,0,5
1263745800002010,10,R' F R' U2 R F R U2 R U2 R2,FECAOpen2017,1,A,0,2
1263745800002010,10,U' R' U' R2 U' F R2 U' R' U F,TunasOpen2018,2,B,0,4
1263745800002010,10,U2 R U' R2 U' R F' U' R2 U2 R',ChachyaOpenRotaryEdition2018,1,B,0,2
1263745800002010,10,U' R' U' R2 U' F R2 U' R' U F,LuisitaSpeedcubingOpen2018,1,B,1,2
1263745800002010,10,U2 R' F2 R2 U2 R F' R' U R U',NxNMuroCubea2023,2,C,1,1
1263745800002010,10,U2 F' U2 F U' R U2 R U2 R' U',LaPazMasters2024,1,D,0,3
1263745800002010,10,R' F' R U' R F' U R' F U R,SantiagoVerano2026,c,A,1,2
1257346821210210,10,U' R' U2 R2 U2 R' U' F U' F U2,OficinaOpen2022,1,C,0,5
1257346821210210,10,R U' R2 U' R U2 F' U' R U R',ArchenaOpen2022,1,C,0,4
1257346821210210,10,U' R' U2 R2 U2 R' U' F U' F U2,TorelloOpen2023,d,B,0,4
1257346821210210,10,U' R' F U2 F2 U' F' U' F U' F',FolsomSummer2024,1,C,0,1
1257346821210210,10,U R' U2 F U2 F U' F R' F' R,AutotaloAnimeAdventure82024,2,B,0,4
1257346821210210,10,U' R' U2 F U' F' U F U2 F U,IsraelChampionship2024,1,C,0,4
1257346821210210,10,R U' R2 F R U2 R' F' U2 F U2,HvidovreSommerEfterar2024,f,C,0,4
1257346821210210,10,U R U R' F R2 U2 R' U R U',XuzhouAutumn2024,d,A,0,5
1257346821210210,10,U F R2 U' R' U' R' F U' R2 U',Kuutionvaantelyt2025,1,C,0,4
1257346821210210,10,U F R2 U' R' U' R' F U' R2 U',OlsztynSpringOpen2026,f,A,1,1
1256743800020100,10,F' R' U2 R' U' F' U2 R U2 R' U2,BitCubeOpen2017,f,B,0,2
1256743800020100,10,U R' F' U' R U2 R' F U2 F' R,VisayasChampionship2018,1,A,0,4
1256743800020100,10,R' F U F U' R U2 R F U2 R,MexicanChampionship2018,2,E,1,2
1256743800020100,10,U' F U R U' R' U R' U2 F U2,NorthernVirginiaSummer2019,1,E,0,3
1256743800020100,10,U R F' U' F' U2 R2 F U2 F R2,GhanaChampionship2020,1,B,0,5
1256743800020100,10,R' F' R2 F' U' R' U2 F R2 F' U2,SpeedcubingSlovakia2022,2,A,1,2
1256743800020100,10,U' F U R U' R' U R' U2 F U2,AmmanWintertime2023,1,A,0,2
1256743800020100,10,U R F' U' F' U2 R2 F U2 F R2,CentroSubaBogotaII2024,f,B,1,2
1256743800020100,10,R' U' R2 U' R2 F R' F2 U' F U2,PenangCubeMasters2024,1,C,0,3
1256743800020100,10,U' R' F' U2 R U' R' F R2 U R,SlovenianNationals2025,2,B,1,1
1254673800010110,10,U R U' R2 F U2 F' R2 U' R2 F,CubingKnights2015,2,A,0,4
1254673800010110,10,R' F' R' U' R U2 R U' R2 F' U',UABOpenChallenge2016,f,B,1,1
1254673800010110,10,R U' F R U2 R U' R2 U F R,SDWinter2018,d,D,0,3
1254673800010110,10,R U2 R2 U' F R2 F' R2 F' U' R,CuricoalCubo2022,d,A,1,1
1254673800010110,10,U R U2 F R U R U2 R' F U',UNIVROpen2023,2,B,0,3
1254673800010110,10,R U2 R2 U' F R2 F' R2 F' U' R,NAC2024,2,A,0,1
1254673800010110,10,U R U' R2 F U2 F' R2 U' R2 F,GACuberJacketsSpring2025,1,E,0,2
1254673800010110,10,R U' R2 U2 R U F R' F R2 U2,BelmontSpring2025,1,A,0,2
1254673800010110,10,R U' F R U2 R U' R2 U F R,Pulmapelipaivat2025,2,B,1,2
1254673800010110,10,U' R' U2 R U' R2 U F R U' F,Cube4funLublinHolidays2025,f,A,0,4
1253674800002100,10,U' R' F' U2 R2 F' U R U' R2 U',CapivaraOpen2015,1,B,0,5
1253674800002100,10,U F U R' U2 F U2 F' R U2 R,SpringScramble2016,2,A,0,4
1253674800002100,10,R' U F U2 F U' F2 R U R U2,TagumCityOpen2016,f,A,0,4
1253674800002100,10,R U2 R' U R F U2 R2 F' R' U',CONIAInternacional2018,1,A,0,2
1253674800002100,10,U F U R' U2 F U2 F' R U2 R,KubeKidsVilaVelha2019,1,D,0,1
1253674800002100,10,U2 R' F' R2 F U' F U' R2 U R,SandnesOpen2021,1,B,0,5
1253674800002100,10,R' U R2 U' R' U2 R F' R2 F R,SylvanSolves2022,f,C,0,2
1253674800002100,10,R U' R' U2 R2 U' R' U R' F2 U,EnergyCubeKonin2023,1,B,1,2
1253674800002100,10,U2 R' U' R U R' F R F' R2 U2,GanOpen2023,1,B,1,2
1253674800002100,10,R U' R' U2 R2 U' R' U R' F2 U,AustralianNationals2024,1,A,0,2
1247356812001110,10,U' R' F R2 F U' F2 R2 U' R U',IndianNationals2017,2,F,1,1
1247356812001110,10,R' F' U R2 U' F' R2 U R U2 R',HCMCubeDay2017,f,C,0,1
1247356812001110,10,F R U R' F U R' U' F U' R2,ShenzhenGoodMorning2021,f,A,0,4
1247356812001110,10,R' U' R U2 R U' R' F' R2 U2 F,EnergyCubeKolo2023,1,A,1,2
1247356812001110,10,R U' R2 U' R U R' U' F R' F,CentroBrazucaalCubo2024,d,B,1,1
1247356812001110,10,U F R2 U2 F U' F U2 R U R',PampangaSpeedcubingOpen2024,c,C,0,2
1247356812001110,10,R U' R2 F2 U2 F R U' F R2 U2,WestviewCubingFavorites2024,f,A,1,2
1247356812001110,10,U' R2 U' F' R2 F U' F R U2 R',OneShamelinCubeOpen2025,1,D,1,1
1247356812001110,10,R U' R2 F' U2 R U' R F U2 F,BacktoSchoolUtah2025,1,C,1,2
1247356812001110,10,R' F U2 F U2 F U' R' F R U2,IsraelChampionship2025,2,C,0,4
1246735820211000,10,R' U' R2 U' F R U R' U' R U2,ShenzhenOpen2018,d,C,0,2
1246735820211000,10,U R' U' R2 U2 F' U R' F' U' R,LPUNationalCubeChallenge2018,1,A,0,4
1246735820211000,10,U R' U' R2 U2 F' U R' F' U' R,HangzhouOpen2018,2,A,0,3
1246735820211000,10,U2 R' U' R F R U2 R' F R U,SSL4Sundsvall2019,1,B,1,2
1246735820211000,10,U2 R' U' R F R U2 R' F R U,Cube4funDWSwidnik2024,f,A,0,4
1246735820211000,10,R2 F' R' U2 R' U' R U2 R U' R2,HappySuseong2025,1,E,0,3
1246735820211000,10,R U2 F' U' R2 F R F' U' R U',BinghamtonCubeDay2025,f,A,0,2
1246735820211000,10,R' U' R2 U' F R U R' U' R U2,AlterdoChaoOpen2025,1,A,0,2
1246735820211000,10,R U2 F' U' R2 F' R2 F' R2 U' F,TempleCubingFall2025,1,A,0,5
1246735820211000,10,U2 R' U' R F R U2 R' F R U,BerkeleySpring2026,1,A,1,1
1245763820210220,10,R' F2 U2 R2 F R2 U' F' R' U' R,SlovakianOpen2016,f,A,0,1
1245763820210220,10,U' R U2 F U' R U2 R' F U2 R2,TangerangOpen2017,d,D,0,1
1245763820210220,10,U' R U' F U F' U2 F U' F R2,SESCCamaqua2017,f,A,0,3
1245763820210220,10,U' R U2 F U' R U2 R' F U2 R2,SpeedcubingESYA2018,f,A,0,1
1245763820210220,10,R' F2 R2 F' R2 F' U' F' U' F U2,MetroSpeedcubingOpen2023,d,C,0,3
1245763820210220,10,R U2 R2 F' R2 U' R2 U' F U2 R2,HyderabadCubeOpen2023,1,F,1,1
1245763820210220,10,U2 R' U' F' R U R' U F' U2 R,CuiabaOpen2024,1,C,0,1
1245763820210220,10,F U R U2 F' R2 U2 R U2 R' U',mcubesAlleppeyOpen2024,1,C,0,5
1245763820210220,10,R F' R2 F' R U R' F' R2 F' R',PocoesGeek2024,f,A,1,2
1245763820210220,10,U2 R' F' U' R U R' F U' F2 R,HoneyCubeBarcin2025,2,B,0,2
1245736822010220,10,R' U' F2 U' F R2 U2 R' U R' U',SlowNSteadySpring2016,d,D,1,1
1245736822010220,10,R' U' F2 U' F R2 U2 R' U R' U',ElektrykCubeRace2016,f,A,1,1
1245736822010220,10,R U2 R' U' R U' R' F R U' R',DaytonWinter2017,f,A,0,2
1245736822010220,10,R' U F' U2 F U' R U' R2 U2 F,CultAWayCubeOpen2019,1,A,0,4
1245736822010220,10,U' R' F' R2 U' R2 U' F R2 F R,SwisscubingCupI2020,f,A,0,5
1245736822010220,10,R U' R2 U' F' R U' R U2 R U2,WembleyQuimbaya2024,f,A,0,5
1245736822010220,10,R2 F R U2 R U' F U' R' U2 R,MicentroFunza2024,2,A,0,4
1245736822010220,10,R U2 R' F' U2 R U R' U' R2 U',MeathforSpeed2024,2,B,0,3
1245736822010220,10,U R' U2 R' U' F U' F R2 F U2,JustSolveItJulySG2025,2,B,0,5
1245736822010220,10,U' R' F' R2 U' R2 U' F R2 F R,MariborOpen2026,2,B,0,1
1245736821111120,10,R F U2 R U' R' F R2 U' R2 F',SouthernChampionship2018,d,E,0,2
1245736821111120,10,R2 U' F2 R U2 R' U' R U R U',TrinityValleyOpenSpring2019,1,B,0,4
1245736821111120,10,R2 U' F' R2 U2 R U2 R' U' F' U2,ThinkInFink2022,1,D,0,1
1245736821111120,10,U R U2 R2 U' R' F' U' F' U2 F,UNSASpeedcubingPrimavera2022,1,D,1,1
1245736821111120,10,R' U' F U2 R2 U2 R' U R F' U',CubingItalyforCharity2023,f,A,1,2
1245736821111120,10,R' U2 F U2 R' F R' U' F U2 R,CUCEIOpen2024,1,F,0,2
1245736821111120,10,R' U' R2 U2 R' U2 R' F2 R F R2,ColoradoChampionship2024,d,A,0,3
1245736821111120,10,R' U' F U2 R2 U2 R' U R F' U',FrankfurtCubeDays2024,2,A,0,2
1245736821111120,10,R' F U' R F2 U R' U' R2 U' R2,MielecCubingDays2025,2,A,0,4
1245736821111120,10,U R2 F' R U' R' U R U2 R2 F,MariborOpen2026,1,B,0,4
1237465822121010,10,U' F R U2 R' F2 U' R U2 R' F',BerkeleyWinter2016,c,B,1,1
1237465822121010,10,U F U' F U' R U' R' U2 R U,TorontoLimitedFall2016,d,A,0,2
1237465822121010,10,R' U F' U2 R U' R U' R2 U2 F',CubingUSANationals2017,1,P,0,4
1237465822121010,10,R' U F' U2 R U' R U' R2 U2 F',ZhenjiangOpen2017,1,A,1,1
1237465822121010,10,U2 R F' R2 U' F' U' F2 U' R U,SpeedySouthPerth2020,1,D,0,5
1237465822121010,10,R U2 R' F' U R F U' F U' R,UtahSnowballBash2022,f,A,0,2
1237465822121010,10,U R' F R2 F' U2 R2 U' R2 F' U2,SouthAustralianOpen2023,1,B,1,1
1237465822121010,10,R F' R' F U F R U2 R' F U',BergenFall2023,2,B,1,2
1237465822121010,10,R F' R' F U F R U2 R' F U',CartagenaOpenII2025,f,A,1,1
1237465822121010,10,U F U' F U' R U' R' U2 R U,VERKVIII2025,2,B,1,1
1236745821222120,10,R F' R' U' R2 F' U' R2 U2 R' U,CubeleloWinterOpen2016,f,A,0,1
1236745821222120,10,U2 R' F' U' R F' U2 F R U2 R',HolyToledoSummer2018,d,A,1,2
1236745821222120,10,U2 R' U' F U' F U2 R U2 R F',FriscoLibertyCubing2020,1,C,0,5
1236745821222120,10,R' U2 F U' R2 U' R2 F2 R U' R2,SouthernScrambleDunedin2021,f,A,0,4
1236745821222120,10,R' U2 F U' R2 U' R2 F2 R U' R2,MelbourneSummer2022,1,E,0,2
1236745821222120,10,R' U R' F' R2 U' R2 F2 U' F R,CubingRisingStarsOlesno2022,f,A,1,2
1236745821222120,10,R' F R U' R2 U F' U' R U' R',BayonneAtoutcubesOpen2023,1,B,1,2
1236745821222120,10,U2 F' R' U' R F' R2 F R U2 R',RioNuevoWelcome2023,1,A,1,2
1236745821222120,10,U2 F U R U2 R F U2 F R U,GuelaguetzaOaxaca2024,f,A,1,1
1236745821222120,10,U R2 U' R2 U' R2 F U2 F U2 R,TemeculaValleySpring2026,1,C,0,3
1236574810110000,10,U' R U' R2 U2 F2 R U' R' F U,FIGHTPeru2017,f,A,1,1
1236574810110000,10,U' F U2 F' U' R2 U2 R2 U' F' R2,CubingKeralaAleppeyOpen2018,1,B,0,1
1236574810110000,10,U' R' F U' F R' U' F U' F2 R,SouthAmericanChampionship2018,1,A,0,3
1236574810110000,10,U' R' U2 F U' R2 F' R2 F' U R,AnnuntiaOpen2019,f,A,1,2
1236574810110000,10,U' R' F2 U2 R U' R' U' F2 U' R,ArnoldClassicNorthAmerica2019,1,D,0,2
1236574810110000,10,R F' R' U' R U2 R2 U2 F U R',TartuOpen2021,1,C,0,4
1236574810110000,10,U' R' U2 F U' R2 F' R2 F' U R,LaSillaIII2022,1,A,0,3
1236574810110000,10,U R U' F R U' R U2 F' R' U',BoholSpeedcubingOpen2023,f,A,1,1
1236574810110000,10,R U' R2 U F R' F R2 U2 F U',WelcomeBackHongKong2024,1,H,1,1
1236574810110000,10,R' F U' F U2 F' R2 U' R2 U F',Pulmapelipaivat2024,f,A,1,1
1236475810211100,10,U R' U2 F R U2 R' U F U' R,VeikkolaOpen2017,2,C,0,3
1236475810211100,10,U R' U F U2 R2 F' U' R' F U',SESCCamaqua2019,d,B,1,2
1236475810211100,10,U F2 U' R U' R' U R U' R2 U',MusicCitySpeedsolving2019,1,B,0,4
1236475810211100,10,R' F' U F' U2 F U2 F R2 U2 R',GdanskOpen2022,2,A,0,3
1236475810211100,10,R U' R U' R' U R' U2 F2 R U',EkekoCubing2023,1,A,0,3
1236475810211100,10,U' R' U F' R2 F U2 F R2 U2 R',TallySpring2023,1,D,0,4
1236475810211100,10,U R' U F' R U' F U2 F R U2,UFBAII2023,f,A,0,4
1236475810211100,10,U R' U F U2 R2 F' U' R' F U',PaternoBackToSicily2024,d,A,0,1
1236475810211100,10,R U' F' R2 U' R U' F U' F U2,SanDiegoNewcomers2024,1,C,0,2
1236475810211100,10,R' F' R U' R F' U2 R' U R U2,WestFriesOpen2026,f,B,0,4
1234756812200220,10,R' F R2 U2 R' F' R U2 R U' R',DementeQueretaroOpen2014,1,B,0,2
1234756812200220,10,R U R' F U R U' R' F R2 U',ShaastraCubeOpen2017,d,E,1,1
1234756812200220,10,U' R' U R' F' U' R U' R U2 F',CFLSantaClausCubeRace2017,d,C,1,1
1234756812200220,10,U' R' U R' F' U' R U' R U2 F',FoothillsFinalFight2019,c,F,0,1
1234756812200220,10,U' R U' R U' R2 U2 F R U2 R',UBCOpen2020,d,A,0,2
1234756812200220,10,R' U' F2 U R2 U' R' U2 R' F R,SiedlceOpen2024,2,A,0,3
1234756812200220,10,U' R' F' U R2 F U' F U2 F U2,HappySuseong2025,f,A,1,2
1234756812200220,10,U2 R' F R2 F' U' F' U' R2 F R',TurkishNationals2025,2,A,0,1
1234756812200220,10,U' R' F U2 F' U' R' U2 F R U2,CubingExpressBuenavista2025,2,B,0,3
1234756812200220,10,R F' R' U R F U2 F U2 F R2,BlagoevgradOpen2026,d,C,0,1
1234675822221120,10,U2 R' F' R' F U' R U R' U R',ChangshaXiangmo2017,d,A,0,5
1234675822221120,10,U R' F' U R2 F' U' R2 F U' R2,BacauCubingFall2019,f,A,1,2
1234675822221120,10,U R' F' U R2 F' U' R2 F U' R2,MontenegroNationals2019,1,A,0,5
1234675822221120,10,U R U' R F' R F' R2 F U' F,ByeolLaeOpen2020,f,D,1,1
1234675822221120,10,R U' R' F' R U' R' U2 R F' U,FranconiaWinter2020,1,B,0,2
1234675822221120,10,U R U' R F' R F' R2 F U' F,RockyTop2023,f,A,1,1
1234675822221120,10,U R' U' F R2 U' R' U2 F R' U2,MoCoCubingWinter2024,1,E,0,3
1234675822221120,10,R2 U2 R' U R' F R F' R2 F' R',RubiksDutchNationals2025,1,A,0,1
1234675822221120,10,U R' F' U R2 F' U' R2 F U' R2,FingertricksinFredonia2025,f,A,1,1
1234675822221120,10,R2 U2 R' U R' F R F' R2 F' R',CubeOninRichardson2025,1,E,0,3
1234657812221010,10,U R' U2 R F R U' R U' F2 R,IndianNationals2016,f,B,0,5
1234657812221010,10,U R' U2 R F R U' R U' F2 R,UralOpen2016,f,A,0,2
1234657812221010,10,U R2 U' F' R' U2 F U' R U R',SpeedDaysKrasnik2018,d,C,1,2
1234657812221010,10,U' R' U' F U' F U' R' F U F,SwedishChampionship2019,1,D,0,4
1234657812221010,10,R F' U R' U2 F U R U2 R' U,ChelnySummer2019,1,A,0,1
1234657812221010,10,U R2 U' F' R' U2 F U' R U R',IbarraOpen2022,1,A,1,2
1234657812221010,10,U R' U2 R F R U' R U' F2 R,SacCubingXIV2023,1,B,0,2
1234657812221010,10,U' R U R' F U' F U R' F' U',JaguarOpenv22023,2,B,0,3
1234657812221010,10,U2 R' U' F' R U R2 F' R U' R',SilesianCubingMyslowice2025,2,B,0,4
1234657812221010,10,F' U' R U2 R' U2 F U2 R2 F' U',CincinnatiCubeChallenge2025,2,B,0,4
1234576810110210,10,U2 R' U' F R2 U' F' R2 U R2 U',CubeCampinKanazawa2016,f,A,0,4
1234576810110210,10,U2 R' U' F R2 U' F' R2 U R2 U',GLSCupIV2017,d,B,1,1
1234576810110210,10,R' U' R' U' F R2 U' F' R2 U R,CrazyCubesChristmas2017,f,A,0,5
1234576810110210,10,R U2 R' F R2 F' R2 U2 R U R',NewHopeOpenSpring2018,1,E,1,2
1234576810110210,10,U2 F R U' R' U2 F U2 R2 U' F',RidgeCubing2019,1,A,0,3
1234576810110210,10,R U2 R' U R F R F U' R2 U',RancaguaOpen2019,f,A,1,1
1234576810110210,10,R' F R U2 R' U' F' R U2 F U',Cosmocentro2022,f,A,1,1
1234576810110210,10,U' R' F R U R' U2 F' R2 U R,PaysdeBrayOpen2023,f,A,0,3
1234576810110210,10,R U2 R' U' R' U' F2 U2 R2 F' R',MindSportsOlympiadCubing2023,1,C,0,3
1234576810110210,10,R' F R U2 R' U' F' R U2 F U',MegaloversBogota2025,d,B,0,1
