competition_id,mean,round_type_id,group_id,scramble_num,scramble,csp_slicecount,csp_solution
DebicaCubingWinter2026,3.0,c,B,1,"(0,-1) / (0,-3) / (6,-3) / (-2,-5) / (-3,0) / (2,-3) / (3,0) / (1,-3) / (-1,0) / (5,0)",2,"(1,3)/(6,-3)/"
DebicaCubingWinter2026,3.0,c,B,2,"(3,-1) / (1,-2) / (3,-3) / (2,-1) / (-3,0) / (-2,0) / (3,0) / (3,0) / (-5,-3)",3,"(2,-3)/(-3,0)/(3,6)/(2,-2)"
DebicaCubingWinter2026,3.0,c,B,3,"(0,2) / (-3,-3) / (3,0) / (4,-5) / (0,-3) / (-4,-4) / (-5,0) / (-3,-3) / (-3,0) / (-4,-2) / (-4,0) / (0,-2) /",4,"(0,2)/(4,0)/(1,-4)/(3,3)/(2,-2)"
DebicaCubingWinter2026,3.0,c,B,4,"(-5,0) / (6,3) / (-4,-1) / (-2,-5) / (3,-3) / (5,-3) / (0,-3) / (-2,-3) / (0,-2) / (-4,0) / (0,-2) /",5,"(6,0)/(-4,-2)/(4,0)/(1,-4)/(3,0)/(2,-2)"
DebicaCubingWinter2026,3.0,c,B,5,"(1,0) / (3,3) / (2,-1) / (3,0) / (-5,-2) / (5,0) / (0,-3) / (-3,-3) / (-3,0) /",1,"(3,-3)/"
RenoWinter2024,3.0,c,A,1,"(6,-4) / (4,-2) / (-3,0) / (3,0) / (-4,-1) / (6,-5) / (3,0) / (0,-4) / (1,-2)",2,"(2,-3)/(3,0)/"
RenoWinter2024,3.0,c,A,2,"(1,0) / (3,0) / (0,-3) / (-4,-4) / (-5,-5) / (5,-4) / (-2,0) / (-3,0) / (5,-2) / (-2,-4) / (1,0) / (-2,0) /",4,"(4,-2)/(2,-2)/(3,-2)/(3,3)/(2,-2)"
RenoWinter2024,3.0,c,A,3,"(-5,0) / (5,2) / (0,-3) / (3,0) / (-2,-2) / (5,0) / (3,0) / (0,-4) / (1,0) / (-2,0) / (-4,0) / (-5,0) / (2,0) / (-3,0)",5,"(-3,2)/(-1,-2)/(0,4)/(1,-4)/(6,-3)/"
RenoWinter2024,3.0,c,A,4,"(0,-1) / (-5,1) / (-4,5) / (0,-3) / (-5,-2) / (3,0) / (0,-1) / (0,-3) / (-1,0) / (-3,-4) / (-5,0) / (4,0) / (-1,0) /",4,"(6,0)/(0,-4)/(2,1)/(6,-3)/(2,-2)"
RenoWinter2024,3.0,c,A,5,"(-3,5) / (-2,1) / (3,-3) / (5,-1) / (3,0) / (-3,-2) / (0,-3) / (4,0) / (5,-3) / (0,-3) / (6,0)",0,
CMTGrandJunction2023,3.0,f,A,1,"(0,5) / (0,3) / (-2,1) / (0,-3) / (0,-3) / (3,0) / (6,0) / (-4,0) / (-3,-3) / (6,-1) / (-4,0) / (-4,0)",4,"(4,0)/(2,-2)/(2,-3)/(3,3)/"
CMTGrandJunction2023,3.0,f,A,2,"(0,-4) / (0,6) / (-5,4) / (0,-3) / (-1,-1) / (-2,-2) / (-1,0) / (0,-3) / (-2,-3) / (0,-4) / (-4,-4) / (-4,0) /",4,"(0,4)/(2,-2)/(-4,1)/(6,-3)/(2,-2)"
CMTGrandJunction2023,3.0,f,A,3,"(-2,0) / (0,-3) / (2,-1) / (3,0) / (3,-3) / (4,-5) / (0,-1) / (-3,0) / (3,-3) / (5,0) / (0,-3) / (-5,0)",2,"(3,-3)/(3,6)/"
CMTGrandJunction2023,3.0,f,A,4,"(3,-1) / (0,3) / (-5,1) / (-3,0) / (2,-4) / (6,0) / (-2,0) / (-3,-3) / (0,-2) / (5,0) / (5,-4) / (0,-4) /",4,"(2,2)/(2,-2)/(2,1)/(3,3)/"
CMTGrandJunction2023,3.0,f,A,5,"(4,0) / (3,0) / (2,2) / (0,-3) / (-3,0) / (1,-2) / (-4,-3) / (-3,0) / (3,-1) / (4,0) / (6,0)",1,"(3,0)/(2,-2)"
PhoenixCubeChampionship2018,3.0,f,B,1,"(1,-3) / (0,-3) / (-4,-4) / (-2,-5) / (2,-4) / (-3,-5) / (0,-3) / (3,0) / (-3,0)",2,"(3,-3)/(3,0)/(2,-2)"
PhoenixCubeChampionship2018,3.0,f,B,2,"(-5,3) / (-3,3) / (2,-1) / (3,-3) / (3,0) / (1,0) / (-3,0) / (5,0) / (4,0) / (-4,-3) / (0,-4) / (-4,0) / (0,-2)",5,"(0,-2)/(4,0)/(3,-2)/(1,2)/(6,-3)/"
PhoenixCubeChampionship2018,3.0,f,B,3,"(0,-1) / (4,-2) / (0,3) / (3,0) / (-3,0) / (-1,-4) / (-2,-3) / (-3,0) / (5,0) / (-3,0)",2,"(-3,1)/(3,0)/"
PhoenixCubeChampionship2018,3.0,f,B,4,"(-5,0) / (-3,0) / (-4,5) / (-2,-5) / (-3,0) / (5,-4) / (0,-5) / (3,0) / (-3,-3) /",1,"(6,-3)/(2,-2)"
PhoenixCubeChampionship2018,3.0,f,B,5,"(0,2) / (-2,4) / (-4,5) / (-3,0) / (-5,-5) / (3,0) / (-1,0) / (-3,0) / (-2,-1) / (2,0) / (3,0) / (-4,0)",5,"(4,0)/(-3,0)/(-2,0)/(2,1)/(3,0)/"
JiaozuoOpen2017,3.0,d,A,1,"(0,2) / (-3,0) / (3,-3) / (4,-2) / (-3,0) / (6,0) / (-3,-4) / (0,-3)",1,"(6,-3)/"
JiaozuoOpen2017,3.0,d,A,2,"(1,-3) / (3,0) / (0,3) / (-1,-4) / (1,-5) / (3,0) / (2,0) / (-3,-3) / (6,-1) / (-2,-2) / (6,0)",2,"(2,-3)/(3,3)/"
JiaozuoOpen2017,3.0,d,A,3,"(4,0) / (2,-4) / (-3,0) / (-3,-3) / (-3,0) / (-5,-2) / (0,-1) / (0,-3) / (-1,-2)",2,"(1,2)/(6,-3)/"
JiaozuoOpen2017,3.0,d,A,4,"(-2,0) / (-3,0) / (6,3) / (2,-1) / (3,0) / (4,-2) / (-1,0) / (-3,-3) / (-4,-5) / (6,-4) / (-1,-2) / (6,0)",5,"(3,0)/(1,2)/(0,-2)/(2,1)/(6,-3)/(2,-2)"
JiaozuoOpen2017,3.0,d,A,5,"(3,-1) / (-5,-2) / (-3,0) / (5,-4) / (-5,-5) / (-1,0) / (3,0) / (1,0) / (-2,0) / (0,-1) / (0,-3) / (0,-4) / (-2,0)",5,"(-4,0)/(1,0)/(-2,0)/(-4,1)/(3,0)/"
SalemCubikon2025,3.2,f,A,1,"(-5,0) / (2,-1) / (4,-5) / (3,0) / (-4,-1) / (3,0) / (-2,0) / (0,-3) / (5,0) / (0,-2) / (-4,-2) / (-1,-4)",4,"(1,-4)/(4,2)/(1,-4)/(3,0)/(2,-2)"
SalemCubikon2025,3.2,f,A,2,"(0,2) / (-2,-5) / (-1,-1) / (3,0) / (-3,0) / (-2,-3) / (-3,-3) / (-5,-2) / (0,-2) / (-4,0) / (6,0)",4,"(6,0)/(4,0)/(2,1)/(3,3)/"
SalemCubikon2025,3.2,f,A,3,"(0,5) / (-3,-3) / (6,0) / (-5,-2) / (0,-3) / (-1,-3) / (-3,-3) / (0,-1) / (6,-4) / (4,0) /",4,"(2,-2)/(-4,-2)/(3,2)/(3,3)/(2,-2)"
SalemCubikon2025,3.2,f,A,4,"(0,-1) / (0,3) / (-5,-2) / (5,-4) / (4,-5) / (-3,0) / (0,-1) / (6,0) / (6,0) / (-1,0) / (0,-3) / (-5,0)",0,"(2,-2)"
SalemCubikon2025,3.2,f,A,5,"(-5,0) / (6,3) / (-3,0) / (-1,-1) / (0,-3) / (0,-3) / (6,-5) / (-3,0) / (0,-1) / (-2,0) / (4,-3)",4,"(2,-3)/(1,0)/(2,3)/(6,-3)/(2,-2)"
WinterSideWroclaw2025,3.2,d,A,1,"(0,-1) / (-3,-3) / (-2,-2) / (-3,0) / (0,-3) / (-1,-1) / (0,-2) / (6,-3) / (-4,-3) / (-4,0) / (4,-2) / (6,-3)",5,"(0,-1)/(0,2)/(-2,0)/(1,-4)/(3,0)/(2,-2)"
WinterSideWroclaw2025,3.2,d,A,2,"(-5,0) / (0,-3) / (5,5) / (-2,-5) / (-4,-1) / (3,0) / (-2,0) / (-3,0) / (3,0) / (-4,-2) / (2,0) / (-2,-3) / (0,-4)",4,"(-4,1)/(0,-2)/(1,2)/(6,-3)/"
WinterSideWroclaw2025,3.2,d,A,3,"(0,-4) / (0,-3) / (1,4) / (-3,0) / (2,-4) / (6,0) / (-5,0) / (0,-3) / (3,0) / (0,-3) / (-3,0)",1,"(6,0)/"
WinterSideWroclaw2025,3.2,d,A,4,"(3,2) / (1,4) / (3,-3) / (-3,0) / (5,-4) / (6,-5) / (3,0) / (1,0) / (-2,-4) / (4,-5) / (-1,0) /",4,"(0,1)/(0,-2)/(1,2)/(6,-3)/"
WinterSideWroclaw2025,3.2,d,A,5,"(3,5) / (0,-3) / (-2,-2) / (-3,-3) / (3,0) / (-3,-4) / (3,0) / (6,0) / (0,-3) / (-1,0) / (6,-2)",2,"(3,3)/(3,0)/"
MaunulanKuutionvaantelyt2026,3.4,c,A,1,"(-2,3) / (5,2) / (3,0) / (0,-3) / (3,-3) / (6,0) / (-2,0) / (0,-3) / (0,-2) / (-1,-1) / (-5,-3) /",1,"(3,0)/(2,-2)"
MaunulanKuutionvaantelyt2026,3.4,c,A,2,"(-2,3) / (3,0) / (-4,2) / (3,0) / (3,0) / (4,0) / (3,0) / (3,0) / (5,-3) / (-5,0) / (2,0) / (0,-2) / (4,0) / (-5,0)",6,"(5,0)/(-4,0)/(0,2)/(-2,3)/(2,1)/(3,0)/"
MaunulanKuutionvaantelyt2026,3.4,c,A,3,"(-3,5) / (4,1) / (-3,0) / (3,-3) / (-3,-4) / (-3,0) / (-1,0) / (4,0) / (-2,0) / (0,-3) / (0,-4) / (-4,0)",4,"(2,1)/(-2,3)/(1,2)/(3,0)/(2,-2)"
MaunulanKuutionvaantelyt2026,3.4,c,A,4,"(-3,5) / (0,3) / (-5,-2) / (5,-4) / (6,0) / (-3,-5) / (-3,-3) / (-4,0) / (-5,0) / (4,-5) / (0,-4) /",4,"(-2,-2)/(-2,0)/(2,1)/(3,3)/"
MaunulanKuutionvaantelyt2026,3.4,c,A,5,"(-2,-3) / (0,-3) / (-4,-4) / (-3,0) / (4,-5) / (-1,-3) / (0,-3) / (4,-3) / (-4,-3)",2,"(3,-3)/(3,6)/(2,-2)"
BelgianNationals2025,3.4,c,B,1,"(4,0) / (-1,5) / (-3,0) / (-3,-3) / (1,-2) / (0,-3) / (-4,0) / (-3,-3) / (0,-5) / (4,-4) / (4,0) / (-1,-2) /",5,"(0,-4)/(-1,4)/(0,2)/(1,-4)/(3,0)/(2,-2)"
BelgianNationals2025,3.4,c,B,2,"(4,0) / (-3,0) / (0,6) / (-4,-4) / (1,-2) / (-4,-1) / (1,0) / (-3,-3) / (5,-4) / (0,-5) / (1,-5) /",3,"(5,-1)/(3,1)/(3,3)/"
BelgianNationals2025,3.4,c,B,3,"(4,-3) / (-3,0) / (-1,2) / (4,-2) / (0,-3) / (0,-3) / (5,0) / (6,-3) / (2,-5) / (4,0) / (0,-1)",4,"(0,1)/(-4,0)/(1,-4)/(6,-3)/"
BelgianNationals2025,3.4,c,B,4,"(1,0) / (-1,2) / (-2,-2) / (3,0) / (3,0) / (5,-4) / (0,-2) / (6,0) / (3,0) / (0,-1) / (-4,-2) /",4,"/(2,-3)/(2,3)/(3,0)/"
BelgianNationals2025,3.4,c,B,5,"(-3,2) / (4,1) / (2,-1) / (-3,0) / (4,-5) / (5,0) / (3,0) / (0,-4) / (6,-2) / (-3,0)",1,"(3,-3)/"
BilbaoOpen2025,3.4,f,A,1,"(0,2) / (0,-3) / (4,1) / (-3,-3) / (0,-3) / (-3,-3) / (5,0) / (3,0) / (-5,0) / (3,0) / (6,0) /",3,"(5,-1)/(1,3)/(3,0)/(2,-2)"
BilbaoOpen2025,3.4,f,A,2,"(0,5) / (6,3) / (-2,4) / (5,-4) / (-3,0) / (3,-5) / (0,-3) / (-3,-3) / (-3,0)",1,"(3,-3)/"
BilbaoOpen2025,3.4,f,A,3,"(0,2) / (3,0) / (-3,0) / (-2,-5) / (3,0) / (3,0) / (5,0) / (-3,0) / (4,-1) / (6,-2) / (-2,0) / (-4,0)",5,"(4,0)/(2,0)/(0,-4)/(1,-4)/(3,0)/(2,-2)"
BilbaoOpen2025,3.4,f,A,4,"(0,2) / (0,3) / (1,4) / (0,-3) / (-3,-3) / (6,0) / (-4,0) / (-3,-3) / (2,0) / (-5,0) / (0,-3) / (-2,0) / (-2,0)",4,"(2,0)/(-4,-2)/(3,2)/(3,3)/(2,-2)"
BilbaoOpen2025,3.4,f,A,5,"(0,-1) / (-3,-3) / (-2,-5) / (3,0) / (5,-1) / (0,-3) / (-2,0) / (-3,-3) / (-5,-4) / (-2,-4) / (-2,-4) /",4,"(-2,2)/(0,4)/(1,-4)/(3,3)/(2,-2)"
BrizzonSideOpenIV2025,3.4,e,C,1,"(-5,0) / (6,0) / (-4,5) / (-3,0) / (0,-3) / (-2,-2) / (-4,0) / (3,0) / (0,-4) / (3,-2) / (-4,-3)",2,"(1,3)/(6,-3)/"
BrizzonSideOpenIV2025,3.4,e,C,2,"(0,-1) / (-2,1) / (5,2) / (3,0) / (0,-3) / (3,0) / (-5,0) / (3,0) / (2,-3) / (-2,-2)",2,"(-3,2)/(6,-3)/"
BrizzonSideOpenIV2025,3.4,e,C,3,"(4,0) / (0,3) / (-1,-1) / (0,-3) / (-3,0) / (-2,-5) / (3,-1) / (6,-3) / (1,-4) / (6,-2) / (2,-3) / (6,0)",5,"(6,0)/(-2,3)/(0,-4)/(1,-4)/(3,0)/(2,-2)"
BrizzonSideOpenIV2025,3.4,e,C,4,"(-5,0) / (5,5) / (0,3) / (4,-5) / (0,-3) / (-3,0) / (-4,0) / (-3,0) / (0,-1) / (6,0) / (0,-3) /",3,"(1,-2)/(-3,-1)/(3,6)/"
BrizzonSideOpenIV2025,3.4,e,C,5,"(4,-3) / (-3,0) / (-4,-1) / (0,-3) / (3,0) / (-2,-3) / (3,0) / (6,-5) / (5,0) / (6,-2) / (-4,-2) / (0,-2) /",5,"(4,2)/(0,2)/(0,-2)/(-4,1)/(6,-3)/(2,-2)"
CubestuffChallengeCenturionQ2025,3.4,c,A,1,"(0,2) / (1,4) / (0,3) / (0,-3) / (5,-4) / (4,-2) / (5,0) / (-3,-3) / (-4,-5) / (-4,-2) / (0,-4) /",3,"(4,2)/(1,-4)/(3,3)/(2,-2)"
CubestuffChallengeCenturionQ2025,3.4,c,A,2,"(-3,5) / (-5,4) / (-3,0) / (5,-4) / (1,-5) / (-4,0) / (-3,0) / (0,-1) / (0,-2) / (2,-4) / (0,-2) / (6,0) / (-1,0)",5,"(1,2)/(0,4)/(0,2)/(-4,1)/(3,0)/"
CubestuffChallengeCenturionQ2025,3.4,c,A,3,"(4,0) / (0,-3) / (-3,6) / (5,-4) / (-3,0) / (0,-3) / (-2,0) / (-3,-3) / (3,0) / (4,0) / (-4,0) / (4,0) / (0,-2)",4,"(0,-2)/(2,-2)/(2,-3)/(3,3)/"
CubestuffChallengeCenturionQ2025,3.4,c,A,4,"(-3,-4) / (3,0) / (0,-3) / (6,-3) / (4,-2) / (5,0) / (-3,-3) / (3,0) / (-1,-5) / (-2,0) / (1,-4) / (2,0)",5,"(6,0)/(-1,4)/(2,0)/(1,-4)/(6,-3)/"
CubestuffChallengeCenturionQ2025,3.4,c,A,5,"(4,0) / (6,3) / (2,5) / (3,0) / (0,-3) / (1,-5) / (0,-4) / (3,0) / (-3,0) / (0,-3) / (6,-3) /",0,
ParaisoFallDC2025,3.4,c,A,1,"(4,0) / (-1,-4) / (0,-3) / (0,-3) / (3,0) / (-3,0) / (0,-3) / (0,-2) / (-3,-3) / (0,-3) / (-4,-4) / (-5,0)",2,"(3,1)/(3,3)/"
ParaisoFallDC2025,3.4,c,A,2,"(1,0) / (3,3) / (0,3) / (5,-4) / (3,-3) / (4,0) / (-3,-3) / (-5,-2) / (0,-2) / (-4,0) /",4,"/(4,0)/(2,1)/(3,3)/"
ParaisoFallDC2025,3.4,c,A,3,"(6,-4) / (-2,1) / (-3,0) / (3,0) / (-1,-1) / (0,-3) / (4,0) / (-3,0) / (-1,0) / (-4,0) / (-2,0) / (-2,0) / (0,-2) /",4,"(-2,0)/(-4,0)/(1,-4)/(6,-3)/"
ParaisoFallDC2025,3.4,c,A,4,"(0,-4) / (-3,0) / (4,1) / (-4,-4) / (6,0) / (-5,-2) / (-4,0) / (-3,0) / (-2,0) / (5,0) / (0,-1) /",3,"(1,0)/(-3,0)/(3,6)/"
ParaisoFallDC2025,3.4,c,A,5,"(0,-4) / (-5,1) / (-4,2) / (3,0) / (0,-3) / (1,-2) / (5,0) / (-3,-3) / (2,-3) / (-4,0) / (0,-2) / (0,-4) / (-2,0)",4,"(1,-2)/(-4,-2)/(-4,1)/(6,-3)/(2,-2)"
DFWBacktoSchool2024,3.4,e,A,1,"(4,0) / (-4,-1) / (-5,4) / (-1,-1) / (-3,0) / (-2,0) / (-3,-3) / (-5,-2) / (-4,0) / (-2,0)",3,"(2,0)/(3,2)/(3,3)/(2,-2)"
DFWBacktoSchool2024,3.4,e,A,2,"(1,0) / (-4,-1) / (-5,-2) / (5,-1) / (3,-5) / (3,0) / (0,-3) / (3,-5) /",2,"(2,-3)/(6,-3)/(2,-2)"
DFWBacktoSchool2024,3.4,e,A,3,"(3,-1) / (3,0) / (-5,4) / (-4,-1) / (1,-2) / (-1,-3) / (-3,0) / (0,-3) / (-2,0) / (4,0) / (-1,0) / (-4,0) / (5,0)",5,"(1,-4)/(-1,2)/(-2,2)/(3,2)/(3,3)/(2,-2)"
DFWBacktoSchool2024,3.4,e,A,4,"(0,2) / (-2,-2) / (-4,-1) / (-3,0) / (-5,-2) / (3,0) / (0,-1) / (-3,0) / (-3,0) / (-4,-3) / (-5,0) / (0,-3) /",3,"(6,0)/(1,-4)/(6,-3)/"
DFWBacktoSchool2024,3.4,e,A,5,"(-2,0) / (0,6) / (0,3) / (3,0) / (0,-3) / (-4,-1) / (-3,0) / (1,0) / (6,-3) / (3,-4) / (0,-2) / (4,0) / (6,-3)",4,"(0,-3)/(0,-4)/(1,-4)/(3,0)/(2,-2)"
PleaseBeQualifiedIreland2024,3.4,d,B,1,"(-2,0) / (-1,-4) / (0,3) / (1,-2) / (-4,-1) / (-3,0) / (0,-5) / (-3,-3) / (4,-5) / (-4,-1) / (3,-3)",1,"(6,0)/(2,-2)"
PleaseBeQualifiedIreland2024,3.4,d,B,2,"(-2,0) / (6,3) / (2,-1) / (-5,-2) / (0,-3) / (-4,0) / (-3,0) / (4,-1) / (2,0) / (-2,0) / (-4,0) / (0,-5) / (6,0) /",5,"(2,0)/(0,2)/(-2,0)/(-4,1)/(3,0)/"
PleaseBeQualifiedIreland2024,3.4,d,B,3,"(-5,0) / (-1,-1) / (0,-3) / (6,-3) / (-2,-2) / (-3,0) / (-4,0) / (0,-3) / (0,-3) / (6,0) / (0,-3) /",1,"(6,3)/"
PleaseBeQualifiedIreland2024,3.4,d,B,4,"(1,-3) / (0,3) / (0,-3) / (-1,-1) / (3,0) / (-2,-2) / (-1,0) / (3,0) / (1,0) / (-2,0) / (6,-4) / (-3,-4) / (2,0)",5,"(-1,-2)/(2,0)/(-3,-2)/(2,1)/(6,-3)/(2,-2)"
PleaseBeQualifiedIreland2024,3.4,d,B,5,"(4,0) / (0,6) / (0,3) / (2,-1) / (-5,-5) / (0,-3) / (0,-4) / (3,0) / (-4,0) / (-5,0) / (-4,-3) / (0,-4) / (0,-5) /",5,"(2,2)/(2,3)/(-3,2)/(2,1)/(6,-3)/(2,-2)"
SolvingInSale2024,3.4,d,A,1,"(-5,0) / (3,0) / (-1,2) / (4,-5) / (-1,-4) / (0,-3) / (0,-2) / (6,0) / (3,-3) / (4,-5) / (6,0) / (0,-4)",2,"(2,-3)/(3,3)/"
SolvingInSale2024,3.4,d,A,2,"(0,-1) / (4,1) / (0,3) / (-1,-4) / (0,-3) / (-3,0) / (-2,0) / (6,0) / (0,-3) / (-3,-4) / (2,0) / (0,-2) / (-2,0) /",5,"(4,2)/(2,0)/(0,-2)/(1,-4)/(6,-3)/"
SolvingInSale2024,3.4,d,A,3,"(1,0) / (-4,5) / (4,1) / (3,-3) / (2,-1) / (-5,0) / (-3,-3) / (3,0) / (4,0) / (-2,-2) / (-2,-5)",4,"(2,-3)/(2,2)/(2,1)/(3,3)/"
SolvingInSale2024,3.4,d,A,4,"(3,-4) / (4,-2) / (-3,0) / (-1,-1) / (-3,0) / (3,0) / (0,-5) / (3,0) / (6,0) / (-2,0) / (0,-4) / (0,-3)",1,"(6,0)/"
SolvingInSale2024,3.4,d,A,5,"(0,5) / (-3,0) / (4,1) / (0,-3) / (5,-4) / (0,-3) / (-5,0) / (-3,0) / (5,-2) / (0,-4) / (-5,0) / (-4,0)",5,"(4,0)/(5,0)/(0,4)/(1,-4)/(6,-3)/"
NewEnglandChampionship2023,3.4,d,B,1,"(6,-1) / (4,-5) / (-3,0) / (5,-1) / (-3,0) / (-2,0) / (0,-3) / (0,-2) / (-3,0) / (0,-4) /",2,"(3,-3)/(6,-3)/"
NewEnglandChampionship2023,3.4,d,B,2,"(0,2) / (0,3) / (4,1) / (-3,0) / (5,-4) / (3,-3) / (1,0) / (3,0) / (0,-3) / (0,-3) / (3,0)",1,"(6,6)/(2,-2)"
NewEnglandChampionship2023,3.4,d,B,3,"(3,-4) / (4,-5) / (3,-3) / (5,-1) / (0,-3) / (4,0) / (6,-3) / (1,0) / (6,-2) / (2,0) / (0,-4)",5,"(0,4)/(-2,0)/(2,-2)/(1,0)/(6,-3)/"
NewEnglandChampionship2023,3.4,d,B,4,"(1,0) / (-3,0) / (2,5) / (3,-3) / (6,0) / (0,-2) / (-3,0) / (-2,0) / (6,-1) / (3,-2) /",5,"(6,0)/(0,2)/(2,-2)/(2,3)/(3,0)/"
NewEnglandChampionship2023,3.4,d,B,5,"(-3,-1) / (0,-3) / (0,-3) / (-3,0) / (-2,-5) / (6,0) / (-1,-3) / (3,0) / (0,-3) / (0,-5) / (0,-1) / (1,-2) / (-2,-3)",4,"(2,-1)/(0,4)/(-4,1)/(6,-3)/(2,-2)"
ChampagneOpen2023,3.4,c,A,1,"(1,0) / (-3,0) / (-4,-4) / (-3,0) / (3,-3) / (3,0) / (6,-2) / (0,-3) / (0,-3) / (0,-4) / (-5,-4) / (0,-3) /",4,"(-5,0)/(-4,0)/(2,-3)/(3,3)/"
ChampagneOpen2023,3.4,c,A,2,"(1,0) / (3,-3) / (3,0) / (5,-4) / (-3,0) / (-5,-2) / (-4,0) / (3,0) / (0,-4) / (0,-5) / (-5,0)",3,"(2,0)/(-3,0)/(3,6)/(2,-2)"
ChampagneOpen2023,3.4,c,A,3,"(-5,3) / (5,-1) / (1,-2) / (6,-3) / (5,-4) / (-5,0) / (-3,-3) / (-1,0) / (4,0) / (4,0) / (6,0)",4,"(2,0)/(2,-2)/(3,2)/(3,3)/(2,-2)"
ChampagneOpen2023,3.4,c,A,4,"(0,-4) / (0,3) / (0,-3) / (0,-3) / (6,0) / (-2,-2) / (5,0) / (3,0) / (1,0) / (2,-1) / (0,-5)",2,"(3,-3)/(6,3)/(2,-2)"
ChampagneOpen2023,3.4,c,A,5,"(-5,0) / (0,3) / (2,-4) / (-3,0) / (-5,-2) / (-3,0) / (5,0) / (3,0) / (-3,0) / (4,0) / (4,-4) / (6,0)",4,"(6,0)/(2,-2)/(3,2)/(3,0)/(2,-2)"
SolvinginShreveport2023,3.4,c,A,1,"(0,2) / (-3,-3) / (3,0) / (-2,-2) / (0,-3) / (-4,-4) / (1,0) / (3,0) / (2,-3) / (0,-3) / (6,0)",2,"(1,3)/(6,-3)/"
SolvinginShreveport2023,3.4,c,A,2,"(0,-4) / (0,3) / (1,-5) / (-3,0) / (0,-3) / (-1,-4) / (-3,-5) / (3,0) / (1,-4) / (4,0) / (0,-2) / (6,-3) / (6,0)",5,"(0,-3)/(-3,2)/(-4,0)/(2,1)/(3,0)/"
SolvinginShreveport2023,3.4,c,A,3,"(-3,-1) / (1,4) / (0,-3) / (-1,-4) / (0,-3) / (-3,0) / (-5,0) / (0,-3) / (0,-2) / (-3,0) / (6,0) / (-3,0)",2,"(-3,2)/(6,-3)/"
SolvinginShreveport2023,3.4,c,A,4,"(0,5) / (-3,0) / (0,-3) / (-2,-2) / (-3,0) / (3,-3) / (-4,0) / (3,0) / (0,-4) / (0,-2) / (5,0) / (-5,-4) / (-4,0)",4,"(4,0)/(2,-2)/(-3,-2)/(6,3)/(2,-2)"
SolvinginShreveport2023,3.4,c,A,5,"(-5,0) / (0,-3) / (-3,0) / (3,0) / (5,-1) / (-2,-2) / (-4,0) / (-3,0) / (-2,-3) / (-2,0) / (-4,-4) / (-2,0)",4,"(-4,-2)/(4,0)/(1,-4)/(3,0)/(2,-2)"
BerkeleyFall2022,3.4,d,C,1,"(1,3) / (-4,-1) / (6,0) / (0,-3) / (-3,-3) / (-5,0) / (0,-3) / (-1,0) / (4,0) / (-4,0) / (0,-3) / (4,-4)",4,"(2,1)/(0,-2)/(1,2)/(6,-3)/"
BerkeleyFall2022,3.4,d,C,2,"(-2,0) / (2,-4) / (-3,-3) / (-3,0) / (0,-3) / (4,0) / (3,0) / (2,-5) / (-4,0) / (3,-2) / (1,0) / (-3,0)",5,"(4,0)/(1,-4)/(-2,0)/(-4,1)/(3,0)/"
BerkeleyFall2022,3.4,d,C,3,"(-2,0) / (-3,0) / (3,0) / (2,-1) / (3,-3) / (3,0) / (-5,-3) / (-3,0) / (0,-3) / (1,-3) / (5,0) / (6,-3)",3,"(6,0)/(1,2)/(3,0)/(2,-2)"
BerkeleyFall2022,3.4,d,C,4,"(4,3) / (5,-4) / (-5,-2) / (-3,0) / (-3,0) / (0,-4) / (3,0) / (3,0) / (5,0) / (2,0) / (-4,0) / (-2,0)",4,"(-4,-2)/(-2,2)/(-4,1)/(3,0)/"
BerkeleyFall2022,3.4,d,C,5,"(0,5) / (6,-3) / (-5,1) / (0,-3) / (0,-3) / (5,-4) / (0,-5) / (6,-3) / (0,-5) / (2,-3) / (0,-3) /",1,"(6,0)/(2,-2)"
RichmondOpenSummerA2022,3.4,f,A,1,"(-5,-3) / (0,6) / (-4,-4) / (-5,0) / (0,-3) / (-1,-2) / (6,-4) / (5,0) / (-3,-2) / (-3,0) / (-4,0)",5,"(-4,0)/(0,-4)/(-2,3)/(2,1)/(3,0)/"
RichmondOpenSummerA2022,3.4,f,A,2,"(-3,-1) / (0,3) / (-3,-3) / (-2,-2) / (3,0) / (3,0) / (0,-1) / (6,0) / (6,0) / (-4,0) / (3,-2) / (0,-3)",1,"(6,-3)/(2,-2)"
RichmondOpenSummerA2022,3.4,f,A,3,"(0,-4) / (3,0) / (-5,-2) / (-3,0) / (-1,-1) / (3,-3) / (-2,0) / (0,-3) / (6,-3) / (-3,0) / (-3,-3)",1,"(3,6)/"
RichmondOpenSummerA2022,3.4,f,A,4,"(1,0) / (3,6) / (0,3) / (-4,-1) / (1,-3) / (0,-3) / (-3,0) / (0,-2) / (2,-2) /",5,"(6,0)/(2,0)/(1,-4)/(2,3)/(6,-3)/(2,-2)"
RichmondOpenSummerA2022,3.4,f,A,5,"(4,-3) / (3,0) / (-4,2) / (4,-5) / (2,-4) / (-2,-3) / (-3,0) / (-1,-2) / (2,0) / (-2,-3) / (6,0) / (0,-4)",5,"(3,-2)/(-3,2)/(0,-2)/(2,1)/(6,-3)/(2,-2)"
GoingFastinIdaho2022,3.4,d,A,1,"(1,0) / (2,5) / (1,-5) / (3,0) / (6,-3) / (-3,0) / (5,0) / (-3,0) / (4,0) / (0,-4) / (-3,0) / (-1,-2) / (-2,0)",3,"(2,0)/(1,-4)/(3,3)/(2,-2)"
GoingFastinIdaho2022,3.4,d,A,2,"(0,5) / (-5,-2) / (5,2) / (-3,0) / (-3,0) / (-2,-5) / (-4,0) / (-3,-3) / (-2,0) / (-1,-1) / (-3,0) / (-2,0) /",3,"(2,0)/(3,-2)/(3,3)/(2,-2)"
GoingFastinIdaho2022,3.4,d,A,3,"(1,0) / (6,0) / (0,3) / (-1,-4) / (1,-5) / (3,0) / (-3,-4) / (-3,0) / (6,-3) / (-3,0)",2,"(3,-3)/(6,-3)/"
GoingFastinIdaho2022,3.4,d,A,4,"(-5,0) / (-1,-4) / (-2,1) / (-4,-1) / (6,0) / (-3,0) / (-2,0) / (-3,-3) / (0,-2) / (5,0) / (1,-2) / (-2,0)",4,"(-2,0)/(0,4)/(1,-4)/(3,3)/(2,-2)"
GoingFastinIdaho2022,3.4,d,A,5,"(4,0) / (0,3) / (-4,2) / (4,-2) / (-3,0) / (2,-1) / (0,-2) / (0,-3) / (4,-1) / (4,-4) / (-4,0) / (0,-2) /",5,"(-4,0)/(4,2)/(2,0)/(2,1)/(3,0)/"
BekubesGold2019,3.4,d,B,1,"(0,2) / (3,0) / (-3,0) / (4,-5) / (3,0) / (-3,0) / (5,0) / (6,-3) / (-4,0) / (4,-5)",2,"(-3,2)/(3,0)/(2,-2)"
BekubesGold2019,3.4,d,B,2,"(-2,0) / (-1,-4) / (1,1) / (-3,0) / (3,-3) / (2,0) / (-3,0) / (0,-3) / (-2,0) / (-2,0) / (2,0) / (2,-4) / (6,-5)",5,"(-2,-1)/(0,-2)/(2,0)/(1,-4)/(6,-3)/"
BekubesGold2019,3.4,d,B,3,"(-5,0) / (5,-1) / (0,3) / (0,-3) / (-5,-2) / (0,-3) / (5,-3) / (-3,0) / (4,-3) / (2,-1) / (1,0) / (2,0)",3,"(-2,0)/(-4,1)/(3,0)/"
BekubesGold2019,3.4,d,B,4,"(4,6) / (-4,-1) / (-3,0) / (3,0) / (-2,-5) / (3,0) / (0,-1) / (6,-3) / (0,-4) / (0,-3) / (-3,0) /",2,"(1,0)/(6,-3)/"
BekubesGold2019,3.4,d,B,5,"(4,0) / (-3,0) / (0,-3) / (5,-4) / (-2,-3) / (0,-3) / (-3,0) / (3,-4) / (-2,0) / (0,-4) / (0,-1) / (2,0) / (2,0) /",5,"(4,2)/(2,3)/(2,-3)/(2,1)/(3,0)/"
CMITessellateCubeOpen2019,3.4,c,A,1,"(3,-4) / (-5,4) / (-4,-1) / (0,-3) / (0,-3) / (-3,-5) / (3,0) / (0,-3) / (5,-5) / (4,0) / (4,-1) / (-2,0)",5,"(2,0)/(-4,1)/(-4,0)/(1,-4)/(6,-3)/"
CMITessellateCubeOpen2019,3.4,c,A,2,"(1,0) / (6,3) / (0,3) / (0,-3) / (-4,-1) / (6,-3) / (4,0) / (-3,0) / (0,-2) / (5,-1) / (3,0) / (2,0) / (-5,0) /",4,"(0,-3)/(0,2)/(2,1)/(6,-3)/(2,-2)"
CMITessellateCubeOpen2019,3.4,c,A,3,"(-5,-3) / (-4,-4) / (0,-3) / (3,0) / (4,-2) / (0,-3) / (2,0) / (3,-3) / (3,0) / (-3,-3) / (0,-3)",1,"(3,3)/(2,-2)"
CMITessellateCubeOpen2019,3.4,c,A,4,"(0,-1) / (0,-3) / (-2,4) / (0,-3) / (-3,0) / (-3,0) / (3,0) / (-1,0) / (-3,-3) / (2,-1) / (-2,0) / (2,0) / (2,0) / (0,-4)",4,"(0,-2)/(-2,2)/(2,-3)/(3,3)/"
CMITessellateCubeOpen2019,3.4,c,A,5,"(0,5) / (-5,4) / (-3,6) / (3,0) / (-4,-1) / (0,-3) / (0,-5) / (0,-3) / (3,-1) / (6,0) / (0,-5)",3,"(1,0)/(-3,-1)/(6,3)/"
No3x3x3Waterloo2018,3.4,1,A,1,"(0,2) / (-3,3) / (0,3) / (-3,0) / (-5,-5) / (-4,-1) / (4,0) / (-3,0) / (-1,0) / (4,-2) / (2,0)",2,"(-3,0)/(3,6)/(2,-2)"
No3x3x3Waterloo2018,3.4,1,A,2,"(-3,-1) / (-3,0) / (0,3) / (-2,-2) / (3,0) / (2,0) / (0,-3) / (4,0) / (-1,0) / (5,-5) / (-2,0) / (2,0) / (-2,0) / (5,0)",5,"(1,-4)/(-2,0)/(0,2)/(1,-4)/(3,0)/(2,-2)"
No3x3x3Waterloo2018,3.4,1,A,3,"(0,2) / (-5,1) / (-4,2) / (0,-3) / (-2,-2) / (6,-1) / (-3,0) / (-1,-2) / (2,0) / (4,-1) / (5,-2)",5,"(1,-4)/(1,-4)/(-2,0)/(2,1)/(3,0)/"
No3x3x3Waterloo2018,3.4,1,A,4,"(-3,2) / (0,3) / (0,3) / (4,-2) / (5,-4) / (-3,-2) / (0,-3) / (4,0) / (-1,0) / (-1,-5) / (-2,0) / (4,0) /",4,"(0,-4)/(0,2)/(2,1)/(6,-3)/(2,-2)"
No3x3x3Waterloo2018,3.4,1,A,5,"(-5,0) / (3,3) / (0,3) / (5,-4) / (3,0) / (4,-5) / (5,0) / (6,-3) / (0,-3) / (-3,0) / (6,0)",1,"(3,6)/"
PalmerstonNorth2018,3.4,c,A,1,"(-5,0) / (3,0) / (2,2) / (-3,-3) / (-2,-5) / (0,-1) / (0,-3) / (3,0) / (6,-4) / (-5,0) /",1,"(3,0)/(2,-2)"
PalmerstonNorth2018,3.4,c,A,2,"(0,2) / (0,3) / (3,3) / (0,-3) / (4,-5) / (-4,-4) / (-2,0) / (-3,-3) / (1,0) / (0,-2) / (-2,0) / (6,0)",4,"(2,2)/(0,-2)/(1,-4)/(3,3)/(2,-2)"
PalmerstonNorth2018,3.4,c,A,3,"(0,5) / (0,-3) / (6,0) / (-5,-2) / (3,0) / (5,-1) / (3,-2) / (-3,0) / (3,0) / (1,0) / (3,0) / (-2,0)",3,"(2,-3)/(3,2)/(3,0)/(2,-2)"
PalmerstonNorth2018,3.4,c,A,4,"(4,0) / (5,-1) / (4,-2) / (2,-1) / (-3,-3) / (0,-5) / (3,0) / (0,-4) / (0,-5) / (1,0) / (-2,0) / (6,-3)",4,"(0,5)/(0,4)/(-4,1)/(6,-3)/(2,-2)"
PalmerstonNorth2018,3.4,c,A,5,"(0,2) / (-3,0) / (4,4) / (3,-3) / (-1,-1) / (3,0) / (0,-2) / (3,0) / (-5,0) / (2,0) / (4,0) / (0,-1) / (-4,0) / (4,0)",5,"(3,-2)/(0,-3)/(-3,-2)/(1,2)/(6,-3)/"
GuildfordOpen2017,3.4,f,A,1,"(0,5) / (0,-3) / (1,1) / (3,-3) / (2,-1) / (6,0) / (-5,0) / (-3,-3) / (0,-3) / (-3,-1) / (2,0) / (0,-4) / (-2,0)",4,"(-4,-2)/(4,-2)/(3,-2)/(3,3)/(2,-2)"
GuildfordOpen2017,3.4,f,A,2,"(0,-4) / (4,1) / (-3,3) / (5,-4) / (4,-3) / (-3,-3) / (-1,-4) / (2,0) / (4,0)",3,"(-4,0)/(2,1)/(3,3)/"
GuildfordOpen2017,3.4,f,A,3,"(4,0) / (-3,3) / (-3,0) / (-1,-1) / (3,0) / (3,-3) / (4,0) / (0,-3) / (-1,-2) / (0,-2) / (6,0) / (-4,0) / (-3,-4)",4,"(1,4)/(0,-4)/(-4,1)/(3,0)/"
GuildfordOpen2017,3.4,f,A,4,"(4,3) / (-1,2) / (-3,-3) / (-2,-5) / (0,-3) / (0,-4) / (-3,0) / (3,0) / (6,-2) / (-2,0) / (2,0) / (2,-1)",5,"(4,1)/(-2,3)/(1,-3)/(-3,-1)/(3,6)/"
GuildfordOpen2017,3.4,f,A,5,"(3,5) / (-3,0) / (-2,-5) / (6,0) / (-3,-3) / (0,-3) / (-4,0) / (0,-3) / (3,0) / (5,-3) / (3,-2) / (3,0)",1,"(6,0)/"
BONDOpen2017,3.4,c,A,1,"(-2,-3) / (-3,0) / (3,0) / (-4,-4) / (-3,0) / (-5,-2) / (0,-1) / (-3,-3) / (-1,-2) / (0,-2) / (4,0) / (6,0) / (-2,0)",5,"(2,2)/(-4,-2)/(0,4)/(1,-4)/(3,3)/(2,-2)"
BONDOpen2017,3.4,c,A,2,"(1,0) / (-4,2) / (1,-2) / (5,-4) / (3,0) / (6,-2) / (-3,-3) / (-3,0) / (5,-5) / (0,-4) / (4,-4)",4,"(2,-2)/(4,0)/(1,-4)/(3,3)/(2,-2)"
BONDOpen2017,3.4,c,A,3,"(-2,0) / (3,6) / (-4,2) / (-3,-3) / (-3,0) / (3,0) / (-2,0) / (-3,-3) / (-3,0) / (6,-4) / (-4,-2) / (-2,0) /",4,"(-4,2)/(-2,0)/(2,1)/(3,3)/"
BONDOpen2017,3.4,c,A,4,"(0,-1) / (-3,0) / (-3,0) / (-5,-2) / (5,-1) / (4,-2) / (2,0) / (-3,-3) / (0,-1) / (-2,0) / (2,0) / (-3,0)",2,"(3,1)/(3,3)/"
BONDOpen2017,3.4,c,A,5,"(-5,0) / (5,-1) / (-3,0) / (0,-3) / (-5,-2) / (3,0) / (-4,0) / (3,0) / (1,0) / (-4,-4) / (0,-3)",2,"(1,3)/(3,0)/(2,-2)"
DanishSmallCubeOpen2015,3.4,f,B,1,"(0,-1) / (-3,-3) / (-2,1) / (3,-3) / (5,-4) / (6,-2) / (3,0) / (1,-4) / (-2,-4) / (4,-1) / (-4,0)",5,"(2,-2)/(-4,2)/(2,0)/(2,1)/(3,3)/"
DanishSmallCubeOpen2015,3.4,f,B,2,"(-2,0) / (3,0) / (-4,5) / (-2,-5) / (2,-1) / (1,0) / (-3,0) / (-1,-3) / (0,-5) / (-4,0) / (0,-4) / (4,0) / (-5,0)",5,"(2,0)/(-1,4)/(4,0)/(1,-4)/(3,0)/(2,-2)"
DanishSmallCubeOpen2015,3.4,f,B,3,"(1,0) / (3,0) / (-1,-4) / (-5,-5) / (-3,0) / (3,0) / (5,0) / (6,-3) / (0,-3) / (-4,0) / (0,-3) / (-5,0) /",2,"(3,-3)/(6,-3)/"
DanishSmallCubeOpen2015,3.4,f,B,4,"(0,5) / (3,0) / (6,0) / (4,-5) / (-4,0) / (3,0) / (1,0) / (4,0) / (2,0) / (-2,0) /",4,"(0,-4)/(0,-2)/(-4,1)/(6,-3)/(2,-2)"
DanishSmallCubeOpen2015,3.4,f,B,5,"(0,5) / (-2,1) / (5,-1) / (3,0) / (-5,-2) / (3,0) / (0,-4) / (0,-3) / (-1,0) / (1,-2) / (-3,-4) /",1,"(3,0)/(2,-2)"
