competition_id,Ao5,round_type_id,group_id,is_extra,scramble_num,scramble,csp_slicecount,csp_solution
CrystalOpen2018,2.33,c,B,0,1,"(0,-1) / (-2,-5) / (2,-1) / (-2,-2) / (-3,0) / (2,0) / (-3,0) / (3,-3) / (-2,-1) / (6,-2) / (0,-3) / (0,-2) /",6,"(2,-1)/(4,-1)/(1,-2)/(-4,0)/(2,-3)/(3,3)/"
CrystalOpen2018,2.33,c,B,0,2,"(-5,-3) / (-1,-1) / (-3,0) / (1,-2) / (-4,-1) / (1,0) / (0,-3) / (5,-2) / (-4,0) / (3,0) / (6,0) / (0,-2) / (-4,0)",5,"(-4,-2)/(-3,0)/(0,-4)/(-4,1)/(3,0)/"
CrystalOpen2018,2.33,c,B,0,3,"(1,0) / (0,3) / (0,-3) / (-4,-1) / (6,-3) / (0,-3) / (6,-5) / (6,-3) / (2,0) / (1,-5) / (-1,-3) /",1,"(6,3)/(2,-2)"
CrystalOpen2018,2.33,c,B,0,4,"(0,2) / (0,3) / (3,0) / (0,-3) / (-2,-5) / (3,-3) / (-1,-3) / (-3,0) / (-3,0) / (-1,0) / (0,-4) / (0,-2) / (-4,0) / (-5,0)",4,"(2,0)/(2,2)/(1,-4)/(3,3)/(2,-2)"
CrystalOpen2018,2.33,c,B,0,5,"(-5,-3) / (-4,-1) / (-3,0) / (3,0) / (-2,0) / (-3,0) / (-1,0) / (0,-2) / (0,-3) / (-4,0) / (3,0) / (-4,-3) / (-1,0)",6,"(1,-3)/(4,0)/(-3,0)/(-2,0)/(2,1)/(3,0)/"
CrystalOpen2018,2.33,c,B,1,1,"(-5,0) / (-4,-4) / (-3,0) / (-2,-2) / (0,-3) / (0,-3) / (-3,-1) / (3,0) / (-3,0) / (3,0) / (-3,0) / (-1,0) /",0,"(3,-2)"
CrystalOpen2018,2.33,c,B,1,2,"(0,-1) / (1,4) / (-4,5) / (-2,-5) / (5,-1) / (-5,0) / (3,0) / (2,0) / (0,-3) / (4,0) / (6,0)",2,"(3,3)/(6,3)/"
BekubesGold2019,2.67,d,B,0,1,"(0,2) / (3,0) / (-3,0) / (4,-5) / (3,0) / (-3,0) / (5,0) / (6,-3) / (-4,0) / (4,-5)",2,"(-3,2)/(3,0)/(2,-2)"
BekubesGold2019,2.67,d,B,0,2,"(-2,0) / (-1,-4) / (1,1) / (-3,0) / (3,-3) / (2,0) / (-3,0) / (0,-3) / (-2,0) / (-2,0) / (2,0) / (2,-4) / (6,-5)",5,"(-2,-1)/(0,-2)/(2,0)/(1,-4)/(6,-3)/"
BekubesGold2019,2.67,d,B,0,3,"(-5,0) / (5,-1) / (0,3) / (0,-3) / (-5,-2) / (0,-3) / (5,-3) / (-3,0) / (4,-3) / (2,-1) / (1,0) / (2,0)",3,"(-2,0)/(-4,1)/(3,0)/"
BekubesGold2019,2.67,d,B,0,4,"(4,6) / (-4,-1) / (-3,0) / (3,0) / (-2,-5) / (3,0) / (0,-1) / (6,-3) / (0,-4) / (0,-3) / (-3,0) /",2,"(1,0)/(6,-3)/"
BekubesGold2019,2.67,d,B,0,5,"(4,0) / (-3,0) / (0,-3) / (5,-4) / (-2,-3) / (0,-3) / (-3,0) / (3,-4) / (-2,0) / (0,-4) / (0,-1) / (2,0) / (2,0) /",5,"(4,2)/(2,3)/(2,-3)/(2,1)/(3,0)/"
BekubesGold2019,2.67,d,B,1,1,"(0,-4) / (4,4) / (-3,0) / (3,0) / (-1,-4) / (-3,0) / (3,-2) / (-3,-3) / (6,-3) / (-4,-2) / (0,-2) / (-2,0)",4,"(2,0)/(0,2)/(1,-4)/(3,3)/(2,-2)"
BekubesGold2019,2.67,d,B,1,2,"(0,5) / (1,1) / (-3,-3) / (-3,0) / (6,-1) / (-3,-3) / (5,-2) / (2,-4) / (2,0) / (-2,0)",3,"(0,2)/(1,-4)/(3,3)/(2,-2)"
PhoenixCubeChampionship2018,2.67,f,B,0,1,"(1,-3) / (0,-3) / (-4,-4) / (-2,-5) / (2,-4) / (-3,-5) / (0,-3) / (3,0) / (-3,0)",2,"(3,-3)/(3,0)/(2,-2)"
PhoenixCubeChampionship2018,2.67,f,B,0,2,"(-5,3) / (-3,3) / (2,-1) / (3,-3) / (3,0) / (1,0) / (-3,0) / (5,0) / (4,0) / (-4,-3) / (0,-4) / (-4,0) / (0,-2)",5,"(0,-2)/(4,0)/(3,-2)/(1,2)/(6,-3)/"
PhoenixCubeChampionship2018,2.67,f,B,0,3,"(0,-1) / (4,-2) / (0,3) / (3,0) / (-3,0) / (-1,-4) / (-2,-3) / (-3,0) / (5,0) / (-3,0)",2,"(-3,1)/(3,0)/"
PhoenixCubeChampionship2018,2.67,f,B,0,4,"(-5,0) / (-3,0) / (-4,5) / (-2,-5) / (-3,0) / (5,-4) / (0,-5) / (3,0) / (-3,-3) /",1,"(6,-3)/(2,-2)"
PhoenixCubeChampionship2018,2.67,f,B,0,5,"(0,2) / (-2,4) / (-4,5) / (-3,0) / (-5,-5) / (3,0) / (-1,0) / (-3,0) / (-2,-1) / (2,0) / (3,0) / (-4,0)",5,"(4,0)/(-3,0)/(-2,0)/(2,1)/(3,0)/"
PhoenixCubeChampionship2018,2.67,f,B,1,1,"(-2,0) / (-1,5) / (-5,-2) / (5,-4) / (6,-3) / (-2,0) / (3,0) / (6,-5) / (3,-2) / (5,0) / (0,-2) / (5,0)",4,"(-2,2)/(0,-2)/(2,1)/(6,-3)/(2,-2)"
PhoenixCubeChampionship2018,2.67,f,B,1,2,"(1,0) / (-1,5) / (4,-2) / (3,0) / (-3,-3) / (0,-1) / (-3,0) / (-1,-3) / (1,-3) / (-5,-2) / (2,-1) /",5,"(1,4)/(-1,0)/(0,4)/(1,-4)/(6,-3)/"
GIC2016,2.67,2,A,0,1,"(0,5) / (3,0) / (1,-5) / (-3,0) / (5,-1) / (-3,0) / (3,-2) / (-3,-3) / (0,-5) / (-4,0) / (-2,-4) / (-2,-2)",4,"(0,4)/(-2,2)/(3,2)/(3,3)/(2,-2)"
GIC2016,2.67,2,A,0,2,"(4,0) / (-3,6) / (0,-3) / (2,-4) / (0,-3) / (-3,0) / (6,-5) / (6,0) / (3,-3) / (0,-3) / (-4,-4) / (0,-4)",2,"(1,-4)/(3,3)/(2,-2)"
GIC2016,2.67,2,A,0,3,"(-2,0) / (3,0) / (5,-1) / (1,-2) / (-1,-4) / (-5,0) / (-3,0) / (3,0) / (-4,-2) / (-2,0) / (-3,0) / (-2,-3) / (-3,0)",6,"(3,1)/(0,4)/(0,-1)/(0,2)/(-4,1)/(3,0)/"
GIC2016,2.67,2,A,0,4,"(-5,3) / (0,-3) / (-1,5) / (-5,-2) / (-1,-4) / (-3,-5) / (-3,0) / (6,-3) / (-2,0) /",2,"(-3,2)/(3,0)/(2,-2)"
GIC2016,2.67,2,A,0,5,"(0,5) / (-3,0) / (4,-2) / (-1,-4) / (1,-2) / (0,-3) / (5,0) / (3,0) / (1,-4) / (6,-4) / (4,-1) / (0,-4)",5,"(0,4)/(-4,1)/(0,-2)/(1,-4)/(6,-3)/"
GIC2016,2.67,2,A,1,1,"(0,5) / (4,-2) / (0,3) / (2,-1) / (-3,0) / (-2,-2) / (-4,0) / (3,0) / (-3,0) / (-2,0) / (-4,-1)",2,"(1,3)/(3,0)/(2,-2)"
GIC2016,2.67,2,A,1,2,"(1,0) / (0,3) / (-3,0) / (-3,0) / (2,-1) / (6,0) / (-2,-3) / (-3,-3) / (-5,0) / (2,0) / (-2,-4) / (-2,0) / (6,0)",4,"(-2,-2)/(4,-2)/(2,1)/(3,3)/"
DebicaCubingWinter2026,3.0,c,B,0,1,"(0,-1) / (0,-3) / (6,-3) / (-2,-5) / (-3,0) / (2,-3) / (3,0) / (1,-3) / (-1,0) / (5,0)",2,"(1,3)/(6,-3)/"
DebicaCubingWinter2026,3.0,c,B,0,2,"(3,-1) / (1,-2) / (3,-3) / (2,-1) / (-3,0) / (-2,0) / (3,0) / (3,0) / (-5,-3)",3,"(2,-3)/(-3,0)/(3,6)/(2,-2)"
DebicaCubingWinter2026,3.0,c,B,0,3,"(0,2) / (-3,-3) / (3,0) / (4,-5) / (0,-3) / (-4,-4) / (-5,0) / (-3,-3) / (-3,0) / (-4,-2) / (-4,0) / (0,-2) /",4,"(0,2)/(4,0)/(1,-4)/(3,3)/(2,-2)"
DebicaCubingWinter2026,3.0,c,B,0,4,"(-5,0) / (6,3) / (-4,-1) / (-2,-5) / (3,-3) / (5,-3) / (0,-3) / (-2,-3) / (0,-2) / (-4,0) / (0,-2) /",5,"(6,0)/(-4,-2)/(4,0)/(1,-4)/(3,0)/(2,-2)"
DebicaCubingWinter2026,3.0,c,B,0,5,"(1,0) / (3,3) / (2,-1) / (3,0) / (-5,-2) / (5,0) / (0,-3) / (-3,-3) / (-3,0) /",1,"(3,-3)/"
DebicaCubingWinter2026,3.0,c,B,1,1,"(-5,0) / (3,3) / (2,-1) / (1,-2) / (3,-3) / (2,0) / (-3,-3) / (-4,-5) / (2,0) / (6,-2) / (-5,0) / (4,0)",5,"(2,1)/(2,-1)/(2,-2)/(2,-3)/(3,3)/"
DebicaCubingWinter2026,3.0,c,B,1,2,"(-5,0) / (-3,0) / (3,0) / (2,-1) / (3,-3) / (-3,-3) / (-2,0) / (3,0) / (-4,0) / (-3,0) / (2,0) / (-2,-2) / (-2,0) /",5,"(-4,0)/(4,2)/(2,0)/(2,1)/(3,0)/"
SpanishChampionship2025,3.0,e,B,0,1,"(-5,0) / (-1,2) / (1,-2) / (-4,-1) / (1,-2) / (6,-1) / (0,-3) / (5,-3) / (0,-3) / (6,-3)",3,"(4,-2)/(3,2)/(3,0)/(2,-2)"
SpanishChampionship2025,3.0,e,B,0,2,"(3,-4) / (0,6) / (0,3) / (4,-2) / (-4,0) / (0,-3) / (4,-1) / (0,-4) / (-2,-5) / (-2,0) / (-4,0) / (-4,-1) /",6,"(3,-2)/(4,0)/(2,-3)/(-2,0)/(1,2)/(3,0)/(2,-2)"
SpanishChampionship2025,3.0,e,B,0,3,"(0,-4) / (0,-3) / (4,1) / (-3,0) / (0,-3) / (2,-1) / (-5,-3) / (6,-3) / (1,0) / (2,-4) / (4,0)",2,"(-3,0)/(6,-3)/"
SpanishChampionship2025,3.0,e,B,0,4,"(1,0) / (0,-3) / (-1,2) / (1,-2) / (0,-3) / (-3,0) / (0,-4) / (6,-3) / (3,-4) / (0,-2) / (0,-4) / (-5,-4) / (-4,0)",5,"(4,2)/(3,-2)/(2,-3)/(1,2)/(3,0)/(2,-2)"
SpanishChampionship2025,3.0,e,B,0,5,"(0,2) / (4,-5) / (0,-3) / (2,-4) / (-2,-5) / (-3,0) / (-1,0) / (3,0) / (3,0) / (4,-3) / (4,0) / (6,0) / (-2,-5)",5,"(2,-1)/(-1,-4)/(-3,0)/(1,2)/(6,-3)/"
SpanishChampionship2025,3.0,e,B,1,1,"(-5,0) / (5,-4) / (6,0) / (-2,-5) / (-3,0) / (-4,0) / (0,-3) / (-3,-1) / (3,0) / (3,-5) /",2,"(3,-3)/(6,-3)/(2,-2)"
SpanishChampionship2025,3.0,e,B,1,2,"(-5,3) / (-3,3) / (-1,-1) / (-5,-2) / (-1,-4) / (4,0) / (-3,0) / (0,-3) / (-1,-3) / (1,0)",4,"(6,0)/(0,3)/(2,1)/(3,0)/"
CottbusCubing2025,3.0,c,B,0,1,"(0,5) / (-2,-5) / (2,5) / (0,-3) / (1,-5) / (-4,0) / (0,-3) / (4,-1) / (-2,0) / (0,-4) / (4,-1) / (6,-5)",5,"(-2,1)/(3,-2)/(0,-4)/(-4,1)/(3,0)/"
CottbusCubing2025,3.0,c,B,0,2,"(0,-1) / (6,-3) / (-5,1) / (5,-4) / (4,0) / (-3,0) / (-1,0) / (0,-5) / (2,-3) / (0,-1) / (6,0)",5,"(4,2)/(1,0)/(3,-2)/(2,1)/(6,-3)/(2,-2)"
CottbusCubing2025,3.0,c,B,0,3,"(0,2) / (-5,4) / (-4,5) / (0,-3) / (-5,-5) / (3,0) / (-1,0) / (0,-3) / (6,0) / (-4,-3) /",2,"(3,-2)/(3,6)/(2,-2)"
CottbusCubing2025,3.0,c,B,0,4,"(1,3) / (2,5) / (0,-3) / (3,0) / (4,-2) / (3,0) / (-4,0) / (-3,0) / (0,-1) / (-4,0) / (6,-2)",4,"(0,-4)/(1,-4)/(3,2)/(6,-3)/"
CottbusCubing2025,3.0,c,B,0,5,"(0,2) / (-5,1) / (2,2) / (3,0) / (0,-3) / (6,0) / (-3,-2) / (0,-3) / (-2,-1) / (3,-4) / (2,0) / (0,-2) / (-5,0)",6,"(1,-1)/(2,-1)/(0,-2)/(-2,3)/(2,1)/(3,0)/"
CottbusCubing2025,3.0,c,B,1,1,"(0,2) / (-3,0) / (1,-2) / (-3,0) / (-1,-4) / (1,-2) / (-1,0) / (6,-3) / (-4,0) / (4,0) / (3,0) / (-4,0) /",3,"(1,1)/(3,-1)/(3,3)/"
CottbusCubing2025,3.0,c,B,1,2,"(0,-1) / (0,3) / (3,0) / (-2,-5) / (0,-3) / (3,0) / (-3,-4) / (-3,0) / (0,-2) / (6,0) /",2,"(2,0)/(3,0)/"
BrizzonSideOpenIV2025,3.0,e,C,0,1,"(-5,0) / (6,0) / (-4,5) / (-3,0) / (0,-3) / (-2,-2) / (-4,0) / (3,0) / (0,-4) / (3,-2) / (-4,-3)",2,"(1,3)/(6,-3)/"
BrizzonSideOpenIV2025,3.0,e,C,0,2,"(0,-1) / (-2,1) / (5,2) / (3,0) / (0,-3) / (3,0) / (-5,0) / (3,0) / (2,-3) / (-2,-2)",2,"(-3,2)/(6,-3)/"
BrizzonSideOpenIV2025,3.0,e,C,0,3,"(4,0) / (0,3) / (-1,-1) / (0,-3) / (-3,0) / (-2,-5) / (3,-1) / (6,-3) / (1,-4) / (6,-2) / (2,-3) / (6,0)",5,"(6,0)/(-2,3)/(0,-4)/(1,-4)/(3,0)/(2,-2)"
BrizzonSideOpenIV2025,3.0,e,C,0,4,"(-5,0) / (5,5) / (0,3) / (4,-5) / (0,-3) / (-3,0) / (-4,0) / (-3,0) / (0,-1) / (6,0) / (0,-3) /",3,"(1,-2)/(-3,-1)/(3,6)/"
BrizzonSideOpenIV2025,3.0,e,C,0,5,"(4,-3) / (-3,0) / (-4,-1) / (0,-3) / (3,0) / (-2,-3) / (3,0) / (6,-5) / (5,0) / (6,-2) / (-4,-2) / (0,-2) /",5,"(4,2)/(0,2)/(0,-2)/(-4,1)/(6,-3)/(2,-2)"
BrizzonSideOpenIV2025,3.0,e,C,1,1,"(-3,5) / (6,0) / (0,3) / (-2,-5) / (3,0) / (5,-4) / (0,-2) / (3,0) / (-3,-4) / (0,-4) / (0,-5) / (3,0)",4,"(6,0)/(2,0)/(1,2)/(3,0)/(2,-2)"
BrizzonSideOpenIV2025,3.0,e,C,1,2,"(1,3) / (-1,2) / (-3,0) / (0,-3) / (1,-5) / (-4,-3) / (-3,0) / (0,-3) / (4,0) / (-2,-1) / (6,-3) / (0,-4) /",5,"(-5,0)/(1,4)/(0,-2)/(2,1)/(3,3)/"
MarbleCityCubing2023,3.0,f,A,0,1,"(0,-1) / (3,3) / (4,-5) / (6,-3) / (2,-4) / (1,-3) / (0,-3) / (-1,-2) / (0,-4) / (0,-4) / (4,0) /",3,"(4,0)/(2,1)/(3,0)/"
MarbleCityCubing2023,3.0,f,A,0,2,"(1,0) / (-4,-4) / (0,3) / (0,-3) / (1,-5) / (6,-3) / (0,-1) / (-3,0) / (0,-3) / (1,0) / (6,-2) / (0,-1) / (3,0)",5,"(2,0)/(0,1)/(0,-4)/(1,-4)/(3,0)/(2,-2)"
MarbleCityCubing2023,3.0,f,A,0,3,"(0,2) / (4,-5) / (3,0) / (-3,0) / (-4,-4) / (3,0) / (4,-3) / (0,-3) / (0,-3) / (-3,0) / (6,0) /",3,"(3,-3)/(3,0)/(6,-3)/"
MarbleCityCubing2023,3.0,f,A,0,4,"(-5,0) / (3,-3) / (5,-1) / (-3,0) / (-2,-2) / (0,-4) / (0,-3) / (-1,0) / (0,-4) / (1,-2) / (0,-2) / (-4,0) / (3,-2)",6,"(-3,2)/(1,-4)/(2,-1)/(1,-4)/(3,2)/(6,-3)/"
MarbleCityCubing2023,3.0,f,A,0,5,"(-2,-3) / (-4,-1) / (0,-3) / (0,-3) / (3,0) / (-5,-5) / (0,-1) / (6,0) / (-3,0) / (2,0) / (0,-5) / (-4,0)",4,"(4,-1)/(1,0)/(-3,0)/(3,6)/"
MarbleCityCubing2023,3.0,f,A,1,1,"(-3,2) / (-3,0) / (3,0) / (4,-2) / (5,-4) / (0,-3) / (0,-5) / (0,-3) / (6,0) / (0,-5) / (0,-3) / (-4,0) /",3,"/(1,-4)/(6,-3)/"
MarbleCityCubing2023,3.0,f,A,1,2,"(0,5) / (-2,1) / (-3,-3) / (-1,-4) / (-3,-3) / (0,-2) / (6,0) / (0,-3) / (0,-3) / (-4,-2)",2,"(1,2)/(3,0)/(2,-2)"
MountainsOpenUp2023,3.0,d,B,0,1,"(-2,0) / (-3,-3) / (-3,0) / (-1,-1) / (-3,-3) / (0,-3) / (0,-2) / (3,0) / (0,-4) / (6,0) / (-3,0) / (1,0) / (6,-4)",3,"(0,-2)/(1,2)/(6,-3)/"
MountainsOpenUp2023,3.0,d,B,0,2,"(0,-1) / (-5,1) / (-3,6) / (2,-1) / (-5,-2) / (0,-4) / (3,-3) / (0,-3) / (-2,0) / (5,0) / (-4,0) / (-1,0) / (4,0)",5,"(0,-4)/(1,0)/(3,-2)/(2,1)/(6,-3)/(2,-2)"
MountainsOpenUp2023,3.0,d,B,0,3,"(0,5) / (0,6) / (-2,-2) / (-4,-3) / (0,-3) / (-3,-1) / (1,0) / (-1,-4) / (0,-2) / (3,-4) / (-2,0) / (0,-4) / (-4,0)",6,"(4,0)/(3,-2)/(-2,-1)/(0,2)/(2,1)/(3,3)/"
MountainsOpenUp2023,3.0,d,B,0,4,"(0,5) / (-3,0) / (3,0) / (-2,-5) / (3,0) / (-1,-1) / (3,-2) / (3,-3) / (3,0) / (2,-5) / (-2,-4) / (-5,0)",4,"(5,0)/(-4,-2)/(-4,1)/(6,-3)/(2,-2)"
MountainsOpenUp2023,3.0,d,B,0,5,"(1,0) / (-1,-4) / (-3,0) / (-5,-2) / (6,0) / (-3,-4) / (-3,0) / (3,0)",2,"(-3,0)/(3,0)/(2,-2)"
MountainsOpenUp2023,3.0,d,B,1,1,"(0,5) / (-5,4) / (3,0) / (2,-1) / (-2,-2) / (6,0) / (-4,0) / (0,-3) / (0,-3) / (-3,-3) / (0,-5) /",4,"(2,-1)/(1,-3)/(-3,0)/(3,6)/"
MountainsOpenUp2023,3.0,d,B,1,2,"(0,-4) / (-3,3) / (4,-5) / (2,-1) / (4,-5) / (2,-3) / (3,0) / (-5,-3) / (3,0) / (2,0) / (6,0)",1,"(6,3)/"
BulldogWinter2023,3.0,c,A,0,1,"(0,2) / (-3,-3) / (0,-3) / (1,-2) / (0,-3) / (-3,-3) / (5,0) / (-3,0) / (0,-1) / (0,-3) / (0,-2) / (-4,0)",3,"(1,0)/(3,0)/(3,0)/"
BulldogWinter2023,3.0,c,A,0,2,"(0,2) / (6,-3) / (3,0) / (3,0) / (4,-5) / (-3,-3) / (0,-1) / (3,0) / (0,-3) / (4,0) / (-4,0) / (-2,-3) / (6,0)",5,"(1,0)/(0,5)/(0,2)/(-4,1)/(3,0)/"
BulldogWinter2023,3.0,c,A,0,3,"(0,5) / (-5,4) / (5,5) / (0,-3) / (4,-5) / (-3,-4) / (3,0) / (-3,0) / (3,-3) / (-2,-4) / (6,0)",3,"(6,0)/(2,1)/(3,0)/"
BulldogWinter2023,3.0,c,A,0,4,"(4,0) / (2,-4) / (-2,1) / (5,-4) / (0,-3) / (3,0) / (0,-5) / (0,-3) / (-3,-1) / (6,0) / (1,0) / (-3,0)",3,"(3,0)/(2,1)/(6,-3)/(2,-2)"
BulldogWinter2023,3.0,c,A,0,5,"(0,2) / (-2,1) / (2,5) / (-3,0) / (-2,-2) / (2,-3) / (-3,0) / (6,0) / (-5,-4) / (-2,-4) /",4,"(4,0)/(-4,-2)/(1,-4)/(6,-3)/"
BulldogWinter2023,3.0,c,A,1,1,"(0,-4) / (0,3) / (-3,-3) / (-2,-5) / (-3,0) / (3,0) / (2,-3) / (3,0) / (1,0) / (6,-1) /",4,"(-3,0)/(5,0)/(3,1)/(3,0)/"
BulldogWinter2023,3.0,c,A,1,2,"(4,0) / (3,0) / (-1,-4) / (6,-3) / (1,-2) / (-3,0) / (5,0) / (0,-3) / (-3,-3) / (3,0) / (3,0) / (0,-2) / (0,-2)",3,"(-4,-2)/(3,-2)/(3,3)/(2,-2)"
XlingenOpen2019,3.0,d,B,0,1,"(1,3) / (-1,-4) / (0,-3) / (4,-2) / (3,0) / (-3,0) / (-1,0) / (-3,-3) / (-4,-3) / (6,-4) / (4,0) /",3,"(4,2)/(3,2)/(3,3)/(2,-2)"
XlingenOpen2019,3.0,d,B,0,2,"(-5,0) / (0,3) / (3,-3) / (-4,-4) / (3,0) / (3,0) / (4,0) / (3,0) / (-3,-5) / (-4,0) / (-5,-2) / (0,-4)",4,"(2,-2)/(4,0)/(1,2)/(3,0)/(2,-2)"
XlingenOpen2019,3.0,d,B,0,3,"(0,5) / (1,1) / (-4,2) / (3,0) / (-3,0) / (1,-5) / (-1,0) / (3,-3) / (3,0) / (-4,0) / (6,-5) /",3,"/(1,-4)/(6,-3)/"
XlingenOpen2019,3.0,d,B,0,4,"(0,-4) / (-3,0) / (0,-3) / (0,-3) / (3,0) / (4,-5) / (-4,0) / (-3,0) / (-2,0) / (0,-4) / (4,0) / (0,-2) / (2,0) / (1,0) / (5,0)",6,"(1,-4)/(4,0)/(0,2)/(-4,0)/(-4,1)/(6,-3)/(2,-2)"
XlingenOpen2019,3.0,d,B,0,5,"(0,-4) / (4,-5) / (3,-3) / (3,0) / (6,0) / (-1,-4) / (0,-5) / (-3,-3) / (0,-5) / (0,-2) / (-4,0) / (-4,-4)",3,"(-2,0)/(2,-3)/(3,3)/"
XlingenOpen2019,3.0,d,B,1,1,"(-2,0) / (0,-3) / (3,3) / (3,0) / (5,-4) / (-3,0) / (6,-2) / (3,0) / (-5,0) / (3,-1) / (0,-3)",2,"(3,3)/(3,6)/"
XlingenOpen2019,3.0,d,B,1,2,"(1,-3) / (3,0) / (0,3) / (5,-4) / (-5,-2) / (-3,0) / (-4,0) / (3,-3) / (6,0) / (0,-1) / (0,-4) / (-4,0) / (0,-4) /",4,"(2,-2)/(-4,2)/(1,-4)/(3,3)/(2,-2)"
JiaozuoOpen2017,3.0,d,A,0,1,"(0,2) / (-3,0) / (3,-3) / (4,-2) / (-3,0) / (6,0) / (-3,-4) / (0,-3)",1,"(6,-3)/"
JiaozuoOpen2017,3.0,d,A,0,2,"(1,-3) / (3,0) / (0,3) / (-1,-4) / (1,-5) / (3,0) / (2,0) / (-3,-3) / (6,-1) / (-2,-2) / (6,0)",2,"(2,-3)/(3,3)/"
JiaozuoOpen2017,3.0,d,A,0,3,"(4,0) / (2,-4) / (-3,0) / (-3,-3) / (-3,0) / (-5,-2) / (0,-1) / (0,-3) / (-1,-2)",2,"(1,2)/(6,-3)/"
JiaozuoOpen2017,3.0,d,A,0,4,"(-2,0) / (-3,0) / (6,3) / (2,-1) / (3,0) / (4,-2) / (-1,0) / (-3,-3) / (-4,-5) / (6,-4) / (-1,-2) / (6,0)",5,"(3,0)/(1,2)/(0,-2)/(2,1)/(6,-3)/(2,-2)"
JiaozuoOpen2017,3.0,d,A,0,5,"(3,-1) / (-5,-2) / (-3,0) / (5,-4) / (-5,-5) / (-1,0) / (3,0) / (1,0) / (-2,0) / (0,-1) / (0,-3) / (0,-4) / (-2,0)",5,"(-4,0)/(1,0)/(-2,0)/(-4,1)/(3,0)/"
JiaozuoOpen2017,3.0,d,A,1,1,"(0,5) / (3,0) / (-5,4) / (0,-3) / (0,-3) / (5,0) / (0,-3) / (0,-1) / (-2,-4) / (0,-4) / (3,0) / (0,-3) / (0,-2) / (0,-2)",5,"(2,2)/(3,0)/(4,0)/(1,-4)/(3,0)/(2,-2)"
JiaozuoOpen2017,3.0,d,A,1,2,"(-5,3) / (3,0) / (-4,2) / (4,-2) / (-3,-4) / (0,-3) / (-1,0) / (0,-4) / (-2,0) / (-5,0) / (0,-4) / (0,-2) /",6,"(2,-2)/(1,-4)/(0,-1)/(0,2)/(-4,1)/(3,0)/"
BONDOpen2017,3.0,c,A,0,1,"(-2,-3) / (-3,0) / (3,0) / (-4,-4) / (-3,0) / (-5,-2) / (0,-1) / (-3,-3) / (-1,-2) / (0,-2) / (4,0) / (6,0) / (-2,0)",5,"(2,2)/(-4,-2)/(0,4)/(1,-4)/(3,3)/(2,-2)"
BONDOpen2017,3.0,c,A,0,2,"(1,0) / (-4,2) / (1,-2) / (5,-4) / (3,0) / (6,-2) / (-3,-3) / (-3,0) / (5,-5) / (0,-4) / (4,-4)",4,"(2,-2)/(4,0)/(1,-4)/(3,3)/(2,-2)"
BONDOpen2017,3.0,c,A,0,3,"(-2,0) / (3,6) / (-4,2) / (-3,-3) / (-3,0) / (3,0) / (-2,0) / (-3,-3) / (-3,0) / (6,-4) / (-4,-2) / (-2,0) /",4,"(-4,2)/(-2,0)/(2,1)/(3,3)/"
BONDOpen2017,3.0,c,A,0,4,"(0,-1) / (-3,0) / (-3,0) / (-5,-2) / (5,-1) / (4,-2) / (2,0) / (-3,-3) / (0,-1) / (-2,0) / (2,0) / (-3,0)",2,"(3,1)/(3,3)/"
BONDOpen2017,3.0,c,A,0,5,"(-5,0) / (5,-1) / (-3,0) / (0,-3) / (-5,-2) / (3,0) / (-4,0) / (3,0) / (1,0) / (-4,-4) / (0,-3)",2,"(1,3)/(3,0)/(2,-2)"
BONDOpen2017,3.0,c,A,1,1,"(-2,3) / (-4,-1) / (-5,-2) / (5,-1) / (-3,0) / (6,-5) / (-3,0) / (4,0) / (-1,0) / (0,-4) / (-5,-4) / (-2,0)",5,"(2,2)/(3,-2)/(2,-3)/(1,2)/(3,0)/(2,-2)"
BONDOpen2017,3.0,c,A,1,2,"(-5,-3) / (0,-3) / (-4,-1) / (4,-5) / (2,-1) / (4,0) / (0,-3) / (3,0) / (-3,-3) / (5,-3)",3,"(1,-3)/(-3,0)/(3,6)/"
MathSocOpen2017,3.0,d,C,0,1,"(-2,-3) / (0,3) / (-1,-4) / (1,-5) / (3,0) / (5,-3) / (0,-3) / (3,0) / (5,0) / (-2,0) / (2,-1) / (-3,0)",4,"(-5,0)/(-4,0)/(-4,1)/(6,-3)/(2,-2)"
MathSocOpen2017,3.0,d,C,0,2,"(0,5) / (0,3) / (0,-3) / (1,-2) / (-3,-3) / (0,-3) / (0,-1) / (6,-3) / (-3,0) / (0,-3) / (6,-1)",2,"(-3,-2)/(6,3)/(2,-2)"
MathSocOpen2017,3.0,d,C,0,3,"(-3,2) / (-5,-5) / (3,0) / (0,-3) / (-4,-4) / (-5,-3) / (-3,0) / (6,-2) / (-4,-3)",2,"(-3,0)/(3,6)/(2,-2)"
MathSocOpen2017,3.0,d,C,0,4,"(0,-1) / (0,-3) / (4,1) / (-3,0) / (6,-3) / (-3,-4) / (-3,-3) / (-5,0) / (2,0) / (4,-2) / (0,-1) / (-4,0) / (4,0)",6,"(2,0)/(4,0)/(0,1)/(-2,0)/(1,-4)/(3,0)/(2,-2)"
MathSocOpen2017,3.0,d,C,0,5,"(-5,0) / (2,5) / (4,1) / (-3,0) / (5,-4) / (3,0) / (0,-5) / (-3,-3) / (3,-5) / (5,0) / (0,-4) / (6,0) /",5,"(3,0)/(3,0)/(0,4)/(1,2)/(6,-3)/"
MathSocOpen2017,3.0,d,C,1,1,"(0,2) / (-2,1) / (-1,2) / (1,-5) / (5,-4) / (1,-3) / (-3,-3) / (3,0) / (2,0) / (0,-2) / (-4,-4)",3,"(-4,-2)/(2,-3)/(3,3)/"
MathSocOpen2017,3.0,d,C,1,2,"(0,-1) / (1,4) / (0,3) / (5,-4) / (3,-3) / (0,-5) / (3,0) / (0,-4) / (1,-5) / (0,-3) / (0,-1) / (4,0) / (-3,0) /",5,"(2,-3)/(-3,-2)/(4,0)/(1,-4)/(3,0)/(2,-2)"
PasigSpeedcubingOpen2026,3.33,f,A,0,1,"(-2,-3) / (-1,-1) / (3,0) / (0,-3) / (3,-3) / (-5,0) / (-3,-3) / (1,0) / (-2,-2) / (4,0) / (4,0) / (-2,0)",4,"(2,0)/(-2,2)/(2,-3)/(3,3)/"
PasigSpeedcubingOpen2026,3.33,f,A,0,2,"(-2,6) / (0,3) / (-3,0) / (-1,-4) / (3,-3) / (-2,-3) / (6,-3) / (0,-4) / (-5,0) / (1,0)",3,"(2,0)/(3,0)/(3,0)/(2,-2)"
PasigSpeedcubingOpen2026,3.33,f,A,0,3,"(-3,-1) / (4,4) / (3,0) / (2,-4) / (-3,0) / (0,-2) / (-3,-3) / (-2,-5) / (4,0) / (2,0) / (6,-2)",4,"(0,-4)/(0,-2)/(1,-4)/(3,3)/(2,-2)"
PasigSpeedcubingOpen2026,3.33,f,A,0,4,"(0,5) / (0,-3) / (0,3) / (1,-2) / (0,-3) / (0,-3) / (3,0) / (-4,0) / (3,0) / (1,-4) / (0,-4) / (-2,-2) / (-4,0) / (4,0)",5,"(-4,0)/(-2,2)/(2,-2)/(1,-4)/(6,-3)/"
PasigSpeedcubingOpen2026,3.33,f,A,0,5,"(0,2) / (-5,4) / (-1,2) / (3,0) / (1,-5) / (5,-3) / (3,0) / (0,-3) / (6,-5) / (-1,0) /",2,"(-3,0)/(3,0)/"
PasigSpeedcubingOpen2026,3.33,f,A,1,1,"(-5,0) / (-1,-4) / (4,1) / (2,-1) / (-5,-2) / (-4,0) / (0,-3) / (-2,0) / (5,0)",3,"(1,0)/(2,0)/(6,-3)/(2,-2)"
PasigSpeedcubingOpen2026,3.33,f,A,1,2,"(0,5) / (3,0) / (0,6) / (0,-3) / (4,-5) / (3,0) / (3,-4) / (3,0) / (2,0) / (-5,0) / (4,0) / (-5,0) / (4,-5) /",5,"(2,0)/(2,-1)/(2,2)/(2,-3)/(3,3)/"
ZhuhaiPiDay2026,3.33,d,B,0,1,"(-5,-3) / (5,-4) / (6,-3) / (-2,-5) / (-1,-4) / (0,-2) / (0,-3) / (0,-1) / (1,0) / (-4,-4) / (2,-5) / (0,-1)",5,"(2,3)/(2,1)/(-4,0)/(1,-4)/(6,-3)/"
ZhuhaiPiDay2026,3.33,d,B,0,2,"(3,5) / (0,3) / (-5,1) / (3,0) / (2,-1) / (0,-5) / (-3,0) / (-3,0) / (-1,0) / (4,0) / (6,-4) / (0,-4) / (4,0)",4,"(2,-2)/(-4,0)/(1,-4)/(6,-3)/"
ZhuhaiPiDay2026,3.33,d,B,0,3,"(3,2) / (-3,0) / (-2,-5) / (6,-3) / (0,-3) / (0,-4) / (0,-3) / (-1,0) / (1,-4) / (0,-4) / (0,-2) / (-3,-4) /",6,"(1,-1)/(-2,-1)/(-2,0)/(2,0)/(-4,1)/(6,-3)/(2,-2)"
ZhuhaiPiDay2026,3.33,d,B,0,4,"(0,2) / (4,-2) / (0,3) / (0,-3) / (-3,0) / (-1,-4) / (-5,-3) / (6,-3) / (0,-4) / (-5,0) / (1,-3)",3,"(2,-3)/(-3,0)/(3,6)/(2,-2)"
ZhuhaiPiDay2026,3.33,d,B,0,5,"(0,-4) / (0,3) / (4,-5) / (-4,-4) / (3,-3) / (1,0) / (-3,0) / (3,0) / (0,-3) / (-3,-3)",2,"(3,-3)/(6,-3)/"
ZhuhaiPiDay2026,3.33,d,B,1,1,"(1,0) / (3,0) / (0,6) / (-1,-4) / (3,0) / (3,0) / (-2,0) / (-3,0) / (5,0) / (-2,0) / (-4,0) / (0,-5) / (2,0) / (2,0) /",5,"(-2,2)/(-2,3)/(-2,3)/(1,2)/(3,0)/(2,-2)"
ZhuhaiPiDay2026,3.33,d,B,1,2,"(-2,0) / (5,-4) / (0,-3) / (-3,-3) / (3,0) / (1,0) / (-3,-3) / (5,0) / (-2,0) / (4,0) / (2,-4)",3,"(-2,-2)/(3,2)/(3,3)/(2,-2)"
MaunulanKuutionvaantelyt2026,3.33,c,A,0,1,"(-2,3) / (5,2) / (3,0) / (0,-3) / (3,-3) / (6,0) / (-2,0) / (0,-3) / (0,-2) / (-1,-1) / (-5,-3) /",1,"(3,0)/(2,-2)"
MaunulanKuutionvaantelyt2026,3.33,c,A,0,2,"(-2,3) / (3,0) / (-4,2) / (3,0) / (3,0) / (4,0) / (3,0) / (3,0) / (5,-3) / (-5,0) / (2,0) / (0,-2) / (4,0) / (-5,0)",6,"(5,0)/(-4,0)/(0,2)/(-2,3)/(2,1)/(3,0)/"
MaunulanKuutionvaantelyt2026,3.33,c,A,0,3,"(-3,5) / (4,1) / (-3,0) / (3,-3) / (-3,-4) / (-3,0) / (-1,0) / (4,0) / (-2,0) / (0,-3) / (0,-4) / (-4,0)",4,"(2,1)/(-2,3)/(1,2)/(3,0)/(2,-2)"
MaunulanKuutionvaantelyt2026,3.33,c,A,0,4,"(-3,5) / (0,3) / (-5,-2) / (5,-4) / (6,0) / (-3,-5) / (-3,-3) / (-4,0) / (-5,0) / (4,-5) / (0,-4) /",4,"(-2,-2)/(-2,0)/(2,1)/(3,3)/"
MaunulanKuutionvaantelyt2026,3.33,c,A,0,5,"(-2,-3) / (0,-3) / (-4,-4) / (-3,0) / (4,-5) / (-1,-3) / (0,-3) / (4,-3) / (-4,-3)",2,"(3,-3)/(3,6)/(2,-2)"
MaunulanKuutionvaantelyt2026,3.33,c,A,1,1,"(0,2) / (6,0) / (-3,-3) / (0,-3) / (-5,-2) / (3,-3) / (0,-1) / (6,-3) / (-5,-4) / (0,-3) / (0,-4) / (-2,0) / (0,-4)",5,"(1,4)/(0,2)/(-3,2)/(1,2)/(6,-3)/"
MaunulanKuutionvaantelyt2026,3.33,c,A,1,2,"(-5,0) / (3,0) / (-4,5) / (0,-3) / (-3,0) / (3,0) / (0,-3) / (0,-2) / (0,-3) / (0,-1) / (4,0) / (2,-4) / (0,-2) /",4,"(6,0)/(2,0)/(1,2)/(3,0)/(2,-2)"
NoSprintingNY2026,3.33,2,A,0,1,"(0,2) / (4,1) / (-4,5) / (3,0) / (-3,0) / (-5,-2) / (-1,0) / (-3,-3) / (-4,-1) / (-4,0) / (-4,-4) / (-4,0) /",3,"(-2,-2)/(1,-4)/(3,3)/(2,-2)"
NoSprintingNY2026,3.33,2,A,0,2,"(4,0) / (2,-4) / (-2,1) / (6,0) / (0,-3) / (-1,-1) / (-2,0) / (-3,0) / (0,-3) / (1,0) / (0,-2) / (0,-3) /",5,"(2,2)/(-2,-3)/(0,4)/(-4,1)/(6,-3)/(2,-2)"
NoSprintingNY2026,3.33,2,A,0,3,"(-2,-3) / (-3,0) / (0,3) / (5,-1) / (-3,-3) / (-3,0) / (-5,0) / (6,0) / (3,-3) / (-1,0) / (-2,-4)",3,"(-4,-2)/(3,-2)/(3,3)/(2,-2)"
NoSprintingNY2026,3.33,2,A,0,4,"(0,5) / (3,3) / (1,4) / (0,-3) / (5,-4) / (0,-3) / (0,-5) / (3,0) / (3,-3) / (3,0) / (-3,-1) /",3,"(1,-2)/(2,3)/(6,-3)/(2,-2)"
NoSprintingNY2026,3.33,2,A,0,5,"(0,5) / (3,-3) / (-3,6) / (-5,-2) / (3,0) / (0,-3) / (0,-1) / (0,-3) / (3,0) / (-2,0) / (6,-4) / (-4,-2) / (6,0)",4,"(2,0)/(4,2)/(-4,1)/(3,0)/"
NoSprintingNY2026,3.33,2,A,1,1,"(1,0) / (-3,6) / (-4,5) / (4,-2) / (-4,0) / (6,-3) / (2,0) / (1,0) / (2,-1) / (4,-4) / (2,0) / (-3,-1)",6,"(3,-1)/(0,2)/(0,-4)/(0,4)/(1,-4)/(6,-3)/"
NoSprintingNY2026,3.33,2,A,1,2,"(4,0) / (-3,6) / (3,0) / (0,-3) / (3,0) / (0,-4) / (-3,0) / (-1,0) / (-4,-5) / (2,0) / (6,-1) / (-2,-3) / (0,-2)",6,"(1,-1)/(1,-2)/(2,-1)/(-3,2)/(2,1)/(6,-3)/(2,-2)"
TokyoWinter2025,3.33,d,A,0,1,"(4,0) / (-1,-1) / (-5,-2) / (-1,-4) / (-3,0) / (-3,-2) / (3,0) / (-3,-4) / (-5,0) / (0,-4) / (-4,-3) /",5,"(6,0)/(1,-2)/(2,-3)/(3,2)/(3,0)/(2,-2)"
TokyoWinter2025,3.33,d,A,0,2,"(4,3) / (-1,-1) / (0,-3) / (4,-2) / (-1,-1) / (-5,-3) / (6,-3) / (1,0) / (0,-2) / (-4,0) / (0,-2) / (-4,0) /",5,"(0,-2)/(-2,0)/(2,-2)/(1,0)/(6,-3)/"
TokyoWinter2025,3.33,d,A,0,3,"(0,-1) / (-5,-2) / (-4,5) / (3,0) / (-3,0) / (3,-3) / (4,0) / (-3,0) / (-3,0) / (-2,0) / (0,-2) / (4,-1) / (6,-2)",5,"(4,0)/(-2,-1)/(0,4)/(-4,1)/(6,-3)/(2,-2)"
TokyoWinter2025,3.33,d,A,0,4,"(0,-1) / (0,3) / (0,3) / (-5,-5) / (-4,-4) / (3,0) / (3,-2) / (3,0) / (-3,-3) / (-3,0) / (4,-5) / (4,0)",2,"(1,-4)/(3,3)/(2,-2)"
TokyoWinter2025,3.33,d,A,0,5,"(-2,0) / (0,6) / (3,0) / (5,-4) / (1,-2) / (-3,0) / (-3,-1) / (-3,-3) / (5,0) / (2,0) / (-4,-4) / (4,0) / (-2,0)",4,"(0,2)/(4,-2)/(1,0)/(3,3)/(2,-2)"
TokyoWinter2025,3.33,d,A,1,1,"(0,2) / (-5,4) / (0,3) / (0,-3) / (-3,0) / (6,-4) / (3,0) / (0,-5) / (0,-4) / (-4,0) / (2,0) / (-4,-2)",4,"(-2,0)/(0,-4)/(1,-4)/(3,0)/(2,-2)"
TokyoWinter2025,3.33,d,A,1,2,"(1,0) / (0,-3) / (2,-1) / (0,-3) / (-3,0) / (1,-5) / (6,-4) / (6,-3) / (0,-3) / (0,-1) / (6,0)",2,"(1,3)/(3,0)/(2,-2)"
UOFall2025,3.33,c,A,0,1,"(-2,3) / (-4,5) / (4,-2) / (2,-1) / (-3,0) / (-2,-3) / (0,-3) / (-3,-3) / (3,0) / (-4,-5) / (4,-2)",3,"(-4,2)/(1,-4)/(3,3)/(2,-2)"
UOFall2025,3.33,c,A,0,2,"(3,-1) / (0,-3) / (-2,1) / (2,-4) / (6,-3) / (6,-5) / (0,-3) / (-2,-3) / (-3,0) / (2,0) / (-3,0) /",3,"(3,-3)/(3,0)/(3,0)/"
UOFall2025,3.33,c,A,0,3,"(0,5) / (-3,0) / (-5,4) / (-3,0) / (3,0) / (6,-4) / (3,0) / (2,0) / (1,0) / (-5,-2) / (-4,0) / (2,0)",5,"(2,-3)/(0,-5)/(-2,3)/(1,2)/(3,0)/(2,-2)"
UOFall2025,3.33,c,A,0,4,"(-2,-3) / (0,3) / (0,3) / (2,-4) / (-3,0) / (-2,-5) / (0,-4) / (-3,0) / (0,-2) / (6,0) / (0,-3) / (4,0) / (0,-4) / (-2,0)",5,"(2,0)/(0,4)/(2,-3)/(3,2)/(3,0)/(2,-2)"
UOFall2025,3.33,c,A,0,5,"(-2,0) / (0,3) / (3,0) / (-4,-1) / (3,-3) / (0,-3) / (4,0) / (3,0) / (2,0) / (6,-2) / (0,-4) / (-5,0) / (-4,-2) /",5,"(-2,-2)/(-1,4)/(0,4)/(1,-4)/(6,-3)/"
UOFall2025,3.33,c,A,1,1,"(0,5) / (-5,-2) / (-1,-1) / (-3,0) / (-5,-5) / (0,-3) / (0,-4) / (6,0) / (-3,-3) / (-3,0) / (5,0) / (0,-3)",2,"(1,-3)/(3,0)/(2,-2)"
UOFall2025,3.33,c,A,1,2,"(-5,0) / (-4,5) / (4,1) / (3,0) / (3,0) / (-4,-4) / (-5,0) / (-3,-3) / (5,-3) / (-5,0) / (0,-5) / (4,-2)",4,"(1,-4)/(5,0)/(3,1)/(3,3)/"
KansaiParityParty2025,3.33,2,B,0,1,"(0,2) / (-3,0) / (4,-2) / (-3,0) / (2,-1) / (6,-2) / (3,0) / (0,-3) / (3,-5) / (5,0)",2,"(3,3)/(3,0)/"
KansaiParityParty2025,3.33,2,B,0,2,"(-2,0) / (3,0) / (-4,5) / (-5,-2) / (-4,-4) / (1,0) / (3,0) / (0,-3) / (0,-4) / (2,0) / (1,-2) / (-2,-4) / (0,-2)",6,"(3,2)/(2,0)/(1,0)/(-2,0)/(-4,1)/(3,0)/"
KansaiParityParty2025,3.33,2,B,0,3,"(1,0) / (5,2) / (1,-2) / (5,-4) / (-3,0) / (4,-3) / (3,0) / (2,0) / (6,0) / (-5,0) / (0,-2) / (-4,-5) / (-4,0)",5,"(4,0)/(-2,-1)/(2,0)/(-4,1)/(6,-3)/(2,-2)"
KansaiParityParty2025,3.33,2,B,0,4,"(-2,0) / (-4,-1) / (1,-5) / (3,0) / (-1,-1) / (-3,0) / (0,-2) / (-3,-3) / (0,-3) / (4,0) / (4,0) / (2,0) / (0,-4) /",5,"(2,2)/(4,2)/(0,2)/(1,-4)/(3,3)/(2,-2)"
KansaiParityParty2025,3.33,2,B,0,5,"(0,5) / (-5,-2) / (5,2) / (0,-3) / (3,0) / (3,-3) / (4,0) / (0,-3) / (-1,0) / (-2,-4) / (5,0) / (-1,0)",4,"(4,0)/(0,-2)/(2,1)/(6,-3)/(2,-2)"
KansaiParityParty2025,3.33,2,B,1,1,"(0,5) / (6,0) / (-2,1) / (-3,-3) / (-3,0) / (0,-4) / (-3,-3) / (0,-4) / (0,-5) / (5,-4) / (0,-2) / (-4,0) / (-4,0) /",4,"(-4,2)/(0,-4)/(2,1)/(3,3)/"
KansaiParityParty2025,3.33,2,B,1,2,"(0,2) / (-5,-5) / (-1,-4) / (1,-5) / (2,-1) / (1,-3) / (6,-3) / (0,-4) / (1,-3) / (3,0) /",1,"(3,-3)/"
EcuadorNationals2025,3.33,c,B,0,1,"(-5,0) / (-3,0) / (5,2) / (-5,-5) / (-3,0) / (-4,-1) / (-2,0) / (-3,-3) / (1,-4) / (0,-2) / (-2,0) / (0,-2)",4,"(2,2)/(0,2)/(2,1)/(3,3)/"
EcuadorNationals2025,3.33,c,B,0,2,"(-2,0) / (6,3) / (2,-4) / (0,-3) / (-2,-5) / (5,-3) / (3,0) / (6,-3)",2,"(3,0)/(6,-3)/(2,-2)"
EcuadorNationals2025,3.33,c,B,0,3,"(0,2) / (3,0) / (-5,-2) / (-1,-1) / (-3,0) / (3,-3) / (0,-2) / (-3,-3) / (-3,0) / (1,0) / (5,0) / (-4,-5)",4,"(4,-1)/(-5,0)/(2,0)/(3,3)/"
EcuadorNationals2025,3.33,c,B,0,4,"(0,5) / (0,3) / (0,-3) / (-3,0) / (4,-2) / (3,-3) / (3,-4) / (3,0) / (6,-5) / (5,0) / (-3,0) /",3,"(1,0)/(-3,-1)/(6,3)/"
EcuadorNationals2025,3.33,c,B,0,5,"(0,2) / (0,-3) / (-5,4) / (0,-3) / (0,-3) / (-1,-1) / (-5,0) / (-3,-3) / (-1,0) / (2,0) / (-2,0) / (2,0) / (6,-4) /",5,"(2,2)/(5,0)/(4,2)/(1,-4)/(3,0)/(2,-2)"
EcuadorNationals2025,3.33,c,B,1,1,"(0,-1) / (0,-3) / (0,6) / (-3,0) / (-2,-2) / (3,0) / (-3,0) / (-4,0) / (-3,0) / (0,-1) / (0,-3) / (-2,0) / (2,0)",3,"(-2,0)/(2,1)/(3,0)/"
EcuadorNationals2025,3.33,c,B,1,2,"(1,-3) / (-4,-1) / (4,-2) / (-4,-1) / (0,-3) / (-5,-3) / (-3,-3) / (-1,0) / (-4,0) / (-2,0) / (2,-2) /",4,"(4,-2)/(0,-4)/(2,1)/(3,3)/"
AbruzzoalCubo2025,3.33,c,B,0,1,"(0,2) / (-5,-2) / (2,-4) / (0,-3) / (-5,-5) / (3,-4) / (-3,0) / (-1,0) / (0,-5) / (2,0) / (4,-1) / (-4,0) /",5,"(2,3)/(4,0)/(-2,-3)/(2,1)/(3,0)/"
AbruzzoalCubo2025,3.33,c,B,0,2,"(-5,3) / (5,-4) / (-3,-3) / (-2,-2) / (3,0) / (6,-1) / (-3,-3) / (-5,0) / (6,0) / (-4,0) / (-4,0)",3,"(4,-2)/(3,2)/(3,3)/(2,-2)"
AbruzzoalCubo2025,3.33,c,B,0,3,"(4,6) / (-3,-3) / (-3,0) / (5,-4) / (3,0) / (-2,0) / (-3,0) / (0,-3) / (-5,0) / (0,-2) / (-4,0) / (-4,-3) / (0,-2)",5,"(-3,2)/(2,1)/(0,-2)/(1,-4)/(3,3)/(2,-2)"
AbruzzoalCubo2025,3.33,c,B,0,4,"(-2,0) / (3,-3) / (-1,-1) / (3,-3) / (1,-2) / (5,0) / (0,-3) / (3,0) / (-1,0) / (1,0) /",2,"(-3,0)/(6,-3)/(2,-2)"
AbruzzoalCubo2025,3.33,c,B,0,5,"(0,5) / (1,1) / (-3,0) / (5,-4) / (3,0) / (0,-3) / (-3,-2) / (3,0) / (-3,-4) / (4,0) / (-4,-4) / (0,-3) /",5,"(-5,0)/(2,-3)/(1,0)/(2,3)/(6,-3)/(2,-2)"
AbruzzoalCubo2025,3.33,c,B,1,1,"(0,-4) / (6,3) / (4,1) / (-3,0) / (-4,-1) / (0,-5) / (-3,0) / (0,-1) / (2,-3) / (-5,-2) / (0,-3) / (2,0) /",4,"(0,2)/(0,-2)/(1,-4)/(6,-3)/"
AbruzzoalCubo2025,3.33,c,B,1,2,"(4,0) / (6,3) / (3,0) / (0,-3) / (-1,-1) / (1,-3) / (0,-3) / (3,0) / (4,0) / (-4,-2)",3,"(1,-4)/(3,2)/(6,-3)/"
SoutheastChampionship2025,3.33,d,A,0,1,"(0,2) / (-3,0) / (-2,-5) / (-4,-1) / (0,-3) / (3,0) / (1,0) / (-3,0) / (-3,0) / (-2,0) / (0,-2) / (0,-3) / (5,-2) /",6,"(1,-1)/(2,-1)/(1,-2)/(-2,3)/(2,1)/(3,0)/"
SoutheastChampionship2025,3.33,d,A,0,2,"(0,-4) / (0,3) / (-5,1) / (0,-3) / (-1,-4) / (-5,-5) / (5,0) / (-3,0) / (0,-1) / (4,0) / (4,0) / (-1,-2) / (4,0)",5,"(2,-1)/(0,-5)/(-4,0)/(1,-4)/(6,-3)/"
SoutheastChampionship2025,3.33,d,A,0,3,"(-3,5) / (-5,-2) / (2,-1) / (4,-2) / (6,-3) / (0,-1) / (-3,0) / (3,-3) / (0,-2) / (5,-1)",2,"(3,1)/(3,0)/"
SoutheastChampionship2025,3.33,d,A,0,4,"(0,2) / (3,0) / (6,0) / (3,0) / (-2,-5) / (-3,0) / (0,-3) / (0,-4) / (-3,-3) / (-3,0) / (-2,0) / (-2,-2) / (0,-1) /",5,"/(2,-1)/(2,2)/(2,1)/(3,3)/"
SoutheastChampionship2025,3.33,d,A,0,5,"(1,0) / (-4,5) / (4,-5) / (-3,0) / (-3,-3) / (6,0) / (0,-4) / (0,-3) / (0,-2) / (3,0) / (-1,0) / (6,-4)",3,"(0,-2)/(2,1)/(6,-3)/(2,-2)"
SoutheastChampionship2025,3.33,d,A,1,1,"(0,-4) / (3,0) / (1,1) / (-3,-3) / (-4,-1) / (-3,0) / (1,0) / (0,-3) / (-1,0) / (-2,0) / (-4,0) / (0,-3) / (6,-4)",4,"(0,1)/(0,-2)/(1,2)/(6,-3)/"
SoutheastChampionship2025,3.33,d,A,1,2,"(1,0) / (5,2) / (-5,1) / (5,-4) / (6,-3) / (-5,0) / (-3,-3) / (-3,-2) / (0,-2) / (-4,0) / (4,0)",3,"(4,-2)/(3,-2)/(3,3)/(2,-2)"
Cube4funinBelchatow2025,3.33,f,A,0,1,"(4,0) / (3,0) / (5,2) / (-3,0) / (4,-5) / (2,0) / (6,-3) / (2,-5) / (4,-4) / (4,0) / (6,0)",4,"(-4,2)/(4,0)/(1,-4)/(3,0)/(2,-2)"
Cube4funinBelchatow2025,3.33,f,A,0,2,"(-2,0) / (-3,0) / (5,-1) / (-3,0) / (6,-5) / (-3,0) / (4,-3) / (2,0) / (4,0) / (4,-3) / (2,0) /",5,"(2,3)/(0,-4)/(2,3)/(2,1)/(3,0)/"
Cube4funinBelchatow2025,3.33,f,A,0,3,"(3,-4) / (4,1) / (5,-1) / (4,-5) / (-1,-4) / (1,0) / (3,0) / (6,-3) / (-3,-2) / (-1,-2)",4,"(1,-2)/(3,0)/(2,1)/(6,-3)/(2,-2)"
Cube4funinBelchatow2025,3.33,f,A,0,4,"(-3,5) / (0,3) / (-3,0) / (-3,0) / (4,-2) / (-3,0) / (-3,-4) / (-3,-3) / (-1,-2) / (4,-2) / (-4,-2) / (6,0)",4,"(4,-2)/(-4,0)/(2,1)/(3,3)/"
Cube4funinBelchatow2025,3.33,f,A,0,5,"(-2,0) / (0,-3) / (0,-3) / (-1,-4) / (6,-3) / (-2,-3) / (-3,0) / (3,0) / (0,-2) / (-1,0) / (-2,0)",2,"(-4,0)/(3,0)/"
Cube4funinBelchatow2025,3.33,f,A,1,1,"(-2,0) / (2,5) / (-2,1) / (2,-1) / (4,-2) / (-4,0) / (-3,0) / (4,0) / (3,0) / (2,-1) /",2,"(1,0)/(3,0)/(2,-2)"
Cube4funinBelchatow2025,3.33,f,A,1,2,"(-5,0) / (5,-1) / (0,3) / (4,-2) / (-3,0) / (0,-3) / (-1,0) / (0,-3) / (3,-1) / (-3,0) / (1,-4) / (2,-4)",4,"(4,-2)/(2,-3)/(2,3)/(3,0)/"
NorthBattlefordCubeDay2025,3.33,f,A,0,1,"(-3,5) / (-2,-5) / (-3,-3) / (-4,-1) / (-3,-2) / (0,-3) / (0,-3) / (-3,-2) / (-2,-1) / (2,0) / (-2,-1)",5,"(2,1)/(2,0)/(2,3)/(1,2)/(3,0)/(2,-2)"
NorthBattlefordCubeDay2025,3.33,f,A,0,2,"(0,5) / (4,-2) / (3,0) / (5,-4) / (-3,0) / (4,-5) / (2,0) / (-3,0) / (3,0) / (0,-1) / (4,-5) / (3,0)",2,"(3,-1)/(6,3)/"
NorthBattlefordCubeDay2025,3.33,f,A,0,3,"(-5,0) / (-4,-1) / (-5,1) / (3,0) / (0,-3) / (-4,0) / (3,0) / (1,-4) / (-2,0) / (2,-5) / (6,-2) / (5,-4)",4,"(0,2)/(2,0)/(1,-4)/(3,3)/(2,-2)"
NorthBattlefordCubeDay2025,3.33,f,A,0,4,"(-2,0) / (5,-1) / (0,3) / (1,-2) / (-3,0) / (5,0) / (0,-3) / (4,0) / (0,-1) / (0,-4) / (0,-3) / (6,-2) / (6,-1)",5,"(-2,1)/(-2,-3)/(0,-4)/(1,-4)/(3,0)/(2,-2)"
NorthBattlefordCubeDay2025,3.33,f,A,0,5,"(0,2) / (4,4) / (0,-3) / (5,-4) / (3,0) / (3,0) / (6,-5) / (-3,0) / (6,-1) / (1,0) / (-3,-5) /",2,"(3,-1)/(6,3)/"
NorthBattlefordCubeDay2025,3.33,f,A,1,1,"(0,-4) / (0,3) / (6,0) / (4,-2) / (5,-1) / (6,-3) / (0,-5) / (-3,0) / (4,-1) / (-4,-2) / (-2,0) /",4,"(6,0)/(-2,2)/(-4,1)/(3,0)/"
NorthBattlefordCubeDay2025,3.33,f,A,1,2,"(3,5) / (4,1) / (0,-3) / (5,-4) / (4,-5) / (5,0) / (0,-3) / (0,-1) / (0,-2) / (-2,0) / (0,-2) / (2,0) / (3,-4)",6,"(1,-4)/(2,2)/(1,-4)/(-2,-2)/(2,1)/(3,3)/"
NevadaChampionship2025,3.33,f,A,0,1,"(-2,0) / (-1,-4) / (4,-5) / (0,-3) / (5,-4) / (3,0) / (4,0) / (0,-3) / (0,-2) / (-4,0) / (6,-2) / (1,0) / (6,-2)",5,"(-2,-2)/(-1,0)/(2,-3)/(1,2)/(3,0)/(2,-2)"
NevadaChampionship2025,3.33,f,A,0,2,"(0,-4) / (1,1) / (0,-3) / (-1,-4) / (3,0) / (0,-3) / (4,-3) / (-3,0) / (3,0) / (-4,-2) /",3,"/(1,2)/(3,0)/(2,-2)"
NevadaChampionship2025,3.33,f,A,0,3,"(0,-1) / (-3,0) / (0,3) / (1,-2) / (3,0) / (6,0) / (-3,-1) / (3,0) / (2,-3) / (0,-2) / (-4,0) / (-5,-2) / (0,-2)",5,"(-4,0)/(2,1)/(-2,3)/(1,2)/(3,0)/(2,-2)"
NevadaChampionship2025,3.33,f,A,0,4,"(-5,3) / (0,3) / (0,-3) / (3,-3) / (5,-4) / (0,-2) / (3,0) / (0,-4) / (1,0) / (4,0) / (-3,-4) / (-4,-4)",5,"(-2,-2)/(-2,-3)/(0,-4)/(1,-4)/(3,0)/(2,-2)"
NevadaChampionship2025,3.33,f,A,0,5,"(0,5) / (-2,1) / (0,3) / (5,-4) / (0,-3) / (-3,-3) / (1,0) / (0,-3) / (3,-3) / (-2,0) / (0,-1) / (6,0) / (0,-4)",3,"(0,-2)/(1,2)/(6,-3)/"
NevadaChampionship2025,3.33,f,A,1,1,"(-3,5) / (-5,4) / (0,-3) / (6,0) / (0,-3) / (5,-4) / (-5,0) / (3,0) / (0,-5) / (-4,0) / (3,0) / (1,0) /",4,"(2,0)/(3,0)/(1,2)/(6,-3)/"
NevadaChampionship2025,3.33,f,A,1,2,"(1,0) / (5,2) / (4,-5) / (2,-1) / (0,-3) / (0,-3) / (-5,0) / (3,0) / (0,-5) / (-3,-4) / (-4,-5) / (-4,0)",3,"(4,0)/(1,-4)/(3,0)/(2,-2)"
NZSouthIslandChampionship2025,3.33,2,A,0,1,"(1,0) / (-4,5) / (4,-5) / (5,-1) / (4,-2) / (0,-4) / (3,0) / (0,-3) / (4,-4) / (-4,-2) / (2,-1)",4,"(2,1)/(4,2)/(-4,1)/(3,0)/"
NZSouthIslandChampionship2025,3.33,2,A,0,2,"(1,3) / (0,-3) / (0,3) / (-4,-1) / (-3,0) / (6,-5) / (-3,-3) / (2,0) / (1,-5) / (5,0)",3,"(1,0)/(2,0)/(3,3)/"
NZSouthIslandChampionship2025,3.33,2,A,0,3,"(-2,-3) / (6,0) / (0,3) / (0,-3) / (2,-4) / (3,0) / (1,-3) / (-3,-3) / (1,0) / (0,-2) / (4,-2) / (-4,-4) /",4,"(6,0)/(0,4)/(1,-4)/(3,3)/(2,-2)"
NZSouthIslandChampionship2025,3.33,2,A,0,4,"(0,-1) / (3,-3) / (-5,4) / (3,0) / (-4,0) / (-3,0) / (4,0) / (-1,-1) / (1,0) / (2,0) / (0,-2) / (-2,-1) / (3,0)",6,"(2,-2)/(-4,0)/(0,2)/(2,-2)/(3,2)/(3,0)/(2,-2)"
NZSouthIslandChampionship2025,3.33,2,A,0,5,"(4,0) / (6,-3) / (3,3) / (5,-1) / (0,-3) / (0,-3) / (4,0) / (-3,0) / (5,0) / (-3,-2) / (-3,0) / (-5,0) /",3,"(5,-1)/(1,3)/(3,0)/(2,-2)"
NZSouthIslandChampionship2025,3.33,2,A,1,1,"(4,0) / (2,-4) / (3,3) / (3,0) / (4,-2) / (-3,0) / (-4,0) / (3,0) / (6,0) / (-2,0) / (-3,-1) /",2,"(3,-3)/(3,6)/"
NZSouthIslandChampionship2025,3.33,2,A,1,2,"(-5,0) / (-3,3) / (-4,-4) / (3,0) / (4,-5) / (5,-3) / (-3,0) / (-3,-1) / (1,0) / (4,-3) / (-3,-4) / (1,0)",5,"(0,-2)/(-4,0)/(3,2)/(1,2)/(6,-3)/"
UCDCubeDays2025,3.33,c,B,0,1,"(0,-1) / (-3,-3) / (0,3) / (1,-2) / (6,0) / (-1,0) / (-3,-3) / (-2,-1) / (-4,0) / (4,0) / (0,-5)",5,"(2,-1)/(-4,0)/(2,0)/(2,1)/(3,3)/"
UCDCubeDays2025,3.33,c,B,0,2,"(0,-1) / (0,-3) / (-3,0) / (-2,-5) / (0,-3) / (0,-3) / (0,-4) / (6,-3) / (-5,-4) / (-4,0) / (0,-2) / (0,-1) / (0,-2) / (0,-3)",6,"(2,-2)/(2,2)/(-2,1)/(-4,0)/(1,-4)/(6,-3)/"
UCDCubeDays2025,3.33,c,B,0,3,"(-3,-4) / (6,0) / (0,3) / (-3,-3) / (-2,-5) / (3,0) / (0,-4) / (-3,0) / (5,-3) / (1,0) / (6,-2)",3,"(0,-4)/(1,-4)/(3,0)/(2,-2)"
UCDCubeDays2025,3.33,c,B,0,4,"(4,0) / (2,-4) / (1,4) / (-1,-4) / (-2,-5) / (6,-4) / (0,-3) / (-1,0) / (0,-2) / (0,-2) / (-5,-4) / (4,0)",6,"(2,2)/(0,-2)/(0,1)/(-2,3)/(1,2)/(3,0)/(2,-2)"
UCDCubeDays2025,3.33,c,B,0,5,"(-3,-4) / (4,1) / (2,-4) / (-3,0) / (3,-3) / (4,-3) / (3,0) / (3,-5) / (0,-4) / (0,-3) / (-5,-2)",2,"(2,-1)/(3,3)/"
UCDCubeDays2025,3.33,c,B,1,1,"(0,2) / (0,3) / (-5,4) / (-1,-4) / (3,0) / (6,0) / (-5,0) / (0,-3) / (3,-2) / (3,0) / (-3,-1)",2,"(3,-3)/(3,0)/(2,-2)"
UCDCubeDays2025,3.33,c,B,1,2,"(0,-1) / (0,3) / (-2,1) / (5,-4) / (3,0) / (6,0) / (-2,0) / (-3,0) / (3,0) / (2,-2) / (0,-4) / (1,0) / (6,0)",5,"(6,0)/(-1,0)/(0,4)/(1,-4)/(6,-3)/"
KuldigasPavasaris2025,3.33,f,A,0,1,"(0,-4) / (-3,6) / (0,3) / (-5,-5) / (0,-3) / (3,0) / (-3,-1) / (6,-3) / (-5,0) / (5,0) / (3,0) / (6,-2)",2,"(3,-1)/(3,3)/"
KuldigasPavasaris2025,3.33,f,A,0,2,"(0,5) / (0,3) / (4,-5) / (0,-3) / (-1,0) / (3,0) / (1,0) / (4,0) / (0,-4) / (0,-4) / (2,-5) / (0,-1) / (-3,0) / (3,-5)",7,"(2,-3)/(3,3)/(1,-4)/(2,-2)/(-2,2)/(2,1)/(3,3)/"
KuldigasPavasaris2025,3.33,f,A,0,3,"(4,0) / (-1,-4) / (-5,-2) / (0,-3) / (3,0) / (0,-3) / (-1,-3) / (-3,-3) / (-4,-3) / (-4,0) / (-5,-2) / (0,-2)",5,"(0,2)/(-1,-4)/(-2,2)/(3,2)/(3,3)/(2,-2)"
KuldigasPavasaris2025,3.33,f,A,0,4,"(-5,3) / (0,-3) / (-3,-3) / (-4,-1) / (3,0) / (-2,-3) / (3,0) / (6,0) / (-1,-2) / (-2,-4)",3,"(-4,-2)/(-4,1)/(6,-3)/(2,-2)"
KuldigasPavasaris2025,3.33,f,A,0,5,"(0,-4) / (4,-5) / (2,-1) / (1,-2) / (0,-3) / (-3,0) / (5,0) / (-3,-3) / (6,-3) / (-2,-2) / (4,0) / (-4,-2)",3,"(4,2)/(1,-4)/(3,3)/(2,-2)"
KuldigasPavasaris2025,3.33,f,A,1,1,"(0,-4) / (-5,1) / (-3,6) / (-4,-1) / (-3,0) / (3,0) / (1,0) / (-3,-3) / (5,-4) / (0,-4) / (0,-2) / (-5,-2) /",5,"(0,-5)/(1,2)/(-4,0)/(2,-3)/(3,3)/"
KuldigasPavasaris2025,3.33,f,A,1,2,"(0,2) / (-2,-2) / (-4,5) / (1,-2) / (5,-1) / (1,-3) / (-3,-3) / (-3,0) / (0,-4) / (2,-4) / (-4,-2)",4,"(4,2)/(4,-2)/(1,0)/(3,3)/(2,-2)"
DastrupDiverse2025,3.33,f,B,0,1,"(0,5) / (1,-2) / (0,-3) / (3,0) / (-3,0) / (0,-3) / (5,0) / (0,-3) / (4,0) / (5,0) / (-3,0) / (6,0)",3,"(3,-3)/(3,0)/(6,-3)/"
DastrupDiverse2025,3.33,f,B,0,2,"(-5,0) / (-3,0) / (0,3) / (-4,-4) / (0,-3) / (3,0) / (3,0) / (1,0) / (-3,-3) / (5,0) / (-2,-4) / (-2,0) / (6,-2)",4,"(0,2)/(2,-2)/(3,-2)/(3,3)/(2,-2)"
DastrupDiverse2025,3.33,f,B,0,3,"(-2,0) / (0,3) / (-3,0) / (2,-4) / (3,0) / (-2,-2) / (-1,-3) / (-3,0) / (3,-1) / (0,-5) / (-3,-2) / (2,0) / (-1,0)",5,"(1,0)/(-2,0)/(3,2)/(1,2)/(6,-3)/"
DastrupDiverse2025,3.33,f,B,0,4,"(-3,-4) / (0,-3) / (0,3) / (1,-5) / (-3,-3) / (0,-3) / (-1,0) / (6,-3) / (2,0) / (3,0) / (6,-5) / (4,0)",3,"(-4,0)/(1,2)/(3,0)/(2,-2)"
DastrupDiverse2025,3.33,f,B,0,5,"(-5,-3) / (0,3) / (-3,0) / (-4,-1) / (-3,-3) / (4,0) / (-3,0) / (-3,-2) / (0,-1) / (-2,-2) / (-2,-3)",4,"(2,-1)/(0,4)/(-4,1)/(6,-3)/(2,-2)"
DastrupDiverse2025,3.33,f,B,1,1,"(-3,2) / (1,1) / (-3,0) / (-1,-4) / (1,-5) / (0,-1) / (-3,0) / (0,-2) / (6,-1) / (4,-3) / (-5,0)",5,"(5,0)/(2,-2)/(0,-1)/(3,0)/(6,-3)/(2,-2)"
DastrupDiverse2025,3.33,f,B,1,2,"(0,2) / (6,3) / (0,6) / (0,-3) / (1,-2) / (-4,-3) / (-3,0) / (4,-3) / (2,-1) / (-3,0) /",3,"(4,-2)/(3,2)/(3,0)/(2,-2)"
HappyCrewCO2025,3.33,d,A,0,1,"(0,-4) / (-5,-2) / (-3,0) / (-4,-1) / (-3,0) / (3,0) / (0,-2) / (3,0) / (6,0) / (0,-1) / (0,-3) / (-5,0) / (-2,-3)",3,"(2,3)/(2,1)/(3,0)/"
HappyCrewCO2025,3.33,d,A,0,2,"(4,0) / (3,3) / (0,3) / (5,-4) / (3,-3) / (-5,-3) / (3,0) / (0,-3) / (3,0) / (3,0) / (-5,0) / (0,-2)",3,"(-4,-2)/(1,0)/(3,3)/(2,-2)"
HappyCrewCO2025,3.33,d,A,0,3,"(1,0) / (3,0) / (-1,-4) / (-2,-5) / (3,0) / (5,-4) / (4,0) / (-3,-3) / (5,0) / (-4,0) / (0,-4) / (1,0) / (4,0)",5,"(-4,0)/(-1,4)/(2,-2)/(3,2)/(3,3)/(2,-2)"
HappyCrewCO2025,3.33,d,A,0,4,"(4,-3) / (3,0) / (-4,2) / (-3,0) / (-3,0) / (-2,0) / (3,0) / (2,-5) / (0,-2) / (-4,-4) / (-2,0) / (5,-5)",5,"(1,-1)/(-2,2)/(-2,2)/(1,-4)/(3,0)/(2,-2)"
HappyCrewCO2025,3.33,d,A,0,5,"(-3,5) / (0,3) / (-2,1) / (3,0) / (0,-3) / (5,-1) / (-5,0) / (-3,0) / (5,0) / (-3,0) / (0,-5) / (0,-2) / (3,0) /",4,"(5,0)/(1,-4)/(2,3)/(6,-3)/(2,-2)"
HappyCrewCO2025,3.33,d,A,1,1,"(-2,0) / (5,5) / (-3,0) / (3,0) / (1,-5) / (0,-3) / (6,-4) / (-3,-3) / (5,0) / (0,-2) / (-2,0) / (-4,0) / (2,0) /",4,"/(-2,0)/(1,-4)/(3,3)/(2,-2)"
HappyCrewCO2025,3.33,d,A,1,2,"(0,-4) / (0,3) / (-5,1) / (-3,0) / (2,-4) / (0,-3) / (4,-3) / (6,-3) / (1,-3) / (-3,-4) / (3,0)",3,"(3,-3)/(3,0)/(6,-3)/(2,-2)"
RacinginRosemount2025,3.33,d,C,0,1,"(3,5) / (-2,-5) / (-3,0) / (-4,-4) / (0,-3) / (0,-3) / (-5,0) / (-3,-3) / (5,0) / (0,-4) / (-2,0) / (-4,-2) /",4,"(-2,2)/(2,0)/(1,-4)/(3,3)/(2,-2)"
RacinginRosemount2025,3.33,d,C,0,2,"(-5,-3) / (3,0) / (-1,-1) / (0,-3) / (3,0) / (4,-5) / (5,0) / (-3,-3) / (0,-5) / (4,0) / (-4,-2) / (0,-2) / (6,0)",4,"(0,-2)/(-2,0)/(1,-4)/(3,3)/(2,-2)"
RacinginRosemount2025,3.33,d,C,0,3,"(-2,3) / (-3,0) / (-1,5) / (1,-2) / (5,-4) / (-2,-3) / (3,0) / (0,-5) / (2,-1) / (-2,0) / (-3,0)",2,"(-3,0)/(6,-3)/(2,-2)"
RacinginRosemount2025,3.33,d,C,0,4,"(4,0) / (3,-3) / (6,0) / (-3,0) / (-4,-3) / (3,0) / (0,-4) / (-5,0) / (0,-4) / (2,0) / (1,0) / (2,-1) / (0,-2) / (4,0)",6,"(2,-3)/(2,0)/(-2,-1)/(2,0)/(-4,1)/(6,-3)/(2,-2)"
RacinginRosemount2025,3.33,d,C,0,5,"(1,0) / (6,0) / (-3,3) / (-3,0) / (-1,-4) / (-2,-3) / (-3,0) / (5,0) / (-2,0) / (-4,0) / (2,0) /",5,"(6,0)/(4,-2)/(2,-3)/(3,2)/(3,0)/(2,-2)"
RacinginRosemount2025,3.33,d,C,1,1,"(1,0) / (-4,2) / (4,-5) / (2,-1) / (4,-2) / (3,-4) / (-3,-3) / (5,-2) / (2,-2) / (-4,-2)",4,"(2,2)/(4,-2)/(2,1)/(3,3)/"
RacinginRosemount2025,3.33,d,C,1,2,"(0,-1) / (0,-3) / (-2,1) / (-3,-3) / (0,-3) / (0,-3) / (-4,0) / (3,0) / (0,-4) / (6,-2) / (0,-3) /",0,
WinterSideWroclaw2025,3.33,d,A,0,1,"(0,-1) / (-3,-3) / (-2,-2) / (-3,0) / (0,-3) / (-1,-1) / (0,-2) / (6,-3) / (-4,-3) / (-4,0) / (4,-2) / (6,-3)",5,"(0,-1)/(0,2)/(-2,0)/(1,-4)/(3,0)/(2,-2)"
WinterSideWroclaw2025,3.33,d,A,0,2,"(-5,0) / (0,-3) / (5,5) / (-2,-5) / (-4,-1) / (3,0) / (-2,0) / (-3,0) / (3,0) / (-4,-2) / (2,0) / (-2,-3) / (0,-4)",4,"(-4,1)/(0,-2)/(1,2)/(6,-3)/"
WinterSideWroclaw2025,3.33,d,A,0,3,"(0,-4) / (0,-3) / (1,4) / (-3,0) / (2,-4) / (6,0) / (-5,0) / (0,-3) / (3,0) / (0,-3) / (-3,0)",1,"(6,0)/"
WinterSideWroclaw2025,3.33,d,A,0,4,"(3,2) / (1,4) / (3,-3) / (-3,0) / (5,-4) / (6,-5) / (3,0) / (1,0) / (-2,-4) / (4,-5) / (-1,0) /",4,"(0,1)/(0,-2)/(1,2)/(6,-3)/"
WinterSideWroclaw2025,3.33,d,A,0,5,"(3,5) / (0,-3) / (-2,-2) / (-3,-3) / (3,0) / (-3,-4) / (3,0) / (6,0) / (0,-3) / (-1,0) / (6,-2)",2,"(3,3)/(3,0)/"
WinterSideWroclaw2025,3.33,d,A,1,1,"(3,-1) / (0,-3) / (3,0) / (-3,0) / (4,-5) / (0,-3) / (0,-4) / (-3,0) / (0,-3) / (5,0) / (2,-2) / (-2,-1) / (-4,0) /",6,"(2,-2)/(2,-3)/(0,4)/(2,0)/(-4,1)/(6,-3)/(2,-2)"
WinterSideWroclaw2025,3.33,d,A,1,2,"(0,-1) / (1,-5) / (2,5) / (4,-2) / (5,-4) / (4,0) / (3,0) / (-4,0) / (-3,0) / (-2,0) / (-2,0) / (2,-3) / (-2,0)",6,"(2,-2)/(4,-1)/(2,0)/(-2,-3)/(2,1)/(3,0)/"
BUAPIngenierosOpen2024,3.33,f,A,0,1,"(-5,0) / (2,-1) / (0,3) / (3,0) / (-2,-5) / (6,-3) / (5,0) / (3,0) / (3,-3) / (0,-5) / (4,0) / (-4,-4) / (6,0)",4,"(0,-2)/(4,0)/(1,-4)/(3,0)/(2,-2)"
BUAPIngenierosOpen2024,3.33,f,A,0,2,"(0,5) / (-2,-5) / (-3,0) / (6,-3) / (-3,-1) / (3,0) / (3,-5) / (5,0) / (-3,0) / (-4,-1) / (2,-5) / (-4,-2)",6,"(2,2)/(2,1)/(0,-4)/(2,3)/(2,1)/(3,0)/"
BUAPIngenierosOpen2024,3.33,f,A,0,3,"(4,0) / (-1,2) / (-5,-2) / (2,-1) / (-5,0) / (-3,-3) / (3,0) / (2,0) / (-4,0) / (0,-4) / (-5,-4) / (6,0)",5,"(6,0)/(-1,2)/(-2,2)/(3,2)/(3,3)/(2,-2)"
BUAPIngenierosOpen2024,3.33,f,A,0,4,"(0,2) / (0,-3) / (-2,-5) / (2,-1) / (-3,0) / (1,-5) / (0,-1) / (6,0) / (-3,0) / (0,-3) / (-3,-3) /",3,"(3,0)/(-3,0)/(3,6)/(2,-2)"
BUAPIngenierosOpen2024,3.33,f,A,0,5,"(3,-1) / (3,6) / (1,-5) / (-4,-1) / (4,-2) / (2,0) / (-3,0) / (6,-3) / (-3,-4)",2,"(3,1)/(6,-3)/(2,-2)"
BUAPIngenierosOpen2024,3.33,f,A,1,1,"(4,0) / (0,-3) / (-4,-1) / (1,-5) / (0,-3) / (3,0) / (-1,0) / (-3,-3) / (3,0) / (-1,-1) / (2,0) /",3,"/(2,1)/(3,3)/"
BUAPIngenierosOpen2024,3.33,f,A,1,2,"(4,0) / (-4,5) / (-3,0) / (3,0) / (-3,-3) / (-3,0) / (-3,-2) / (3,0) / (1,0) / (2,0) / (3,-4) / (-3,0) / (-4,0)",4,"(-5,0)/(3,-2)/(2,1)/(6,-3)/(2,-2)"
NinosHeroesJalisco2024,3.33,f,A,0,1,"(0,-1) / (1,1) / (3,0) / (5,-4) / (-3,0) / (-2,-2) / (0,-1) / (0,-3) / (5,-3) / (6,-3)",2,"(-5,0)/(3,0)/(2,-2)"
NinosHeroesJalisco2024,3.33,f,A,0,2,"(4,0) / (3,0) / (-4,-1) / (-5,-2) / (0,-3) / (-1,-3) / (0,-3) / (0,-1) / (3,-2) / (-2,0) / (-3,0) / (-2,-3) / (3,0)",6,"(2,1)/(1,-2)/(-1,0)/(0,2)/(1,-4)/(3,3)/(2,-2)"
NinosHeroesJalisco2024,3.33,f,A,0,3,"(-3,-4) / (-3,3) / (1,-2) / (0,-3) / (-1,-4) / (-2,-3) / (0,-3) / (-1,-3) / (-5,-5) / (-4,0) / (2,0)",2,"(1,-3)/(3,0)/(2,-2)"
NinosHeroesJalisco2024,3.33,f,A,0,4,"(0,5) / (-5,1) / (0,3) / (2,-1) / (0,-2) / (-3,0) / (0,-1) / (-4,0) / (4,0) / (-4,0) / (4,-3) / (0,-2) / (-2,-2)",6,"(2,-1)/(2,0)/(2,1)/(3,-2)/(1,2)/(6,-3)/"
NinosHeroesJalisco2024,3.33,f,A,0,5,"(-2,0) / (-4,-1) / (0,3) / (-3,-3) / (-2,-2) / (5,0) / (-3,-3) / (-2,-5) / (0,-2) / (4,0) / (2,0) / (-4,-2)",4,"(4,0)/(0,-4)/(1,-4)/(3,3)/(2,-2)"
NinosHeroesJalisco2024,3.33,f,A,1,1,"(0,2) / (0,3) / (-3,3) / (-5,-5) / (-3,0) / (-1,-4) / (4,0) / (3,0) / (3,0) / (-1,-3) / (-5,-2) / (-2,-1)",4,"(2,0)/(0,-3)/(2,1)/(3,0)/"
NinosHeroesJalisco2024,3.33,f,A,1,2,"(0,2) / (6,0) / (0,-3) / (-2,-2) / (0,-3) / (5,-1) / (-2,0) / (3,0) / (-4,0) / (-5,0) / (-2,-3) / (0,-2) / (-2,0) / (0,-1)",6,"(1,-1)/(1,2)/(2,0)/(3,2)/(1,2)/(6,-3)/"
DFWBacktoSchool2024,3.33,e,A,0,1,"(4,0) / (-4,-1) / (-5,4) / (-1,-1) / (-3,0) / (-2,0) / (-3,-3) / (-5,-2) / (-4,0) / (-2,0)",3,"(2,0)/(3,2)/(3,3)/(2,-2)"
DFWBacktoSchool2024,3.33,e,A,0,2,"(1,0) / (-4,-1) / (-5,-2) / (5,-1) / (3,-5) / (3,0) / (0,-3) / (3,-5) /",2,"(2,-3)/(6,-3)/(2,-2)"
DFWBacktoSchool2024,3.33,e,A,0,3,"(3,-1) / (3,0) / (-5,4) / (-4,-1) / (1,-2) / (-1,-3) / (-3,0) / (0,-3) / (-2,0) / (4,0) / (-1,0) / (-4,0) / (5,0)",5,"(1,-4)/(-1,2)/(-2,2)/(3,2)/(3,3)/(2,-2)"
DFWBacktoSchool2024,3.33,e,A,0,4,"(0,2) / (-2,-2) / (-4,-1) / (-3,0) / (-5,-2) / (3,0) / (0,-1) / (-3,0) / (-3,0) / (-4,-3) / (-5,0) / (0,-3) /",3,"(6,0)/(1,-4)/(6,-3)/"
DFWBacktoSchool2024,3.33,e,A,0,5,"(-2,0) / (0,6) / (0,3) / (3,0) / (0,-3) / (-4,-1) / (-3,0) / (1,0) / (6,-3) / (3,-4) / (0,-2) / (4,0) / (6,-3)",4,"(0,-3)/(0,-4)/(1,-4)/(3,0)/(2,-2)"
DFWBacktoSchool2024,3.33,e,A,1,1,"(1,3) / (-1,2) / (3,0) / (-3,0) / (1,-5) / (6,0) / (-1,0) / (3,0) / (1,-3) / (6,-1) / (3,-2) / (0,-3) /",5,"(3,2)/(-2,-3)/(0,4)/(2,1)/(6,-3)/(2,-2)"
DFWBacktoSchool2024,3.33,e,A,1,2,"(-2,0) / (-3,0) / (0,3) / (0,-3) / (6,0) / (5,-4) / (-5,0) / (-3,0) / (5,-2) / (-2,-4) / (-5,0) / (-2,-4) / (5,0) /",6,"(1,-3)/(4,-1)/(2,0)/(-2,0)/(-4,1)/(3,0)/"
FrenstatskyCubeTogether2024,3.33,d,B,0,1,"(1,0) / (-3,-3) / (0,3) / (2,-4) / (-5,-3) / (-3,-3) / (0,-4) / (-5,0) / (-5,-4) / (4,0) /",4,"(-4,2)/(-2,2)/(2,1)/(3,3)/"
FrenstatskyCubeTogether2024,3.33,d,B,0,2,"(-5,0) / (-4,2) / (-5,-2) / (5,-4) / (4,-5) / (-1,-3) / (0,-3) / (-3,-3) / (3,0) / (5,-2) / (0,-2) / (-2,0)",4,"(2,0)/(0,2)/(1,-4)/(3,3)/(2,-2)"
FrenstatskyCubeTogether2024,3.33,d,B,0,3,"(-2,3) / (-1,-4) / (-5,0) / (0,-3) / (-3,-2) / (2,-2) / (-2,0) / (1,0) / (2,0) / (0,-4) / (0,-3) / (0,-4)",6,"(-3,-2)/(2,-2)/(1,-2)/(2,-2)/(-3,-2)/(6,3)/(2,-2)"
FrenstatskyCubeTogether2024,3.33,d,B,0,4,"(0,-1) / (-2,-5) / (3,0) / (-1,-4) / (3,0) / (-5,-5) / (-4,0) / (3,0) / (-5,-3) / (3,0) / (-4,0)",2,"(3,-3)/(6,3)/(2,-2)"
FrenstatskyCubeTogether2024,3.33,d,B,0,5,"(3,2) / (-2,4) / (-4,-1) / (-5,-2) / (3,-3) / (-4,0) / (6,-3) / (6,-5) / (-2,-4) / (0,-2) / (6,0)",5,"(6,0)/(0,2)/(2,-2)/(3,2)/(3,0)/(2,-2)"
FrenstatskyCubeTogether2024,3.33,d,B,1,1,"(0,-4) / (1,4) / (-4,5) / (3,0) / (-3,0) / (6,-2) / (3,0) / (1,-4) / (-2,0) / (6,-4) / (0,-2)",5,"(2,2)/(4,-2)/(2,-3)/(2,3)/(3,0)/"
FrenstatskyCubeTogether2024,3.33,d,B,1,2,"(1,0) / (0,-3) / (0,-3) / (3,0) / (-1,-4) / (3,0) / (4,-3) / (0,-3) / (-3,-3) / (0,-3) / (5,0) /",0,"(3,-2)"
SiedlceOpen2024,3.33,f,A,0,1,"(0,2) / (-2,-5) / (0,6) / (-3,0) / (5,-1) / (4,-2) / (5,0) / (0,-3) / (6,-3) / (-4,-2) / (-3,-2) / (3,0)",4,"(-3,0)/(3,2)/(1,2)/(6,-3)/"
SiedlceOpen2024,3.33,f,A,0,2,"(4,0) / (5,5) / (4,-2) / (0,-3) / (3,0) / (-1,-4) / (0,-5) / (6,0) / (-3,0) / (0,-4) / (1,0) / (4,-4)",3,"(2,-2)/(1,-4)/(6,-3)/"
SiedlceOpen2024,3.33,f,A,0,3,"(0,-4) / (0,-3) / (1,-2) / (3,-3) / (6,-1) / (6,-3) / (0,-4) / (-5,0) / (-5,0) / (0,-2) / (0,-1) / (6,-4) / (-5,0)",6,"(3,-2)/(-4,0)/(0,1)/(-2,3)/(1,2)/(3,0)/(2,-2)"
SiedlceOpen2024,3.33,f,A,0,4,"(0,2) / (3,-3) / (-3,0) / (1,-2) / (-3,-3) / (-3,0) / (5,0) / (-3,-3) / (-4,-5) / (-2,0)",3,"(2,0)/(1,-4)/(3,3)/(2,-2)"
SiedlceOpen2024,3.33,f,A,0,5,"(1,-3) / (-4,5) / (4,-2) / (-3,0) / (0,-3) / (3,-4) / (-3,-3) / (-5,0) / (4,0) / (0,-4) / (4,0) / (-2,0)",4,"(4,-2)/(0,4)/(1,-4)/(3,3)/(2,-2)"
SiedlceOpen2024,3.33,f,A,1,1,"(-5,-3) / (-4,-4) / (-3,0) / (-2,-2) / (-3,0) / (0,-3) / (-4,0) / (3,0) / (1,-3) / (6,-1) / (6,-2)",3,"(0,-4)/(1,2)/(6,-3)/"
SiedlceOpen2024,3.33,f,A,1,2,"(0,5) / (-5,-5) / (-3,0) / (5,-4) / (4,-2) / (-1,-3) / (3,0) / (-3,-4) / (1,0) / (3,-4) / (6,-1) / (4,0)",5,"(2,2)/(-5,0)/(-2,3)/(2,1)/(3,0)/"
OhioStateSpring2024,3.33,d,A,0,1,"(0,2) / (1,-5) / (3,0) / (2,-1) / (3,-3) / (3,0) / (4,0) / (0,-3) / (0,-2) / (0,-1) / (-4,0) / (0,-3) / (4,0) / (-4,0)",5,"(4,-2)/(-2,-3)/(-4,0)/(1,-4)/(6,-3)/"
OhioStateSpring2024,3.33,d,A,0,2,"(1,0) / (-3,6) / (-1,5) / (3,0) / (-3,0) / (-5,-2) / (0,-1) / (-3,0) / (0,-3) / (1,0) / (2,-2) / (4,0) / (6,0) /",5,"(4,0)/(2,-1)/(2,2)/(2,1)/(3,3)/"
OhioStateSpring2024,3.33,d,A,0,3,"(0,-4) / (4,4) / (0,-3) / (2,-4) / (-3,-3) / (-3,0) / (0,-5) / (3,-3) / (-3,0) / (-2,0) / (-1,0) / (6,0)",4,"(6,0)/(1,0)/(2,0)/(6,-3)/(2,-2)"
OhioStateSpring2024,3.33,d,A,0,4,"(0,-1) / (6,0) / (1,1) / (0,-3) / (0,-3) / (2,-4) / (1,0) / (0,-3) / (-3,-2) / (5,-4) / (4,0) / (6,-4)",3,"(0,-2)/(1,-4)/(6,-3)/"
OhioStateSpring2024,3.33,d,A,0,5,"(3,5) / (-2,4) / (-3,0) / (0,-3) / (-4,-1) / (3,-2) / (-3,-3) / (-3,0) / (5,-5) / (2,-4)",3,"(4,-2)/(2,1)/(3,3)/"
OhioStateSpring2024,3.33,d,A,1,1,"(0,-4) / (0,3) / (-3,0) / (-5,-2) / (0,-3) / (6,0) / (-3,-4) / (-3,-3) / (-1,-2) / (-4,0) / (2,-4) / (3,-4) /",3,"(-4,-2)/(-4,1)/(6,-3)/(2,-2)"
OhioStateSpring2024,3.33,d,A,1,2,"(-3,-4) / (-2,-5) / (0,-3) / (3,0) / (0,-3) / (2,-4) / (-5,0) / (-3,-3) / (1,-4) / (4,0) / (0,-2) / (-4,0) /",5,"(2,2)/(2,0)/(4,2)/(2,-3)/(3,3)/"
RenoWinter2024,3.33,c,A,0,1,"(6,-4) / (4,-2) / (-3,0) / (3,0) / (-4,-1) / (6,-5) / (3,0) / (0,-4) / (1,-2)",2,"(2,-3)/(3,0)/"
RenoWinter2024,3.33,c,A,0,2,"(1,0) / (3,0) / (0,-3) / (-4,-4) / (-5,-5) / (5,-4) / (-2,0) / (-3,0) / (5,-2) / (-2,-4) / (1,0) / (-2,0) /",4,"(4,-2)/(2,-2)/(3,-2)/(3,3)/(2,-2)"
RenoWinter2024,3.33,c,A,0,3,"(-5,0) / (5,2) / (0,-3) / (3,0) / (-2,-2) / (5,0) / (3,0) / (0,-4) / (1,0) / (-2,0) / (-4,0) / (-5,0) / (2,0) / (-3,0)",5,"(-3,2)/(-1,-2)/(0,4)/(1,-4)/(6,-3)/"
RenoWinter2024,3.33,c,A,0,4,"(0,-1) / (-5,1) / (-4,5) / (0,-3) / (-5,-2) / (3,0) / (0,-1) / (0,-3) / (-1,0) / (-3,-4) / (-5,0) / (4,0) / (-1,0) /",4,"(6,0)/(0,-4)/(2,1)/(6,-3)/(2,-2)"
RenoWinter2024,3.33,c,A,0,5,"(-3,5) / (-2,1) / (3,-3) / (5,-1) / (3,0) / (-3,-2) / (0,-3) / (4,0) / (5,-3) / (0,-3) / (6,0)",0,
RenoWinter2024,3.33,c,A,1,1,"(0,2) / (-3,0) / (-5,-2) / (0,-3) / (-1,-1) / (-2,0) / (-3,0) / (0,-3) / (1,-3) / (5,-2) / (-4,0) / (0,-4) / (-4,0)",6,"(2,-1)/(2,0)/(2,0)/(-2,-3)/(2,1)/(3,0)/"
RenoWinter2024,3.33,c,A,1,2,"(-3,2) / (-3,6) / (1,-5) / (3,-3) / (2,0) / (-3,0) / (4,0) / (5,0) / (-2,0) / (0,-4) / (4,0) / (-3,-4)",5,"(3,0)/(2,-2)/(0,-2)/(1,2)/(6,-3)/"
NewEnglandChampionship2023,3.33,d,B,0,1,"(6,-1) / (4,-5) / (-3,0) / (5,-1) / (-3,0) / (-2,0) / (0,-3) / (0,-2) / (-3,0) / (0,-4) /",2,"(3,-3)/(6,-3)/"
NewEnglandChampionship2023,3.33,d,B,0,2,"(0,2) / (0,3) / (4,1) / (-3,0) / (5,-4) / (3,-3) / (1,0) / (3,0) / (0,-3) / (0,-3) / (3,0)",1,"(6,6)/(2,-2)"
NewEnglandChampionship2023,3.33,d,B,0,3,"(3,-4) / (4,-5) / (3,-3) / (5,-1) / (0,-3) / (4,0) / (6,-3) / (1,0) / (6,-2) / (2,0) / (0,-4)",5,"(0,4)/(-2,0)/(2,-2)/(1,0)/(6,-3)/"
NewEnglandChampionship2023,3.33,d,B,0,4,"(1,0) / (-3,0) / (2,5) / (3,-3) / (6,0) / (0,-2) / (-3,0) / (-2,0) / (6,-1) / (3,-2) /",5,"(6,0)/(0,2)/(2,-2)/(2,3)/(3,0)/"
NewEnglandChampionship2023,3.33,d,B,0,5,"(-3,-1) / (0,-3) / (0,-3) / (-3,0) / (-2,-5) / (6,0) / (-1,-3) / (3,0) / (0,-3) / (0,-5) / (0,-1) / (1,-2) / (-2,-3)",4,"(2,-1)/(0,4)/(-4,1)/(6,-3)/(2,-2)"
NewEnglandChampionship2023,3.33,d,B,1,1,"(0,-4) / (3,0) / (-2,1) / (6,0) / (0,-3) / (0,-1) / (-3,0) / (5,-2) / (-2,0) / (-4,0) / (2,-3) / (-4,-4) / (0,-4) /",5,"(6,0)/(-3,-2)/(-3,2)/(1,2)/(6,-3)/"
NewEnglandChampionship2023,3.33,d,B,1,2,"(0,-4) / (0,-3) / (-5,1) / (-4,-1) / (0,-3) / (-5,0) / (-3,0) / (-3,0) / (0,-3) / (0,-2) / (0,-1) / (4,-1) / (0,-4) / (-2,0)",4,"(2,0)/(3,-2)/(1,2)/(6,-3)/"
PingtungSummerOpen2023,3.33,d,A,0,1,"(4,0) / (-3,-3) / (6,0) / (0,-3) / (-3,0) / (-4,-1) / (1,0) / (0,-3) / (-1,0) / (0,-4) / (0,-2) / (3,0) / (-5,0)",5,"(-2,-2)/(-1,4)/(2,-3)/(1,2)/(3,0)/(2,-2)"
PingtungSummerOpen2023,3.33,d,A,0,2,"(4,0) / (-4,5) / (-2,1) / (0,-3) / (-1,-4) / (0,-3) / (1,0) / (-3,0) / (5,-3) / (-3,0) / (2,0) / (-5,-2)",4,"(-1,-4)/(1,-4)/(2,3)/(6,-3)/(2,-2)"
PingtungSummerOpen2023,3.33,d,A,0,3,"(-3,5) / (0,6) / (-3,0) / (-5,-2) / (6,-3) / (-4,0) / (3,0) / (-3,0) / (4,-4) / (-2,0) / (6,-5) / (-1,0)",5,"(1,0)/(0,-1)/(0,2)/(-4,1)/(3,0)/"
PingtungSummerOpen2023,3.33,d,A,0,4,"(4,0) / (-4,2) / (4,-5) / (5,-4) / (0,-3) / (3,0) / (0,-5) / (-3,0) / (3,0) / (0,-3) / (0,-1) / (0,-2)",2,"(1,-4)/(6,-3)/"
PingtungSummerOpen2023,3.33,d,A,0,5,"(-5,0) / (3,6) / (-1,-4) / (1,-2) / (6,0) / (0,-3) / (-1,0) / (3,-3) / (0,-3) / (3,0) / (0,-2) / (0,-4) /",3,"/(2,1)/(6,-3)/(2,-2)"
PingtungSummerOpen2023,3.33,d,A,1,1,"(-2,0) / (-1,-4) / (1,1) / (-3,0) / (0,-3) / (-1,-3) / (3,0) / (-3,0) / (0,-4) / (3,-4) / (0,-2) / (-5,-2)",5,"(-1,-2)/(0,4)/(2,0)/(1,-4)/(6,-3)/"
PingtungSummerOpen2023,3.33,d,A,1,2,"(0,2) / (0,-3) / (-3,-3) / (3,0) / (-5,-5) / (3,0) / (-3,-1) / (-3,-3) / (5,0) / (4,-2) / (-2,-2)",3,"(4,-2)/(3,-2)/(3,3)/(2,-2)"
GotlandOpen2023,3.33,f,B,0,1,"(0,2) / (-5,-2) / (0,-3) / (0,-3) / (-4,-4) / (3,0) / (-3,-2) / (6,-3) / (-3,0) / (0,-3) / (0,-3) /",2,"(-3,0)/(6,-3)/(2,-2)"
GotlandOpen2023,3.33,f,B,0,2,"(-5,0) / (-3,0) / (-3,6) / (3,0) / (-4,-1) / (6,-2) / (3,-3) / (0,-3) / (6,0)",2,"(3,-3)/(3,6)/"
GotlandOpen2023,3.33,f,B,0,3,"(0,-1) / (3,-3) / (0,-3) / (-2,-2) / (-1,-1) / (-5,0) / (-3,-3) / (1,0) / (4,-2) / (0,-2) / (-5,0) / (0,-3) /",5,"(1,0)/(4,0)/(0,-4)/(1,-4)/(3,0)/(2,-2)"
GotlandOpen2023,3.33,f,B,0,4,"(0,5) / (-2,4) / (3,3) / (3,0) / (-1,0) / (0,-3) / (-3,-1) / (0,-5) / (1,-2) / (6,0)",4,"(2,0)/(0,4)/(1,-4)/(6,-3)/"
GotlandOpen2023,3.33,f,B,0,5,"(4,0) / (0,3) / (5,2) / (0,-3) / (-3,-3) / (-3,0) / (-2,-3) / (-3,0) / (0,-3) / (-1,0) / (0,-5) / (-4,-3) / (-1,-2)",5,"(1,-4)/(-2,0)/(2,-2)/(-3,-2)/(6,3)/(2,-2)"
GotlandOpen2023,3.33,f,B,1,1,"(4,-3) / (0,3) / (-3,0) / (0,-3) / (-1,-4) / (0,-3) / (0,-2) / (3,0) / (1,-4) / (4,0) / (5,0) / (-2,0) / (3,0) /",5,"(-4,1)/(2,0)/(2,-3)/(2,1)/(3,0)/"
GotlandOpen2023,3.33,f,B,1,2,"(-2,0) / (-1,2) / (3,3) / (-3,0) / (3,0) / (-5,-5) / (-1,0) / (-3,0) / (0,-3) / (4,-3) / (2,0) / (-4,0)",4,"(4,1)/(3,-1)/(3,0)/(6,-3)/(2,-2)"
PoznanMBLDCup2023,3.33,f,A,0,1,"(-5,0) / (-4,5) / (4,-5) / (3,-3) / (5,-4) / (6,-5) / (-3,0) / (0,-1) / (-2,0) / (-2,0) / (-2,0) / (0,-2) / (6,0)",4,"(2,-3)/(-2,-2)/(1,-4)/(3,3)/(2,-2)"
PoznanMBLDCup2023,3.33,f,A,0,2,"(-2,-3) / (2,-1) / (3,0) / (-2,-5) / (3,0) / (6,-4) / (-3,-3) / (0,-4) / (0,-5) / (-5,-2) / (0,-4) / (0,-3) /",5,"(-2,0)/(4,1)/(-4,0)/(3,2)/(3,3)/(2,-2)"
PoznanMBLDCup2023,3.33,f,A,0,3,"(-2,0) / (3,3) / (2,-1) / (-3,-3) / (3,0) / (-2,-3) / (3,0) / (0,-3) / (-2,0) / (-4,0) / (0,-4) / (1,-4)",4,"(3,-2)/(4,0)/(3,2)/(3,0)/(2,-2)"
PoznanMBLDCup2023,3.33,f,A,0,4,"(1,3) / (5,2) / (1,-2) / (-1,-1) / (3,0) / (6,-2) / (-3,-3) / (-4,0) / (-5,-5) / (6,0)",2,"(2,0)/(3,3)/"
PoznanMBLDCup2023,3.33,f,A,0,5,"(1,0) / (0,3) / (-3,0) / (3,0) / (5,-4) / (6,0) / (-3,-2) / (-3,0) / (-2,-1) / (-2,0) / (6,-5) / (5,-4) /",5,"(1,-2)/(-1,0)/(0,2)/(1,2)/(6,-3)/"
PoznanMBLDCup2023,3.33,f,A,1,1,"(1,0) / (-1,5) / (4,-2) / (0,-3) / (2,0) / (0,-3) / (3,0) / (-1,0) / (1,0) / (-5,-1)",2,"(2,1)/(6,-3)/(2,-2)"
PoznanMBLDCup2023,3.33,f,A,1,2,"(-5,0) / (2,5) / (0,3) / (3,0) / (6,0) / (0,-2) / (3,0) / (-5,0) / (2,0) / (0,-4) / (-2,-4) / (2,0) / (3,0) / (5,0)",6,"(1,-4)/(2,1)/(2,0)/(2,3)/(1,2)/(3,0)/(2,-2)"
PleaseBeQuietEvanston2023,3.33,2,A,0,1,"(0,2) / (3,0) / (1,4) / (5,-4) / (1,-5) / (0,-3) / (5,0) / (-3,-3) / (-2,-5) / (6,-2) / (4,0)",3,"(-4,0)/(2,1)/(3,3)/"
PleaseBeQuietEvanston2023,3.33,2,A,0,2,"(0,-1) / (3,-3) / (4,-5) / (0,-3) / (2,-1) / (4,0) / (0,-3) / (3,-3) / (-3,0) / (0,-5) /",3,"(5,-1)/(3,1)/(3,0)/"
PleaseBeQuietEvanston2023,3.33,2,A,0,3,"(0,2) / (-2,1) / (5,-4) / (4,-2) / (0,-3) / (0,-1) / (3,0) / (2,-3) / (0,-3) / (-5,0) / (3,0)",3,"(3,-3)/(-3,0)/(6,3)/(2,-2)"
PleaseBeQuietEvanston2023,3.33,2,A,0,4,"(0,-1) / (0,3) / (1,1) / (5,-4) / (3,0) / (6,0) / (-5,0) / (-3,-3) / (-1,0) / (2,-4) / (2,0) / (-1,-4) /",5,"(0,2)/(-1,-4)/(-2,2)/(3,2)/(3,3)/(2,-2)"
PleaseBeQuietEvanston2023,3.33,2,A,0,5,"(0,-4) / (-2,-5) / (-3,0) / (2,-4) / (3,0) / (-3,0) / (4,-3) / (0,-3) / (-1,0) / (1,0) / (-4,0) / (2,0) / (6,-3) /",5,"(-3,0)/(-2,3)/(0,4)/(2,1)/(6,-3)/(2,-2)"
PleaseBeQuietEvanston2023,3.33,2,A,1,1,"(0,-4) / (0,-3) / (1,-5) / (2,-1) / (0,-3) / (1,0) / (-3,-3) / (-1,0) / (0,-4) / (-4,-4) / (2,0) / (-2,-4)",4,"(-2,0)/(4,0)/(1,-4)/(3,3)/(2,-2)"
PleaseBeQuietEvanston2023,3.33,2,A,1,2,"(1,0) / (5,5) / (3,0) / (-3,0) / (3,-3) / (6,-2) / (-3,0) / (4,0) / (5,0) / (-4,0) / (3,-4) / (4,0) / (-1,-2)",5,"(-2,2)/(-1,-2)/(0,4)/(1,-4)/(6,-3)/"
CMTGrandJunction2023,3.33,f,A,0,1,"(0,5) / (0,3) / (-2,1) / (0,-3) / (0,-3) / (3,0) / (6,0) / (-4,0) / (-3,-3) / (6,-1) / (-4,0) / (-4,0)",4,"(4,0)/(2,-2)/(2,-3)/(3,3)/"
CMTGrandJunction2023,3.33,f,A,0,2,"(0,-4) / (0,6) / (-5,4) / (0,-3) / (-1,-1) / (-2,-2) / (-1,0) / (0,-3) / (-2,-3) / (0,-4) / (-4,-4) / (-4,0) /",4,"(0,4)/(2,-2)/(-4,1)/(6,-3)/(2,-2)"
CMTGrandJunction2023,3.33,f,A,0,3,"(-2,0) / (0,-3) / (2,-1) / (3,0) / (3,-3) / (4,-5) / (0,-1) / (-3,0) / (3,-3) / (5,0) / (0,-3) / (-5,0)",2,"(3,-3)/(3,6)/"
CMTGrandJunction2023,3.33,f,A,0,4,"(3,-1) / (0,3) / (-5,1) / (-3,0) / (2,-4) / (6,0) / (-2,0) / (-3,-3) / (0,-2) / (5,0) / (5,-4) / (0,-4) /",4,"(2,2)/(2,-2)/(2,1)/(3,3)/"
CMTGrandJunction2023,3.33,f,A,0,5,"(4,0) / (3,0) / (2,2) / (0,-3) / (-3,0) / (1,-2) / (-4,-3) / (-3,0) / (3,-1) / (4,0) / (6,0)",1,"(3,0)/(2,-2)"
CMTGrandJunction2023,3.33,f,A,1,1,"(-5,0) / (5,-1) / (0,3) / (-3,0) / (-3,0) / (1,-5) / (2,0) / (0,-3) / (6,-1) / (4,0) / (0,-4) / (2,-2) / (0,-4)",5,"(3,2)/(-5,0)/(3,-2)/(2,1)/(6,-3)/(2,-2)"
CMTGrandJunction2023,3.33,f,A,1,2,"(-2,0) / (-3,6) / (-3,0) / (2,-1) / (-2,-5) / (6,-1) / (0,-3) / (3,0) / (-2,-4) / (4,0) / (6,0)",4,"(6,0)/(-4,0)/(2,1)/(3,0)/"
MonterreyBogotaII2023,3.33,c,B,0,1,"(1,0) / (-4,-1) / (4,4) / (0,-3) / (2,-4) / (3,-5) / (-3,0) / (-2,0) / (5,0) / (-4,-1) / (1,0) / (-4,-5) /",5,"(2,2)/(-2,-3)/(2,-3)/(2,1)/(3,0)/"
MonterreyBogotaII2023,3.33,c,B,0,2,"(0,5) / (1,-2) / (-4,5) / (-3,0) / (3,0) / (4,-3) / (0,-3) / (-3,0) / (0,-4) / (2,0) / (1,0) / (6,-4) / (4,0) /",5,"(2,-2)/(-2,-3)/(-2,3)/(1,2)/(3,0)/(2,-2)"
MonterreyBogotaII2023,3.33,c,B,0,3,"(-5,0) / (-3,0) / (-4,5) / (-3,-5) / (-3,-3) / (4,-1) / (6,-2) / (0,-2) / (2,-2) / (2,-1) / (0,-2) / (4,0)",5,"(4,-1)/(-2,3)/(2,-3)/(2,1)/(3,0)/"
MonterreyBogotaII2023,3.33,c,B,0,4,"(0,2) / (-3,0) / (-5,-2) / (2,-1) / (0,-3) / (6,-3) / (1,0) / (0,-3) / (0,-2) / (-4,-1) / (-2,0) /",1,"(6,3)/"
MonterreyBogotaII2023,3.33,c,B,0,5,"(-3,5) / (1,-5) / (-1,-4) / (0,-3) / (4,-5) / (-3,-1) / (3,0) / (-4,-3) / (-3,-2) / (0,-2) / (1,0)",5,"(5,0)/(2,0)/(1,-4)/(2,3)/(6,-3)/(2,-2)"
MonterreyBogotaII2023,3.33,c,B,1,1,"(-2,0) / (5,-4) / (3,-3) / (0,-3) / (1,-5) / (3,0) / (2,0) / (6,-3) / (2,-3) / (0,-5) / (3,0) /",1,"(3,-3)/(2,-2)"
MonterreyBogotaII2023,3.33,c,B,1,2,"(3,2) / (1,4) / (0,-3) / (0,-3) / (-1,-1) / (-5,0) / (-3,-3) / (-1,0) / (0,-4) / (0,-2) / (-2,-2) /",4,"(-2,0)/(-2,0)/(2,1)/(3,3)/"
SquockholmOpen2023,3.33,f,A,0,1,"(-5,0) / (6,3) / (0,3) / (0,-3) / (-4,-1) / (6,-3) / (-2,0) / (-3,-3) / (3,0) / (2,-4) / (-5,0) /",3,"(1,1)/(2,0)/(3,3)/"
SquockholmOpen2023,3.33,f,A,0,2,"(4,-3) / (-4,2) / (0,-3) / (-5,-2) / (0,-3) / (-3,-1) / (-3,0) / (5,-2) / (4,0) / (-2,-1) / (2,0) / (2,0) /",5,"(2,1)/(1,2)/(-2,0)/(-4,1)/(3,0)/"
SquockholmOpen2023,3.33,f,A,0,3,"(0,-4) / (6,3) / (-5,1) / (0,-3) / (6,-3) / (6,-1) / (-3,0) / (5,-2) / (0,-4) / (3,0) / (0,-4) / (0,-2) /",5,"(4,0)/(2,3)/(-2,3)/(1,2)/(3,0)/(2,-2)"
SquockholmOpen2023,3.33,f,A,0,4,"(1,3) / (-1,-4) / (3,-3) / (-2,-5) / (-3,0) / (6,-4) / (-3,-3) / (-1,0) / (-2,-4) / (4,0) / (-4,0)",3,"(4,2)/(3,2)/(3,3)/(2,-2)"
SquockholmOpen2023,3.33,f,A,0,5,"(-3,5) / (0,3) / (-2,4) / (3,0) / (-3,0) / (-1,-1) / (4,0) / (3,-3) / (-3,0) / (6,0) / (0,-4) /",3,"(1,-2)/(2,0)/(3,0)/"
SquockholmOpen2023,3.33,f,A,1,1,"(0,5) / (-3,0) / (3,0) / (0,-3) / (1,-5) / (3,0) / (-3,0) / (2,0) / (-3,0) / (3,-3) / (-2,0) / (-1,0) / (4,0) / (-2,0)",4,"(2,0)/(-4,0)/(1,-4)/(6,-3)/"
SquockholmOpen2023,3.33,f,A,1,2,"(-3,-4) / (3,-3) / (-2,-5) / (3,-3) / (0,-3) / (6,-4) / (0,-3) / (3,0) / (0,-4) / (0,-5) / (6,-4) / (-1,0)",5,"(1,4)/(-4,0)/(-2,0)/(1,-4)/(3,0)/(2,-2)"
MinnesotaSlice2023,3.33,d,B,0,1,"(4,0) / (-3,-3) / (0,3) / (2,-4) / (6,0) / (0,-3) / (0,-2) / (0,-3) / (-3,-3) / (0,-3) / (6,0)",0,
MinnesotaSlice2023,3.33,d,B,0,2,"(-5,0) / (6,0) / (-1,-4) / (-3,-3) / (-2,0) / (6,-3) / (1,0) / (-4,0) / (-2,0) / (1,0) / (-4,-3)",5,"(4,0)/(-1,0)/(2,0)/(1,-4)/(6,-3)/"
MinnesotaSlice2023,3.33,d,B,0,3,"(1,0) / (-3,-3) / (-3,0) / (3,0) / (2,0) / (0,-3) / (0,-1) / (0,-4) / (0,-5) / (4,-4) / (0,-4) / (0,-2) / (-1,-4)",6,"(3,-2)/(3,-2)/(-1,-2)/(0,2)/(1,-4)/(3,3)/(2,-2)"
MinnesotaSlice2023,3.33,d,B,0,4,"(1,0) / (3,0) / (5,-4) / (0,-3) / (3,0) / (3,-3) / (3,-2) / (-3,0) / (0,-1) / (4,0) / (0,-2) / (4,0) / (6,-4)",5,"(4,0)/(4,2)/(0,2)/(2,1)/(6,-3)/(2,-2)"
MinnesotaSlice2023,3.33,d,B,0,5,"(-5,-3) / (2,-4) / (-3,0) / (1,-2) / (0,-3) / (-3,-4) / (-3,-3) / (-5,0) / (0,-2) / (6,0) / (0,-1)",4,"(0,-5)/(-4,0)/(3,2)/(3,3)/(2,-2)"
MinnesotaSlice2023,3.33,d,B,1,1,"(1,0) / (2,-1) / (-2,4) / (3,0) / (0,-3) / (3,0) / (0,-1) / (0,-3) / (0,-2) / (-1,0) / (3,0) / (0,-2) / (6,0)",4,"(6,0)/(1,-4)/(2,3)/(6,-3)/(2,-2)"
MinnesotaSlice2023,3.33,d,B,1,2,"(0,2) / (0,3) / (-5,4) / (2,-1) / (-3,-3) / (6,0) / (-2,0) / (0,-3) / (3,-2) / (3,0) / (5,-1) / (-3,0) /",2,"(1,3)/(6,-3)/"
SolvinginShreveport2023,3.33,c,A,0,1,"(0,2) / (-3,-3) / (3,0) / (-2,-2) / (0,-3) / (-4,-4) / (1,0) / (3,0) / (2,-3) / (0,-3) / (6,0)",2,"(1,3)/(6,-3)/"
SolvinginShreveport2023,3.33,c,A,0,2,"(0,-4) / (0,3) / (1,-5) / (-3,0) / (0,-3) / (-1,-4) / (-3,-5) / (3,0) / (1,-4) / (4,0) / (0,-2) / (6,-3) / (6,0)",5,"(0,-3)/(-3,2)/(-4,0)/(2,1)/(3,0)/"
SolvinginShreveport2023,3.33,c,A,0,3,"(-3,-1) / (1,4) / (0,-3) / (-1,-4) / (0,-3) / (-3,0) / (-5,0) / (0,-3) / (0,-2) / (-3,0) / (6,0) / (-3,0)",2,"(-3,2)/(6,-3)/"
SolvinginShreveport2023,3.33,c,A,0,4,"(0,5) / (-3,0) / (0,-3) / (-2,-2) / (-3,0) / (3,-3) / (-4,0) / (3,0) / (0,-4) / (0,-2) / (5,0) / (-5,-4) / (-4,0)",4,"(4,0)/(2,-2)/(-3,-2)/(6,3)/(2,-2)"
SolvinginShreveport2023,3.33,c,A,0,5,"(-5,0) / (0,-3) / (-3,0) / (3,0) / (5,-1) / (-2,-2) / (-4,0) / (-3,0) / (-2,-3) / (-2,0) / (-4,-4) / (-2,0)",4,"(-4,-2)/(4,0)/(1,-4)/(3,0)/(2,-2)"
SolvinginShreveport2023,3.33,c,A,1,1,"(-3,5) / (0,-3) / (-5,-5) / (-3,-3) / (-1,-4) / (1,-3) / (-3,0) / (-1,0) / (2,0) / (0,-2) / (-4,0) / (-5,0) / (-4,0)",5,"(-2,-1)/(-2,3)/(-2,3)/(1,2)/(3,0)/(2,-2)"
SolvinginShreveport2023,3.33,c,A,1,2,"(0,2) / (-5,4) / (5,5) / (6,-3) / (3,0) / (-5,0) / (-3,-3) / (-1,0) / (2,0) / (2,0) / (6,-2) / (-4,-1) /",6,"(5,0)/(2,-1)/(-2,0)/(2,-2)/(2,-3)/(3,3)/"
NewYorkChampionship2022,3.33,f,A,0,1,"(6,2) / (-2,1) / (-3,0) / (3,0) / (0,-3) / (3,0) / (-4,0) / (-3,-3) / (0,-5) / (0,-4) / (0,-2) / (6,-2) / (4,-3)",4,"(-4,-1)/(2,0)/(2,1)/(3,3)/"
NewYorkChampionship2022,3.33,f,A,0,2,"(0,5) / (1,4) / (2,5) / (1,-5) / (0,-3) / (6,0) / (0,-4) / (-3,-3) / (1,-4) / (6,-2) / (-4,-4) /",4,"(2,2)/(-2,2)/(2,1)/(3,3)/"
NewYorkChampionship2022,3.33,f,A,0,3,"(4,-3) / (-4,5) / (3,0) / (-3,0) / (0,-3) / (4,-5) / (0,-1) / (-3,0) / (6,-2) / (-4,-3) / (2,0) / (-2,0) /",3,"(4,0)/(3,2)/(3,0)/(2,-2)"
NewYorkChampionship2022,3.33,f,A,0,4,"(0,-4) / (3,0) / (-5,1) / (3,0) / (-3,-3) / (-4,-1) / (4,0) / (-3,-3) / (5,-4) / (1,0) / (0,-5)",3,"(-5,0)/(3,-1)/(3,3)/"
NewYorkChampionship2022,3.33,f,A,0,5,"(1,-3) / (0,3) / (-4,5) / (-3,-3) / (-2,-5) / (2,-3) / (3,0) / (1,0) / (0,-4) / (6,-3) / (-5,-2) / (0,-3)",4,"(0,-1)/(0,4)/(-4,1)/(6,-3)/(2,-2)"
NewYorkChampionship2022,3.33,f,A,1,1,"(0,-1) / (0,3) / (-3,0) / (-3,0) / (3,0) / (1,-2) / (-3,0) / (-4,0) / (3,0) / (0,-3) / (5,-5) / (4,0) / (6,-3) / (2,0)",5,"(2,2)/(-2,1)/(-4,0)/(1,-4)/(6,-3)/"
NewYorkChampionship2022,3.33,f,A,1,2,"(4,0) / (-4,2) / (-2,4) / (0,-3) / (6,0) / (0,-3) / (-4,0) / (3,0) / (3,-4) / (0,-2) /",2,"(-3,0)/(6,-3)/"
CheltenhamSummer2022,3.33,c,B,0,1,"(0,2) / (3,0) / (4,-2) / (-3,-3) / (3,0) / (-3,0) / (6,-4) / (3,0) / (0,-3) / (-2,0) / (6,-4) / (2,0) / (-1,0)",4,"(1,0)/(-2,0)/(-4,1)/(3,0)/"
CheltenhamSummer2022,3.33,c,B,0,2,"(0,-4) / (-5,4) / (0,6) / (-3,0) / (5,-4) / (4,-5) / (0,-4) / (3,0) / (-4,0) / (3,0) / (6,0)",2,"(1,0)/(3,0)/(2,-2)"
CheltenhamSummer2022,3.33,c,B,0,3,"(-2,0) / (-4,-1) / (-3,3) / (0,-3) / (-5,-5) / (3,-4) / (0,-3) / (0,-2) / (6,-1) / (2,-3) / (0,-2) / (-2,0)",5,"(2,2)/(4,2)/(-4,0)/(-4,1)/(6,-3)/(2,-2)"
CheltenhamSummer2022,3.33,c,B,0,4,"(-2,3) / (-4,5) / (-3,-3) / (-5,-2) / (3,0) / (5,0) / (3,0) / (6,-3) / (0,-5) / (-2,0) / (5,0) / (0,-4) / (4,0)",5,"(-1,0)/(0,4)/(-3,-2)/(1,2)/(6,-3)/"
CheltenhamSummer2022,3.33,c,B,0,5,"(0,-4) / (0,3) / (3,3) / (6,0) / (-5,-2) / (-1,-1) / (-2,0) / (0,-3) / (6,0)",2,"(3,-3)/(6,3)/"
CheltenhamSummer2022,3.33,c,B,1,1,"(-5,0) / (-3,-3) / (0,-3) / (-1,-4) / (-2,-5) / (0,-3) / (0,-4) / (-3,-3) / (-1,0) / (2,-4) / (0,-2) / (-2,-5)",4,"(-2,1)/(0,-2)/(1,-4)/(3,3)/(2,-2)"
CheltenhamSummer2022,3.33,c,B,1,2,"(0,-1) / (1,1) / (0,-3) / (3,0) / (2,-4) / (4,-3) / (0,-3) / (-1,-2) / (-3,-2) / (4,0) / (0,-4)",5,"(0,4)/(-4,0)/(3,2)/(1,2)/(6,-3)/"
GoingFastinIdaho2022,3.33,d,A,0,1,"(1,0) / (2,5) / (1,-5) / (3,0) / (6,-3) / (-3,0) / (5,0) / (-3,0) / (4,0) / (0,-4) / (-3,0) / (-1,-2) / (-2,0)",3,"(2,0)/(1,-4)/(3,3)/(2,-2)"
GoingFastinIdaho2022,3.33,d,A,0,2,"(0,5) / (-5,-2) / (5,2) / (-3,0) / (-3,0) / (-2,-5) / (-4,0) / (-3,-3) / (-2,0) / (-1,-1) / (-3,0) / (-2,0) /",3,"(2,0)/(3,-2)/(3,3)/(2,-2)"
GoingFastinIdaho2022,3.33,d,A,0,3,"(1,0) / (6,0) / (0,3) / (-1,-4) / (1,-5) / (3,0) / (-3,-4) / (-3,0) / (6,-3) / (-3,0)",2,"(3,-3)/(6,-3)/"
GoingFastinIdaho2022,3.33,d,A,0,4,"(-5,0) / (-1,-4) / (-2,1) / (-4,-1) / (6,0) / (-3,0) / (-2,0) / (-3,-3) / (0,-2) / (5,0) / (1,-2) / (-2,0)",4,"(-2,0)/(0,4)/(1,-4)/(3,3)/(2,-2)"
GoingFastinIdaho2022,3.33,d,A,0,5,"(4,0) / (0,3) / (-4,2) / (4,-2) / (-3,0) / (2,-1) / (0,-2) / (0,-3) / (4,-1) / (4,-4) / (-4,0) / (0,-2) /",5,"(-4,0)/(4,2)/(2,0)/(2,1)/(3,0)/"
GoingFastinIdaho2022,3.33,d,A,1,1,"(3,-1) / (6,3) / (3,0) / (4,-2) / (0,-3) / (6,0) / (-4,0) / (-3,0) / (-3,0) / (-1,0) / (6,-4) / (-3,0) / (-4,-2)",5,"(2,2)/(-3,0)/(-3,2)/(1,2)/(6,-3)/"
GoingFastinIdaho2022,3.33,d,A,1,2,"(-5,0) / (0,-3) / (-1,5) / (-3,0) / (-5,-5) / (-3,0) / (-3,-1) / (-3,0) / (-3,0) / (0,-3) / (0,-4) / (2,-5) / (6,0) /",4,"(0,2)/(-3,-2)/(1,2)/(6,-3)/"
KoreanChampionshipMini2021,3.33,f,A,0,1,"(0,5) / (-3,-3) / (3,0) / (1,-2) / (-3,-3) / (0,-1) / (-3,0) / (-1,0) / (-2,0) / (0,-2) / (2,-3) / (-2,-2) /",5,"(2,-1)/(-1,-2)/(2,0)/(1,-4)/(6,-3)/"
KoreanChampionshipMini2021,3.33,f,A,0,2,"(1,3) / (3,0) / (-1,-4) / (-5,-5) / (0,-3) / (3,0) / (0,-4) / (3,0) / (-3,0) / (-3,0) / (-1,0) / (-2,0) / (-4,-2)",3,"(4,2)/(-4,1)/(3,0)/"
KoreanChampionshipMini2021,3.33,f,A,0,3,"(0,-1) / (-5,1) / (-1,2) / (3,0) / (-2,-2) / (3,0) / (0,-4) / (3,-3) / (6,0) / (-3,0) / (-2,-4) / (-2,-2)",3,"(2,2)/(2,1)/(3,3)/"
KoreanChampionshipMini2021,3.33,f,A,0,4,"(4,-3) / (5,5) / (4,-2) / (-1,-4) / (1,-2) / (0,-4) / (-3,-3) / (-5,-4) / (-4,0) / (0,-2) / (4,0)",4,"(-4,2)/(4,0)/(2,1)/(3,3)/"
KoreanChampionshipMini2021,3.33,f,A,0,5,"(-5,0) / (-1,2) / (0,3) / (0,-3) / (4,-2) / (-4,-3) / (-3,0) / (0,-3) / (-4,-3) / (0,-5) / (-4,0)",3,"(-2,-3)/(2,1)/(3,0)/"
KoreanChampionshipMini2021,3.33,f,A,1,1,"(-2,0) / (-3,0) / (-1,-1) / (-3,0) / (-5,-2) / (-3,-1) / (3,0) / (0,-3) / (-2,0) / (6,-4) / (0,-2) /",4,"/(0,2)/(-4,1)/(3,0)/"
KoreanChampionshipMini2021,3.33,f,A,1,2,"(0,-1) / (3,0) / (3,0) / (3,-3) / (-2,-2) / (3,0) / (5,0) / (3,-3) / (-3,0) / (-2,-1) / (3,-4) / (6,-1)",4,"(0,-5)/(-2,3)/(1,2)/(3,0)/(2,-2)"
SydneyReOpenSunday2021,3.33,c,A,0,1,"(1,0) / (-1,5) / (1,-2) / (-3,-3) / (-4,-1) / (0,-5) / (6,0) / (0,-3) / (-4,0) / (0,-5) / (2,0)",3,"(-2,0)/(1,2)/(3,0)/(2,-2)"
SydneyReOpenSunday2021,3.33,c,A,0,2,"(1,0) / (-4,-1) / (3,-3) / (-5,-5) / (0,-3) / (3,0) / (0,-4) / (-3,-3) / (1,0) / (4,-2) / (2,0) / (4,-1)",4,"(0,5)/(2,0)/(2,1)/(3,3)/"
SydneyReOpenSunday2021,3.33,c,A,0,3,"(1,0) / (-3,0) / (-4,5) / (-3,0) / (-2,-3) / (0,-3) / (5,-3) / (0,-5) / (-4,0) / (4,-4) / (-5,0) / (0,-2) / (2,0) /",6,"(4,-2)/(2,3)/(2,-2)/(-4,0)/(1,2)/(3,0)/(2,-2)"
SydneyReOpenSunday2021,3.33,c,A,0,4,"(0,5) / (3,0) / (0,-3) / (-5,-2) / (3,-3) / (-3,0) / (3,-1) / (0,-3) / (-3,0) / (0,-4) / (2,0) / (4,-4) /",5,"/(0,4)/(-4,0)/(-4,1)/(6,-3)/(2,-2)"
SydneyReOpenSunday2021,3.33,c,A,0,5,"(1,0) / (2,5) / (-2,1) / (6,0) / (-4,-1) / (0,-3) / (0,-5) / (-3,-3) / (-3,0) / (-1,-3) / (0,-4)",3,"(-2,2)/(3,2)/(3,3)/(2,-2)"
SydneyReOpenSunday2021,3.33,c,A,1,1,"(0,5) / (6,-3) / (-5,-2) / (-1,-1) / (3,0) / (0,-3) / (4,0) / (3,0) / (-4,0) / (0,-2) / (4,-1) / (6,0) /",3,"(6,0)/(-4,1)/(3,0)/"
SydneyReOpenSunday2021,3.33,c,A,1,2,"(-5,0) / (-3,0) / (6,-3) / (3,0) / (-1,-1) / (3,0) / (-2,-3) / (3,0) / (3,-5) / (5,0) / (3,-2) / (0,-2) /",5,"(-1,0)/(-2,0)/(-3,-2)/(2,1)/(6,-3)/(2,-2)"
2FeetofSnowinMontreal2019,3.33,f,A,0,1,"(0,-1) / (-5,-2) / (3,0) / (-3,0) / (2,-4) / (3,0) / (4,0) / (-3,-3) / (-1,-2) / (4,0) / (2,0) / (-2,0) / (0,-1) /",5,"(-2,0)/(4,0)/(-2,3)/(1,2)/(3,0)/(2,-2)"
2FeetofSnowinMontreal2019,3.33,f,A,0,2,"(0,2) / (3,3) / (0,-3) / (-2,-2) / (-3,0) / (0,-3) / (-1,-3) / (3,-3) / (0,-3) / (5,-3) / (1,0) / (-4,0) /",4,"/(4,0)/(-4,1)/(3,0)/"
2FeetofSnowinMontreal2019,3.33,f,A,0,3,"(0,5) / (-5,4) / (0,3) / (0,-3) / (5,-4) / (-3,-3) / (-2,0) / (3,0) / (6,-5) / (2,-4) / (6,-2) /",2,"(-3,0)/(6,-3)/"
2FeetofSnowinMontreal2019,3.33,f,A,0,4,"(-2,-3) / (5,2) / (1,-2) / (-1,-1) / (3,0) / (-3,-2) / (-3,0) / (0,-1) / (-2,0) / (6,-3) / (0,-2) / (-2,-5)",5,"(2,-2)/(-5,0)/(-4,0)/(-4,1)/(6,-3)/(2,-2)"
2FeetofSnowinMontreal2019,3.33,f,A,0,5,"(0,-1) / (4,-5) / (-3,0) / (-4,-4) / (3,0) / (3,0) / (-2,0) / (3,0) / (6,-3) / (0,-2) / (0,-2) / (-3,-4) / (2,-4)",5,"(4,-2)/(4,-1)/(0,4)/(-4,1)/(6,-3)/(2,-2)"
2FeetofSnowinMontreal2019,3.33,f,A,1,1,"(0,-1) / (0,3) / (-2,-5) / (2,-4) / (-3,0) / (-3,0) / (-2,-3) / (-3,-3) / (5,0) / (2,-2) / (4,-2) /",4,"(-4,2)/(0,4)/(1,-4)/(3,3)/(2,-2)"
2FeetofSnowinMontreal2019,3.33,f,A,1,2,"(-5,0) / (3,6) / (-4,2) / (6,-3) / (0,-3) / (4,-3) / (3,0) / (-3,0) / (3,-5) / (3,-1)",2,"(3,0)/(6,3)/"
XianCherryBlossom2019,3.33,f,A,0,1,"(-5,0) / (-1,5) / (3,0) / (4,-5) / (3,0) / (-1,0) / (3,0) / (-5,0) / (2,0) / (6,-4) / (4,0) / (-5,-2) / (3,-2)",5,"(0,-4)/(2,1)/(0,-2)/(1,-4)/(6,-3)/"
XianCherryBlossom2019,3.33,f,A,0,2,"(0,2) / (-5,-2) / (2,-4) / (-3,-3) / (-3,0) / (3,0) / (-2,0) / (3,0) / (0,-5) / (-3,-4) / (-4,-5) / (6,0)",3,"(6,0)/(1,-4)/(3,0)/(2,-2)"
XianCherryBlossom2019,3.33,f,A,0,3,"(4,0) / (-3,3) / (0,-3) / (6,-3) / (2,-1) / (3,0) / (4,0) / (-3,-3) / (-3,0) / (2,-4) / (2,0) / (-2,0) / (2,0)",4,"(-2,0)/(2,0)/(2,1)/(3,3)/"
XianCherryBlossom2019,3.33,f,A,0,4,"(-2,0) / (5,2) / (4,-2) / (0,-3) / (-4,-4) / (0,-3) / (-5,0) / (3,0) / (0,-5) / (2,0) / (6,0) /",3,"(6,0)/(1,2)/(6,-3)/"
XianCherryBlossom2019,3.33,f,A,0,5,"(1,0) / (-3,0) / (2,-4) / (-2,-5) / (5,-1) / (-3,0) / (1,0) / (-3,-3) / (-5,0) / (2,-4) / (-2,-2)",3,"(6,0)/(3,2)/(3,3)/(2,-2)"
XianCherryBlossom2019,3.33,f,A,1,1,"(1,0) / (-3,3) / (0,3) / (2,-1) / (3,0) / (0,-3) / (3,-2) / (3,0) / (3,0) / (0,-3) / (2,0) / (-4,0) / (2,0)",4,"(2,0)/(2,3)/(1,2)/(3,0)/(2,-2)"
XianCherryBlossom2019,3.33,f,A,1,2,"(4,-3) / (-1,-1) / (-5,-2) / (-1,-4) / (3,-3) / (-5,0) / (3,0) / (0,-5) / (2,0) / (2,0) / (-2,0) / (0,-1) /",5,"(4,1)/(3,-2)/(0,-4)/(-4,1)/(3,0)/"
NovemberDaysinMinsk2018,3.33,f,A,0,1,"(1,0) / (5,-1) / (-2,-5) / (-3,0) / (0,-3) / (6,0) / (-1,0) / (3,0) / (-3,-4) / (0,-4) / (0,-5) / (-2,-4) / (3,0) /",5,"(-4,0)/(0,-4)/(0,4)/(1,-4)/(6,-3)/"
NovemberDaysinMinsk2018,3.33,f,A,0,2,"(0,-1) / (4,-5) / (2,5) / (1,-5) / (-3,0) / (3,0) / (5,0) / (-3,0) / (6,0) / (-3,-4) / (0,-2) / (-3,0)",2,"(3,3)/(3,6)/"
NovemberDaysinMinsk2018,3.33,f,A,0,3,"(-2,0) / (0,3) / (0,-3) / (-4,-4) / (4,-2) / (-3,-4) / (-3,0) / (-1,0) / (4,0) / (4,-3) / (-5,0) / (-2,0)",5,"(2,1)/(4,0)/(2,0)/(1,-4)/(6,-3)/"
NovemberDaysinMinsk2018,3.33,f,A,0,4,"(0,-4) / (-3,0) / (3,0) / (-2,-5) / (3,-3) / (5,-1) / (-2,0) / (3,0) / (-4,-5) / (0,-2) / (-2,0) / (0,-2) / (2,0)",5,"(4,2)/(-2,0)/(0,2)/(1,-4)/(3,0)/(2,-2)"
NovemberDaysinMinsk2018,3.33,f,A,0,5,"(-5,3) / (5,2) / (4,-2) / (-1,-1) / (-3,-2) / (6,-3) / (-3,0) / (-5,-3)",2,"(2,3)/(6,-3)/(2,-2)"
NovemberDaysinMinsk2018,3.33,f,A,1,1,"(0,-4) / (3,0) / (-5,-2) / (3,0) / (-1,-1) / (-2,-2) / (-1,0) / (-3,-3) / (-4,-1) / (0,-2) / (0,-4) / (-4,0) / (-2,0)",4,"(-2,0)/(0,2)/(1,-4)/(3,3)/(2,-2)"
NovemberDaysinMinsk2018,3.33,f,A,1,2,"(4,0) / (0,-3) / (5,-1) / (3,-3) / (4,-5) / (5,0) / (-3,0) / (-2,0) / (0,-1) / (0,-3) / (-2,0)",4,"(2,3)/(5,0)/(1,3)/(3,0)/(2,-2)"
UniklMFIOpen2018,3.33,d,C,0,1,"(-5,0) / (2,-4) / (-3,0) / (-5,-5) / (3,0) / (-3,0) / (-4,0) / (0,-3) / (0,-1) / (-5,0) / (-4,0) / (0,-5) /",3,"(1,-3)/(-3,-1)/(3,6)/"
UniklMFIOpen2018,3.33,d,C,0,2,"(-2,0) / (3,3) / (-4,-4) / (-3,0) / (3,0) / (-3,0) / (-5,0) / (6,-3) / (6,-3) / (1,0) / (-2,0) / (-2,-1) / (6,0)",5,"(4,-2)/(4,-1)/(4,0)/(-4,1)/(3,0)/"
UniklMFIOpen2018,3.33,d,C,0,3,"(-2,0) / (-1,2) / (3,-3) / (-5,-5) / (5,0) / (3,0) / (-3,0) / (3,0) /",1,"(3,6)/(2,-2)"
UniklMFIOpen2018,3.33,d,C,0,4,"(4,0) / (-4,2) / (1,4) / (-1,-3) / (-3,0) / (0,-1) / (-4,0) / (-2,0) / (4,0) / (0,-2) / (0,-3) / (0,-4)",6,"(2,-2)/(2,-2)/(2,0)/(-2,0)/(1,-4)/(3,0)/(2,-2)"
UniklMFIOpen2018,3.33,d,C,0,5,"(1,0) / (0,-3) / (-1,-1) / (6,-3) / (-3,-2) / (0,-3) / (-2,-3) / (-1,-2) / (0,-2) / (0,-2) / (4,0) / (-4,0) / (-3,0)",6,"(3,-1)/(-5,-1)/(-2,2)/(-2,2)/(1,-4)/(3,0)/(2,-2)"
UniklMFIOpen2018,3.33,d,C,1,1,"(0,-4) / (-2,4) / (-1,-4) / (0,-3) / (4,-2) / (5,0) / (-3,0) / (0,-1) / (-4,-2) / (2,0) / (-4,-3) / (-2,0) / (-1,0)",6,"(1,-1)/(-1,4)/(0,-2)/(-3,2)/(1,2)/(6,-3)/"
UniklMFIOpen2018,3.33,d,C,1,2,"(4,0) / (-4,2) / (3,0) / (1,-2) / (-4,-1) / (-2,0) / (3,-3) / (3,0) / (1,0) / (-1,-4) /",2,"(1,0)/(6,-3)/"
SKCSpring2018,3.33,d,B,0,1,"(0,-1) / (-5,-5) / (-3,0) / (3,0) / (5,-4) / (1,0) / (-3,0) / (0,-2) / (0,-4) / (6,0) / (-2,0) / (3,-2) / (-2,0) / (5,0)",5,"(1,-4)/(-3,2)/(-3,2)/(1,2)/(6,-3)/"
SKCSpring2018,3.33,d,B,0,2,"(1,0) / (-3,-3) / (2,-1) / (-2,-5) / (3,0) / (-4,0) / (0,-3) / (-2,0) / (0,-1) / (0,-4) / (0,-5) / (-1,-2) /",5,"/(0,-4)/(0,4)/(1,-4)/(6,-3)/"
SKCSpring2018,3.33,d,B,0,3,"(4,0) / (2,5) / (1,-2) / (-3,-3) / (3,0) / (0,-3) / (-4,0) / (-3,-3) / (6,-3) / (4,0) / (-2,0)",3,"(2,0)/(2,-3)/(3,3)/"
SKCSpring2018,3.33,d,B,0,4,"(0,-1) / (-3,0) / (0,6) / (-5,-2) / (3,-3) / (-4,-1) / (-2,0) / (0,-3) / (0,-3) / (-3,-1) / (-5,0) / (3,0)",3,"/(2,1)/(6,-3)/(2,-2)"
SKCSpring2018,3.33,d,B,0,5,"(0,5) / (4,4) / (-3,0) / (-4,-1) / (-5,-5) / (0,-3) / (-1,0) / (-3,-3) / (0,-5) / (0,-4) / (2,0) / (4,-4)",4,"(2,-1)/(5,0)/(1,-3)/(3,3)/(2,-2)"
SKCSpring2018,3.33,d,B,1,1,"(0,-1) / (-2,4) / (-1,5) / (-3,0) / (-2,-2) / (3,0) / (5,0) / (-3,-3) / (3,0) / (-1,-3) / (0,-2) / (2,-2)",3,"(4,-2)/(3,-2)/(3,3)/(2,-2)"
SKCSpring2018,3.33,d,B,1,2,"(3,-1) / (0,3) / (-2,4) / (-1,-1) / (6,0) / (0,-5) / (0,-3) / (-3,0) / (0,-5) / (-2,0) / (0,-4) / (-3,0) / (5,0) / (0,-4)",5,"(0,-2)/(-2,0)/(2,-2)/(1,0)/(6,-3)/"
BaiaMareNorthOpen2018,3.33,d,B,0,1,"(-5,0) / (3,3) / (-4,5) / (-3,0) / (-5,-2) / (-3,0) / (0,-1) / (-3,0) / (-1,0) / (0,-3) / (1,0) /",1,"(3,0)/(2,-2)"
BaiaMareNorthOpen2018,3.33,d,B,0,2,"(-2,0) / (0,6) / (-1,5) / (-5,-2) / (0,-3) / (0,-4) / (-3,0) / (0,-2) / (0,-4) / (3,-2) / (0,-5) / (6,-4) / (4,0)",5,"(-3,-2)/(4,0)/(0,2)/(1,-4)/(3,0)/(2,-2)"
BaiaMareNorthOpen2018,3.33,d,B,0,3,"(0,-1) / (3,6) / (-2,-5) / (5,-1) / (3,0) / (-3,0) / (1,0) / (6,0) / (3,-3) / (-1,0) / (0,-4) / (-2,0) / (-3,-4)",4,"(-1,-2)/(2,-2)/(3,2)/(3,3)/(2,-2)"
BaiaMareNorthOpen2018,3.33,d,B,0,4,"(0,-4) / (-2,-5) / (2,5) / (-5,-2) / (-1,-4) / (-5,-3) / (-3,-3) / (1,0) / (-2,0) / (4,-2) / (-4,-5)",4,"(0,-5)/(0,-2)/(1,-4)/(3,3)/(2,-2)"
BaiaMareNorthOpen2018,3.33,d,B,0,5,"(0,-1) / (3,0) / (3,0) / (4,-2) / (0,-3) / (-3,0) / (3,0) / (-4,0) / (-3,0) / (6,-1) / (0,-2) / (0,-4) / (3,0)",4,"(-3,0)/(0,4)/(1,-4)/(6,-3)/"
BaiaMareNorthOpen2018,3.33,d,B,1,1,"(0,5) / (-2,-5) / (-3,0) / (0,-3) / (-4,-4) / (-2,-5) / (5,0) / (-3,-3) / (4,0) / (0,-1) / (6,-5) /",2,"(3,-1)/(3,3)/"
BaiaMareNorthOpen2018,3.33,d,B,1,2,"(-2,0) / (3,3) / (2,5) / (3,0) / (0,-3) / (1,-5) / (5,0) / (-3,-3) / (-3,-5) / (6,0) / (0,-1) / (-2,0) /",5,"(0,-5)/(0,5)/(2,0)/(2,1)/(3,3)/"
IIRecifeOpen2018,3.33,c,A,0,1,"(0,-4) / (-3,3) / (3,0) / (0,-3) / (1,-2) / (0,-3) / (-1,0) / (3,0) / (3,0) / (4,0) / (4,0) / (0,-4) / (0,-4) / (-4,-3)",5,"(4,1)/(0,4)/(-4,0)/(-4,1)/(6,-3)/(2,-2)"
IIRecifeOpen2018,3.33,c,A,0,2,"(-3,-1) / (0,-3) / (-5,-2) / (0,-3) / (3,0) / (3,-3) / (5,0) / (6,-3) / (2,-5) / (4,0) / (6,0) /",4,"(6,0)/(2,0)/(1,-4)/(6,-3)/"
IIRecifeOpen2018,3.33,c,A,0,3,"(1,0) / (3,3) / (-4,-1) / (4,-2) / (-1,-4) / (3,-2) / (-3,0) / (-2,-1) / (4,-3) / (-3,-4) / (-2,0)",5,"(2,-2)/(-3,0)/(0,-4)/(-4,1)/(3,0)/"
IIRecifeOpen2018,3.33,c,A,0,4,"(-5,3) / (0,3) / (3,0) / (-1,-4) / (-3,0) / (-2,-2) / (-4,0) / (0,-3) / (6,-3) / (2,0) / (-5,-2)",2,"(-3,-1)/(6,3)/"
IIRecifeOpen2018,3.33,c,A,0,5,"(-2,0) / (-4,-4) / (3,0) / (1,-2) / (5,-1) / (-3,-2) / (0,-3) / (4,0) / (0,-3) / (0,-3) / (6,-1)",3,"(5,0)/(3,1)/(3,0)/"
IIRecifeOpen2018,3.33,c,A,1,1,"(4,0) / (2,-4) / (3,-3) / (1,-2) / (-3,0) / (0,-3) / (-4,0) / (-3,0) / (3,0) / (0,-1) / (-5,-5) / (-1,0) / (0,-2)",3,"(0,2)/(1,-4)/(3,0)/(2,-2)"
IIRecifeOpen2018,3.33,c,A,1,2,"(3,-4) / (0,-3) / (-3,-3) / (-3,0) / (-2,-2) / (0,-4) / (-3,0) / (-1,0) / (-4,-3) / (1,0) / (-2,0) / (0,-5) / (5,0) /",6,"(3,1)/(0,-2)/(-1,0)/(0,2)/(1,-4)/(3,0)/(2,-2)"
No3x3x3Waterloo2018,3.33,1,A,0,1,"(0,2) / (-3,3) / (0,3) / (-3,0) / (-5,-5) / (-4,-1) / (4,0) / (-3,0) / (-1,0) / (4,-2) / (2,0)",2,"(-3,0)/(3,6)/(2,-2)"
No3x3x3Waterloo2018,3.33,1,A,0,2,"(-3,-1) / (-3,0) / (0,3) / (-2,-2) / (3,0) / (2,0) / (0,-3) / (4,0) / (-1,0) / (5,-5) / (-2,0) / (2,0) / (-2,0) / (5,0)",5,"(1,-4)/(-2,0)/(0,2)/(1,-4)/(3,0)/(2,-2)"
No3x3x3Waterloo2018,3.33,1,A,0,3,"(0,2) / (-5,1) / (-4,2) / (0,-3) / (-2,-2) / (6,-1) / (-3,0) / (-1,-2) / (2,0) / (4,-1) / (5,-2)",5,"(1,-4)/(1,-4)/(-2,0)/(2,1)/(3,0)/"
No3x3x3Waterloo2018,3.33,1,A,0,4,"(-3,2) / (0,3) / (0,3) / (4,-2) / (5,-4) / (-3,-2) / (0,-3) / (4,0) / (-1,0) / (-1,-5) / (-2,0) / (4,0) /",4,"(0,-4)/(0,2)/(2,1)/(6,-3)/(2,-2)"
No3x3x3Waterloo2018,3.33,1,A,0,5,"(-5,0) / (3,3) / (0,3) / (5,-4) / (3,0) / (4,-5) / (5,0) / (6,-3) / (0,-3) / (-3,0) / (6,0)",1,"(3,6)/"
No3x3x3Waterloo2018,3.33,1,A,1,1,"(0,-1) / (4,4) / (5,-1) / (-2,-5) / (0,-3) / (-3,0) / (-4,0) / (3,0) / (3,0) / (-4,0) / (-5,-4) / (-3,0) /",4,"(-5,0)/(2,-2)/(3,-2)/(3,3)/(2,-2)"
No3x3x3Waterloo2018,3.33,1,A,1,2,"(-2,0) / (2,-4) / (3,0) / (1,-2) / (-3,-3) / (6,0) / (-1,0) / (-3,-3) / (-4,-5) / (-2,0) / (0,-4) / (3,0) / (6,0)",5,"(1,0)/(1,4)/(0,-2)/(2,1)/(3,3)/"
KansaiOpen2018,3.33,c,A,0,1,"(4,0) / (-3,0) / (-1,2) / (1,-5) / (2,-1) / (0,-3) / (0,-5) / (0,-3) / (4,0) / (5,0) / (-3,-1)",3,"(3,-2)/(-3,0)/(6,3)/(2,-2)"
KansaiOpen2018,3.33,c,A,0,2,"(0,-4) / (-2,1) / (3,0) / (2,-1) / (3,-3) / (3,0) / (1,0) / (-3,-3) / (1,0) / (6,0) / (0,-2) / (-4,0) / (2,0)",4,"(-4,2)/(0,-2)/(1,-4)/(3,3)/(2,-2)"
KansaiOpen2018,3.33,c,A,0,3,"(-3,-1) / (6,3) / (-5,-2) / (2,-1) / (-3,0) / (-2,0) / (-3,0) / (5,-2) / (0,-4) / (-5,-2) / (-2,0) / (0,-2)",6,"(2,2)/(-4,1)/(2,1)/(-2,0)/(1,-4)/(3,0)/(2,-2)"
KansaiOpen2018,3.33,c,A,0,4,"(0,2) / (-2,-2) / (0,3) / (-1,-4) / (-3,0) / (4,-5) / (-1,0) / (-3,0) / (4,-3) / (2,0) / (-2,0) / (1,-4)",4,"(-1,4)/(2,0)/(1,-4)/(6,-3)/"
KansaiOpen2018,3.33,c,A,0,5,"(0,-4) / (-5,-2) / (-1,-1) / (6,-3) / (-2,0) / (-3,0) / (0,-3) / (5,0) / (2,0) / (4,-3) / (-3,0)",5,"(1,-2)/(-2,-3)/(-4,0)/(1,-4)/(6,-3)/"
KansaiOpen2018,3.33,c,A,1,1,"(1,0) / (5,2) / (-5,-2) / (3,0) / (6,0) / (-4,-4) / (0,-5) / (0,-3) / (-3,-3) / (3,0) / (-5,0) / (-2,0)",3,"(2,0)/(2,-3)/(3,3)/"
KansaiOpen2018,3.33,c,A,1,2,"(-2,0) / (-3,-3) / (-1,-1) / (3,0) / (-3,-3) / (3,0) / (-2,0) / (3,-3) / (-3,0) / (3,-2) / (2,0) / (6,-2)",3,"(0,-4)/(-4,1)/(3,0)/"
CCP2018,3.33,f,A,0,1,"(-2,3) / (-3,3) / (5,-4) / (0,-3) / (3,0) / (0,-3) / (1,0) / (-3,-3) / (-1,-3) / (0,-5) / (6,-3) / (0,-4)",3,"(2,-2)/(3,-2)/(3,3)/(2,-2)"
CCP2018,3.33,f,A,0,2,"(-3,-4) / (-2,1) / (-4,-1) / (0,-3) / (-5,-2) / (6,-1) / (0,-3) / (3,-2) / (2,0) / (2,0) / (4,-2) / (-3,0)",4,"(-1,2)/(0,4)/(1,-4)/(6,-3)/"
CCP2018,3.33,f,A,0,3,"(-5,0) / (-3,0) / (0,3) / (-4,-4) / (-3,-3) / (-5,-2) / (5,0) / (-3,0) / (0,-3) / (0,-3) / (6,0) / (-4,0)",3,"(1,-3)/(-3,0)/(3,6)/"
CCP2018,3.33,f,A,0,4,"(0,-1) / (-2,4) / (-4,-1) / (-2,-5) / (2,0) / (0,-3) / (-2,-3) / (0,-2) / (2,0) / (0,-4) / (0,-1) / (1,0) / (-3,-3)",6,"(3,2)/(0,2)/(0,-2)/(2,-2)/(-3,-2)/(6,3)/(2,-2)"
CCP2018,3.33,f,A,0,5,"(0,-1) / (4,1) / (0,3) / (-3,0) / (-4,-4) / (-5,0) / (0,-3) / (0,-2) / (3,0) / (5,0) / (2,0) / (6,-2)",4,"(0,-4)/(0,-2)/(1,-4)/(6,-3)/"
CCP2018,3.33,f,A,1,1,"(4,3) / (-3,0) / (-3,0) / (-1,-1) / (-3,-3) / (4,0) / (0,-3) / (3,0) / (-2,0) / (6,0) / (0,-2) / (0,-1) / (3,-4) /",6,"(4,-1)/(2,-1)/(1,0)/(-2,0)/(2,1)/(3,3)/"
CCP2018,3.33,f,A,1,2,"(0,2) / (0,-3) / (-3,0) / (3,0) / (4,-5) / (3,0) / (-1,0) / (-3,0) / (-2,0) / (6,-1) / (3,0) /",3,"(2,-3)/(1,0)/(3,0)/(2,-2)"
SantaTeclaCuboDesafio2018,3.33,c,E,0,1,"(0,2) / (6,-3) / (-5,4) / (3,-3) / (3,0) / (-4,0) / (0,-3) / (-2,-1) / (-3,0) / (0,-4) / (0,-2) / (-5,-4) / (0,-2)",6,"(1,-2)/(-2,3)/(2,0)/(2,-2)/(2,3)/(3,0)/"
SantaTeclaCuboDesafio2018,3.33,c,E,0,2,"(-2,0) / (3,6) / (-3,0) / (6,0) / (-1,-4) / (-2,0) / (-3,0) / (0,-3) / (5,-3) / (-5,0) / (4,0) / (-5,0)",4,"(5,0)/(2,-3)/(1,2)/(3,0)/(2,-2)"
SantaTeclaCuboDesafio2018,3.33,c,E,0,3,"(6,5) / (-3,6) / (-3,0) / (-2,-5) / (3,-3) / (-3,-4) / (-3,-3) / (1,0) / (-4,0) / (2,0) / (0,-4) /",4,"(0,4)/(-2,0)/(1,-4)/(3,3)/(2,-2)"
SantaTeclaCuboDesafio2018,3.33,c,E,0,4,"(-2,0) / (-1,5) / (0,-3) / (3,0) / (0,-3) / (1,-5) / (2,-3) / (0,-3) / (0,-1) / (4,-4) / (-4,0) / (2,0) / (0,-2)",5,"(4,0)/(2,-2)/(4,0)/(1,-4)/(3,0)/(2,-2)"
SantaTeclaCuboDesafio2018,3.33,c,E,0,5,"(0,-4) / (0,-3) / (4,4) / (-1,-4) / (0,-3) / (6,-3) / (0,-2) / (6,0) / (0,-3) / (3,-5) / (-1,0)",2,"(-3,0)/(3,0)/"
SantaTeclaCuboDesafio2018,3.33,c,E,1,1,"(-3,2) / (-2,4) / (3,0) / (0,-3) / (2,-1) / (-3,-2) / (-3,-3) / (3,0) / (3,0) / (-3,-3) /",0,"(2,-2)"
SantaTeclaCuboDesafio2018,3.33,c,E,1,2,"(3,-4) / (4,1) / (0,-3) / (-4,-4) / (6,-3) / (3,-2) / (-3,0) / (6,-1) / (6,-2) / (2,-3) / (0,-3)",4,"(0,3)/(-2,3)/(1,2)/(3,0)/(2,-2)"
QuanzhouSideEvent2017,3.33,d,B,0,1,"(-5,0) / (-3,0) / (5,2) / (4,-5) / (2,-1) / (6,-5) / (3,0) / (-5,-4)",2,"(2,1)/(6,-3)/(2,-2)"
QuanzhouSideEvent2017,3.33,d,B,0,2,"(0,2) / (-5,-2) / (3,0) / (-3,0) / (5,-1) / (-3,0) / (1,0) / (0,-3) / (-1,-2) / (-3,-2) / (-2,0) / (6,0) / (-3,0) /",5,"(-4,2)/(-3,-2)/(-3,2)/(1,2)/(6,-3)/"
QuanzhouSideEvent2017,3.33,d,B,0,3,"(4,3) / (0,3) / (0,-3) / (-4,-1) / (0,-3) / (6,0) / (-3,-2) / (0,-3) / (-2,-3) / (-3,-4) / (2,-4) / (1,0) /",5,"(2,-3)/(-3,-2)/(4,0)/(1,-4)/(3,0)/(2,-2)"
QuanzhouSideEvent2017,3.33,d,B,0,4,"(3,-1) / (4,-5) / (-1,-1) / (0,-3) / (-3,0) / (3,0) / (0,-2) / (3,0) / (-5,0) / (3,-4) / (-3,0) / (0,-3)",2,"(3,0)/(3,3)/"
QuanzhouSideEvent2017,3.33,d,B,0,5,"(0,2) / (1,-5) / (5,-4) / (4,-5) / (2,0) / (3,0) / (-3,-4) / (3,0) / (-2,0) / (3,-4) / (4,0)",4,"(-4,0)/(3,-2)/(1,2)/(6,-3)/"
QuanzhouSideEvent2017,3.33,d,B,1,1,"(4,0) / (-4,-1) / (-3,-3) / (-5,-2) / (6,0) / (-4,-3) / (3,0) / (0,-3) / (5,-5) / (-2,0) / (6,-4) / (0,-4)",5,"(-2,-2)/(4,2)/(4,0)/(-4,1)/(3,0)/"
QuanzhouSideEvent2017,3.33,d,B,1,2,"(-2,0) / (3,6) / (-1,-4) / (-3,0) / (-5,-2) / (2,0) / (-3,-3) / (-2,-1) / (-2,-4) / (-2,-2) / (2,0) /",4,"(0,2)/(0,4)/(2,1)/(3,3)/"
BASC82016,3.33,d,B,0,1,"(3,2) / (1,-5) / (0,-3) / (3,0) / (-3,0) / (0,-3) / (-1,0) / (-3,-3) / (6,-5) / (0,-2) / (-4,-2) / (0,-5) /",5,"(-3,0)/(2,1)/(0,-2)/(1,2)/(6,-3)/"
BASC82016,3.33,d,B,0,2,"(-3,5) / (4,1) / (-1,-4) / (-3,0) / (0,-3) / (0,-3) / (0,-2) / (6,0) / (3,-3) / (-3,0) / (-5,-5) /",2,"(2,-1)/(3,3)/"
BASC82016,3.33,d,B,0,3,"(1,0) / (0,3) / (5,-1) / (3,-3) / (0,-3) / (6,0) / (-2,0) / (-3,-3) / (-1,-2) / (-2,0) / (-5,-4) / (-3,0) /",5,"(1,-4)/(-4,0)/(2,-2)/(2,3)/(3,0)/"
BASC82016,3.33,d,B,0,4,"(4,0) / (3,-3) / (0,-3) / (-4,-1) / (3,0) / (-3,-3) / (1,0) / (3,0) / (0,-5) / (0,-1) / (-2,-3) / (5,-4) /",2,"(1,-3)/(6,-3)/"
BASC82016,3.33,d,B,0,5,"(-3,5) / (0,3) / (-3,-3) / (1,-5) / (0,-3) / (0,-3) / (-1,0) / (3,0) / (0,-4) / (-3,0) / (0,-4) / (0,-5) / (-5,0)",4,"(2,0)/(2,0)/(1,2)/(3,0)/(2,-2)"
BASC82016,3.33,d,B,1,1,"(-2,-3) / (0,6) / (3,0) / (3,0) / (0,-3) / (0,-3) / (0,-4) / (-3,-3) / (1,0) / (2,0) / (4,-2) / (-2,-2) / (6,0)",4,"(4,2)/(4,-2)/(2,1)/(3,3)/"
BASC82016,3.33,d,B,1,2,"(0,5) / (3,3) / (-3,0) / (-2,-5) / (-3,-3) / (0,-3) / (-1,0) / (6,-3) / (3,-5) / (0,-1) / (-4,0) / (0,-3)",4,"(0,3)/(4,0)/(-4,1)/(3,0)/"
UralAutumn2015,3.33,f,B,0,1,"(0,-1) / (3,-3) / (1,4) / (2,-1) / (1,-5) / (6,-1) / (3,0) / (-3,0) / (-1,0) /",2,"(-3,1)/(3,0)/"
UralAutumn2015,3.33,f,B,0,2,"(0,-1) / (4,-5) / (-4,2) / (4,-5) / (0,-3) / (-3,0) / (2,0) / (3,0) / (-5,-3) / (3,-1) / (0,-4) / (0,-1) / (0,-4)",5,"(2,2)/(1,0)/(-2,3)/(2,1)/(3,0)/"
UralAutumn2015,3.33,f,B,0,3,"(-2,0) / (-3,0) / (0,-3) / (3,0) / (0,-3) / (-4,-1) / (-2,0) / (-3,-3) / (-5,0) / (0,-4) / (-2,0) / (2,-3) / (4,-5)",5,"(2,-1)/(-1,-2)/(2,-2)/(3,2)/(3,3)/(2,-2)"
UralAutumn2015,3.33,f,B,0,4,"(0,-1) / (0,-3) / (3,-3) / (1,-5) / (3,0) / (-3,0) / (-1,-3) / (-3,0) / (0,-3) / (3,0) / (1,-1) / (4,0) / (-3,0)",4,"(3,0)/(-4,0)/(2,1)/(3,0)/"
UralAutumn2015,3.33,f,B,0,5,"(-5,0) / (3,0) / (2,5) / (3,0) / (-3,0) / (6,0) / (0,-3) / (-2,0) / (-3,0) / (6,-2) / (-1,0) / (-5,-3)",2,"(2,3)/(3,0)/"
UralAutumn2015,3.33,f,B,1,1,"(0,2) / (-3,0) / (3,0) / (0,-3) / (1,-2) / (3,0) / (5,0) / (-3,0) / (0,-1) / (-4,0) / (4,0) / (5,0) / (2,-5) / (6,0) /",6,"(6,0)/(4,0)/(-3,2)/(-2,0)/(2,1)/(3,0)/"
UralAutumn2015,3.33,f,B,1,2,"(1,0) / (3,0) / (3,-3) / (-4,-1) / (-3,0) / (-3,-3) / (0,-5) / (3,0) / (1,0) / (-4,-3) / (2,-3) / (0,-5) / (4,0)",4,"(2,-1)/(0,4)/(-4,1)/(6,-3)/(2,-2)"
DanishSmallCubeOpen2015,3.33,f,B,0,1,"(0,-1) / (-3,-3) / (-2,1) / (3,-3) / (5,-4) / (6,-2) / (3,0) / (1,-4) / (-2,-4) / (4,-1) / (-4,0)",5,"(2,-2)/(-4,2)/(2,0)/(2,1)/(3,3)/"
DanishSmallCubeOpen2015,3.33,f,B,0,2,"(-2,0) / (3,0) / (-4,5) / (-2,-5) / (2,-1) / (1,0) / (-3,0) / (-1,-3) / (0,-5) / (-4,0) / (0,-4) / (4,0) / (-5,0)",5,"(2,0)/(-1,4)/(4,0)/(1,-4)/(3,0)/(2,-2)"
DanishSmallCubeOpen2015,3.33,f,B,0,3,"(1,0) / (3,0) / (-1,-4) / (-5,-5) / (-3,0) / (3,0) / (5,0) / (6,-3) / (0,-3) / (-4,0) / (0,-3) / (-5,0) /",2,"(3,-3)/(6,-3)/"
DanishSmallCubeOpen2015,3.33,f,B,0,4,"(0,5) / (3,0) / (6,0) / (4,-5) / (-4,0) / (3,0) / (1,0) / (4,0) / (2,0) / (-2,0) /",4,"(0,-4)/(0,-2)/(-4,1)/(6,-3)/(2,-2)"
DanishSmallCubeOpen2015,3.33,f,B,0,5,"(0,5) / (-2,1) / (5,-1) / (3,0) / (-5,-2) / (3,0) / (0,-4) / (0,-3) / (-1,0) / (1,-2) / (-3,-4) /",1,"(3,0)/(2,-2)"
DanishSmallCubeOpen2015,3.33,f,B,1,1,"(0,-1) / (-3,0) / (3,3) / (1,-2) / (-1,-3) / (3,0) / (0,-4) / (1,0) / (6,-4) / (0,-1) / (0,-2) / (-2,0) / (0,-2)",6,"(3,-2)/(0,-4)/(0,1)/(3,-2)/(1,2)/(6,-3)/"
DanishSmallCubeOpen2015,3.33,f,B,1,2,"(0,2) / (1,1) / (3,0) / (0,-3) / (2,-1) / (-2,-5) / (0,-4) / (0,-3) / (0,-3) / (0,-1) / (2,0) / (-3,0)",4,"(-5,0)/(-4,0)/(-4,1)/(6,-3)/(2,-2)"
PinoyOlympics2015,3.33,f,A,0,1,"(0,-4) / (-3,0) / (0,3) / (4,-5) / (3,0) / (3,0) / (-1,-3) / (-3,0) / (3,-3) / (0,-3) / (-3,-4)",2,"(3,1)/(6,-3)/(2,-2)"
PinoyOlympics2015,3.33,f,A,0,2,"(-5,0) / (0,-3) / (2,2) / (4,-5) / (-3,0) / (-3,-4) / (-3,0) / (-1,0) / (2,0) / (0,-2) / (4,0) / (0,-4) / (6,0) / (0,-2)",6,"(1,0)/(2,2)/(1,-4)/(-2,-2)/(2,1)/(3,3)/"
PinoyOlympics2015,3.33,f,A,0,3,"(4,0) / (5,-4) / (-5,-2) / (3,0) / (6,-3) / (-1,0) / (3,0) / (1,-4) / (0,-4) / (4,0) / (0,-2) / (2,0) / (6,-4)",5,"(-2,-2)/(0,4)/(-4,0)/(-4,1)/(6,-3)/(2,-2)"
PinoyOlympics2015,3.33,f,A,0,4,"(0,5) / (1,4) / (5,-4) / (-3,0) / (1,-5) / (3,0) / (-4,0) / (0,-3) / (4,0) / (-4,-1) / (4,0)",3,"(2,0)/(-3,-2)/(6,3)/(2,-2)"
PinoyOlympics2015,3.33,f,A,0,5,"(0,-4) / (0,-3) / (-2,4) / (2,-4) / (-3,0) / (3,-5) / (3,0) / (-3,0) / (3,-3)",2,"(-3,0)/(6,-3)/(2,-2)"
PinoyOlympics2015,3.33,f,A,1,1,"(-2,3) / (-1,-4) / (-2,-2) / (0,-3) / (6,0) / (-1,0) / (-3,0) / (-2,-1) / (-2,-3) / (0,-2) / (-2,0) / (0,-1) / (6,0)",6,"(1,-1)/(2,1)/(2,0)/(2,3)/(1,2)/(3,0)/(2,-2)"
PinoyOlympics2015,3.33,f,A,1,2,"(-3,5) / (1,1) / (-3,0) / (5,-1) / (-5,-2) / (-4,0) / (6,-3) / (-4,-3) / (4,0) / (-2,0) / (-4,-3) / (-2,0)",5,"(3,-2)/(0,-4)/(3,2)/(2,1)/(6,-3)/(2,-2)"
