competition_id,Ao5,round_type_id,group_id,is_extra,scramble_num,scramble,cspobl_slicecount,cspobl_solution
SpanishChampionship2025,5.33,e,B,0,1,"(-5,0) / (-1,2) / (1,-2) / (-4,-1) / (1,-2) / (6,-1) / (0,-3) / (5,-3) / (0,-3) / (6,-3)",5,"(-2,1)/(-1,0)/(-3,0)/(-3,2)/(-3,6)/(3,-2)"
SpanishChampionship2025,5.33,e,B,0,2,"(3,-4) / (0,6) / (0,3) / (4,-2) / (-4,0) / (0,-3) / (4,-1) / (0,-4) / (-2,-5) / (-2,0) / (-4,0) / (-4,-1) /",8,"(3,-2)/(4,0)/(-4,0)/(-5,0)/(-2,2)/(-3,-2)/(-3,0)/(1,-3)/(2,0)"
SpanishChampionship2025,5.33,e,B,0,3,"(0,-4) / (0,-3) / (4,1) / (-3,0) / (0,-3) / (2,-1) / (-5,-3) / (6,-3) / (1,0) / (2,-4) / (4,0)",5,"(3,-3)/(1,0)/(-4,0)/(0,3)/(-3,2)/(3,-2)"
SpanishChampionship2025,5.33,e,B,0,4,"(1,0) / (0,-3) / (-1,2) / (1,-2) / (0,-3) / (-3,0) / (0,-4) / (6,-3) / (3,-4) / (0,-2) / (0,-4) / (-5,-4) / (-4,0)",8,"(4,2)/(3,-2)/(2,-3)/(1,2)/(3,0)/(2,0)/(3,3)/(4,1)/(2,0)"
SpanishChampionship2025,5.33,e,B,0,5,"(0,2) / (4,-5) / (0,-3) / (2,-4) / (-2,-5) / (-3,0) / (-1,0) / (3,0) / (3,0) / (4,-3) / (4,0) / (6,0) / (-2,-5)",6,"(-4,-1)/(0,2)/(-2,-3)/(-2,-1)/(-3,0)/(5,-3)/(3,-2)"
SpanishChampionship2025,5.33,e,B,1,1,"(-5,0) / (5,-4) / (6,0) / (-2,-5) / (-3,0) / (-4,0) / (0,-3) / (-3,-1) / (3,0) / (3,-5) /",4,"(3,2)/(-5,0)/(3,0)/(-3,4)/(2,0)"
SpanishChampionship2025,5.33,e,B,1,2,"(-5,3) / (-3,3) / (-1,-1) / (-5,-2) / (-1,-4) / (4,0) / (-3,0) / (0,-3) / (-1,-3) / (1,0)",7,"(6,0)/(0,3)/(-1,-2)/(-3,0)/(-2,-3)/(3,0)/(2,2)/(3,-2)"
TokyoWinter2025,5.33,d,A,0,1,"(4,0) / (-1,-1) / (-5,-2) / (-1,-4) / (-3,0) / (-3,-2) / (3,0) / (-3,-4) / (-5,0) / (0,-4) / (-4,-3) /",7,"(2,-3)/(-2,3)/(-2,1)/(2,-3)/(2,3)/(3,0)/(6,5)/(3,-2)"
TokyoWinter2025,5.33,d,A,0,2,"(4,3) / (-1,-1) / (0,-3) / (4,-2) / (-1,-1) / (-5,-3) / (6,-3) / (1,0) / (0,-2) / (-4,0) / (0,-2) / (-4,0) /",7,"(3,2)/(3,2)/(0,-2)/(2,-2)/(-3,-2)/(0,-3)/(-5,3)/(2,0)"
TokyoWinter2025,5.33,d,A,0,3,"(0,-1) / (-5,-2) / (-4,5) / (3,0) / (-3,0) / (3,-3) / (4,0) / (-3,0) / (-3,0) / (-2,0) / (0,-2) / (4,-1) / (6,-2)",5,"(0,-4)/(3,2)/(4,0)/(1,-4)/(-3,6)/"
TokyoWinter2025,5.33,d,A,0,4,"(0,-1) / (0,3) / (0,3) / (-5,-5) / (-4,-4) / (3,0) / (3,-2) / (3,0) / (-3,-3) / (-3,0) / (4,-5) / (4,0)",5,"(1,-4)/(3,3)/(-1,3)/(-3,0)/(-5,-2)/(2,0)"
TokyoWinter2025,5.33,d,A,0,5,"(-2,0) / (0,6) / (3,0) / (5,-4) / (1,-2) / (-3,0) / (-3,-1) / (-3,-3) / (5,0) / (2,0) / (-4,-4) / (4,0) / (-2,0)",6,"(-2,2)/(2,2)/(0,-2)/(1,2)/(3,3)/(-3,1)/(2,0)"
TokyoWinter2025,5.33,d,A,1,1,"(0,2) / (-5,4) / (0,3) / (0,-3) / (-3,0) / (6,-4) / (3,0) / (0,-5) / (0,-4) / (-4,0) / (2,0) / (-4,-2)",6,"(2,0)/(2,2)/(2,1)/(2,3)/(3,0)/(3,5)/(3,-2)"
TokyoWinter2025,5.33,d,A,1,2,"(1,0) / (0,-3) / (2,-1) / (0,-3) / (-3,0) / (1,-5) / (6,-4) / (6,-3) / (0,-3) / (0,-1) / (6,0)",5,"(4,1)/(5,0)/(-3,0)/(4,0)/(2,5)/(3,-2)"
AbruzzoalCubo2025,5.33,c,B,0,1,"(0,2) / (-5,-2) / (2,-4) / (0,-3) / (-5,-5) / (3,-4) / (-3,0) / (-1,0) / (0,-5) / (2,0) / (4,-1) / (-4,0) /",7,"(-2,3)/(-2,0)/(-2,3)/(4,2)/(-2,2)/(2,1)/(-3,-3)/(2,-2)"
AbruzzoalCubo2025,5.33,c,B,0,2,"(-5,3) / (5,-4) / (-3,-3) / (-2,-2) / (3,0) / (6,-1) / (-3,-3) / (-5,0) / (6,0) / (-4,0) / (-4,0)",5,"(4,-2)/(4,0)/(-4,-1)/(3,3)/(6,2)/(3,-2)"
AbruzzoalCubo2025,5.33,c,B,0,3,"(4,6) / (-3,-3) / (-3,0) / (5,-4) / (3,0) / (-2,0) / (-3,0) / (0,-3) / (-5,0) / (0,-2) / (-4,0) / (-4,-3) / (0,-2)",8,"(-3,2)/(2,1)/(0,-2)/(2,0)/(-4,-1)/(3,3)/(-3,2)/(4,1)/(2,0)"
AbruzzoalCubo2025,5.33,c,B,0,4,"(-2,0) / (3,-3) / (-1,-1) / (3,-3) / (1,-2) / (5,0) / (0,-3) / (3,0) / (-1,0) / (1,0) /",5,"(-3,0)/(0,3)/(0,5)/(4,1)/(-1,-4)/(3,-2)"
AbruzzoalCubo2025,5.33,c,B,0,5,"(0,5) / (1,1) / (-3,0) / (5,-4) / (3,0) / (0,-3) / (-3,-2) / (3,0) / (-3,-4) / (4,0) / (-4,-4) / (0,-3) /",7,"(2,-2)/(2,-1)/(2,0)/(-2,-3)/(-3,-2)/(-3,0)/(-2,3)/(2,0)"
AbruzzoalCubo2025,5.33,c,B,1,1,"(0,-4) / (6,3) / (4,1) / (-3,0) / (-4,-1) / (0,-5) / (-3,0) / (0,-1) / (2,-3) / (-5,-2) / (0,-3) / (2,0) /",6,"(0,2)/(0,-2)/(4,-1)/(-3,0)/(2,0)/(0,-3)/(3,-2)"
AbruzzoalCubo2025,5.33,c,B,1,2,"(4,0) / (6,3) / (3,0) / (0,-3) / (-1,-1) / (1,-3) / (0,-3) / (3,0) / (4,0) / (-4,-2)",5,"(4,2)/(2,3)/(0,3)/(3,-1)/(-2,-5)/(2,0)"
NinosHeroesJalisco2024,5.33,f,A,0,1,"(0,-1) / (1,1) / (3,0) / (5,-4) / (-3,0) / (-2,-2) / (0,-1) / (0,-3) / (5,-3) / (6,-3)",4,"(-2,3)/(0,-3)/(5,0)/(-5,-5)/(2,0)"
NinosHeroesJalisco2024,5.33,f,A,0,2,"(4,0) / (3,0) / (-4,-1) / (-5,-2) / (0,-3) / (-1,-3) / (0,-3) / (0,-1) / (3,-2) / (-2,0) / (-3,0) / (-2,-3) / (3,0)",8,"(2,1)/(1,-2)/(-1,0)/(0,2)/(1,-4)/(3,3)/(3,-2)/(5,2)/(3,-2)"
NinosHeroesJalisco2024,5.33,f,A,0,3,"(-3,-4) / (-3,3) / (1,-2) / (0,-3) / (-1,-4) / (-2,-3) / (0,-3) / (-1,-3) / (-5,-5) / (-4,0) / (2,0)",4,"(-2,3)/(0,-3)/(3,0)/(-3,-4)/(3,-2)"
NinosHeroesJalisco2024,5.33,f,A,0,4,"(0,5) / (-5,1) / (0,3) / (2,-1) / (0,-2) / (-3,0) / (0,-1) / (-4,0) / (4,0) / (-4,0) / (4,-3) / (0,-2) / (-2,-2)",7,"(0,5)/(0,2)/(2,1)/(-2,3)/(0,5)/(1,-3)/(3,0)/(2,-2)"
NinosHeroesJalisco2024,5.33,f,A,0,5,"(-2,0) / (-4,-1) / (0,3) / (-3,-3) / (-2,-2) / (5,0) / (-3,-3) / (-2,-5) / (0,-2) / (4,0) / (2,0) / (-4,-2)",6,"(6,0)/(-2,0)/(0,-4)/(1,2)/(3,3)/(3,-5)/(2,0)"
NinosHeroesJalisco2024,5.33,f,A,1,1,"(0,2) / (0,3) / (-3,3) / (-5,-5) / (-3,0) / (-1,-4) / (4,0) / (3,0) / (3,0) / (-1,-3) / (-5,-2) / (-2,-1)",6,"(-2,1)/(1,0)/(-3,-1)/(0,-3)/(0,-3)/(0,-1)/(3,-2)"
NinosHeroesJalisco2024,5.33,f,A,1,2,"(0,2) / (6,0) / (0,-3) / (-2,-2) / (0,-3) / (5,-1) / (-2,0) / (3,0) / (-4,0) / (-5,0) / (-2,-3) / (0,-2) / (-2,0) / (0,-1)",7,"(0,3)/(2,-3)/(0,5)/(4,1)/(-1,-2)/(1,0)/(6,-3)/"
HessenOpen2019,5.33,f,B,0,1,"(-5,0) / (-1,2) / (0,-3) / (1,-2) / (5,-4) / (1,0) / (-3,-3) / (1,-2) / (4,0) / (-2,0) / (-5,-2) / (0,-4) /",8,"(5,1)/(3,2)/(-4,0)/(0,-5)/(-2,3)/(1,2)/(3,0)/(6,-2)/(2,0)"
HessenOpen2019,5.33,f,B,0,2,"(3,5) / (1,-5) / (-3,0) / (6,-3) / (2,-4) / (-2,0) / (-3,-3) / (3,0) / (-4,-2) / (4,-4) / (-4,0)",5,"(4,-2)/(4,-2)/(2,1)/(3,3)/(6,-4)/(3,-2)"
HessenOpen2019,5.33,f,B,0,3,"(0,5) / (-5,-5) / (-3,3) / (0,-3) / (6,-4) / (-3,0) / (5,-2) / (-2,0) / (2,0) / (4,0) / (0,-1) / (-5,0) / (-1,0) /",7,"(0,1)/(-2,-1)/(0,-2)/(2,0)/(4,-1)/(-3,0)/(-1,6)/(3,-2)"
HessenOpen2019,5.33,f,B,0,4,"(4,0) / (2,5) / (-5,4) / (5,-4) / (3,0) / (6,0) / (0,-2) / (-3,0) / (4,-3) / (-4,0) / (-2,0)",5,"(2,0)/(1,2)/(0,3)/(3,-3)/(5,6)/(3,-2)"
HessenOpen2019,5.33,f,B,0,5,"(3,-4) / (-3,0) / (-5,-5) / (3,0) / (-3,-3) / (6,0) / (0,-4) / (-3,0) / (-1,0) / (-4,0) / (-2,-2) / (4,0) / (2,-4)",6,"(4,-2)/(0,4)/(-4,0)/(-1,4)/(-3,0)/(-3,2)/(3,-2)"
HessenOpen2019,5.33,f,B,1,1,"(0,5) / (-5,4) / (-4,5) / (-2,-5) / (2,-4) / (-2,0) / (-3,-3) / (-5,0) / (-2,-2) / (-2,-2) / (-2,0) /",5,"/(4,2)/(2,1)/(3,3)/(6,5)/(3,-2)"
HessenOpen2019,5.33,f,B,1,2,"(-5,0) / (-3,3) / (0,3) / (5,-1) / (3,0) / (4,0) / (-3,-3) / (5,0) / (-4,0) / (-5,0) / (0,-2) / (0,-4) / (-3,0) / (-3,0)",8,"(3,-1)/(-2,-1)/(0,-4)/(0,3)/(0,2)/(-1,-2)/(0,-3)/(4,-3)/(2,0)"
IIRecifeOpen2018,5.33,c,A,0,1,"(0,-4) / (-3,3) / (3,0) / (0,-3) / (1,-2) / (0,-3) / (-1,0) / (3,0) / (3,0) / (4,0) / (4,0) / (0,-4) / (0,-4) / (-4,-3)",7,"(4,1)/(0,4)/(-4,0)/(2,-2)/(0,3)/(-3,0)/(-3,4)/(2,0)"
IIRecifeOpen2018,5.33,c,A,0,2,"(-3,-1) / (0,-3) / (-5,-2) / (0,-3) / (3,0) / (3,-3) / (5,0) / (6,-3) / (2,-5) / (4,0) / (6,0) /",5,"(6,0)/(2,0)/(1,-4)/(0,3)/(-1,-3)/(3,-2)"
IIRecifeOpen2018,5.33,c,A,0,3,"(1,0) / (3,3) / (-4,-1) / (4,-2) / (-1,-4) / (3,-2) / (-3,0) / (-2,-1) / (4,-3) / (-3,-4) / (-2,0)",7,"(2,-2)/(-1,0)/(-2,0)/(0,-4)/(-1,-2)/(0,-3)/(-2,3)/(2,0)"
IIRecifeOpen2018,5.33,c,A,0,4,"(-5,3) / (0,3) / (3,0) / (-1,-4) / (-3,0) / (-2,-2) / (-4,0) / (0,-3) / (6,-3) / (2,0) / (-5,-2)",5,"(6,0)/(3,-1)/(-3,0)/(3,-3)/(0,-5)/(2,0)"
IIRecifeOpen2018,5.33,c,A,0,5,"(-2,0) / (-4,-4) / (3,0) / (1,-2) / (5,-1) / (-3,-2) / (0,-3) / (4,0) / (0,-3) / (0,-3) / (6,-1)",5,"(-1,0)/(1,3)/(0,3)/(3,-3)/(-1,3)/(3,-2)"
IIRecifeOpen2018,5.33,c,A,1,1,"(4,0) / (2,-4) / (3,-3) / (1,-2) / (-3,0) / (0,-3) / (-4,0) / (-3,0) / (3,0) / (0,-1) / (-5,-5) / (-1,0) / (0,-2)",6,"(0,2)/(-2,-1)/(-3,-1)/(-3,1)/(0,3)/(-2,-3)/(2,0)"
IIRecifeOpen2018,5.33,c,A,1,2,"(3,-4) / (0,-3) / (-3,-3) / (-3,0) / (-2,-2) / (0,-4) / (-3,0) / (-1,0) / (-4,-3) / (1,0) / (-2,0) / (0,-5) / (5,0) /",7,"(3,1)/(0,-2)/(1,-4)/(4,-2)/(0,-4)/(1,-4)/(-3,6)/"
PasigSpeedcubingOpen2026,5.67,f,A,0,1,"(-2,-3) / (-1,-1) / (3,0) / (0,-3) / (3,-3) / (-5,0) / (-3,-3) / (1,0) / (-2,-2) / (4,0) / (4,0) / (-2,0)",6,"(-4,0)/(0,-2)/(-4,-2)/(3,2)/(3,3)/(3,4)/(2,0)"
PasigSpeedcubingOpen2026,5.67,f,A,0,2,"(-2,6) / (0,3) / (-3,0) / (-1,-4) / (3,-3) / (-2,-3) / (6,-3) / (0,-4) / (-5,0) / (1,0)",5,"(-4,0)/(2,3)/(4,0)/(0,-3)/(-4,0)/(3,-2)"
PasigSpeedcubingOpen2026,5.67,f,A,0,3,"(-3,-1) / (4,4) / (3,0) / (2,-4) / (-3,0) / (0,-2) / (-3,-3) / (-2,-5) / (4,0) / (2,0) / (6,-2)",7,"(-2,0)/(4,2)/(-4,-2)/(-3,-2)/(3,3)/(-4,0)/(4,-5)/(2,0)"
PasigSpeedcubingOpen2026,5.67,f,A,0,4,"(0,5) / (0,-3) / (0,3) / (1,-2) / (0,-3) / (0,-3) / (3,0) / (-4,0) / (3,0) / (1,-4) / (0,-4) / (-2,-2) / (-4,0) / (4,0)",7,"(-4,0)/(-2,2)/(2,-2)/(4,-1)/(-3,0)/(3,1)/(3,0)/(2,0)"
PasigSpeedcubingOpen2026,5.67,f,A,0,5,"(0,2) / (-5,4) / (-1,2) / (3,0) / (1,-5) / (5,-3) / (3,0) / (0,-3) / (6,-5) / (-1,0) /",6,"(1,-3)/(-3,2)/(3,0)/(0,-2)/(-4,-1)/(6,3)/(3,-2)"
PasigSpeedcubingOpen2026,5.67,f,A,1,1,"(-5,0) / (-1,-4) / (4,1) / (2,-1) / (-5,-2) / (-4,0) / (0,-3) / (-2,0) / (5,0)",5,"(1,0)/(2,-1)/(-3,0)/(-3,-2)/(6,3)/(2,-2)"
PasigSpeedcubingOpen2026,5.67,f,A,1,2,"(0,5) / (3,0) / (0,6) / (0,-3) / (4,-5) / (3,0) / (3,-4) / (3,0) / (2,0) / (-5,0) / (4,0) / (-5,0) / (4,-5) /",7,"(6,0)/(-4,-2)/(-4,0)/(1,2)/(3,0)/(-4,0)/(-2,-5)/(2,0)"
ChampionnatQuebecois2026,5.67,f,A,0,1,"(-3,-4) / (-5,1) / (3,0) / (0,-3) / (5,-3) / (0,-3) / (-3,0) / (-3,-5) / (-4,0) / (0,-4) / (-4,0)",6,"(4,0)/(-3,-2)/(5,0)/(0,4)/(-3,0)/(4,3)/(2,0)"
ChampionnatQuebecois2026,5.67,f,A,0,2,"(4,0) / (-3,0) / (-1,5) / (0,-3) / (1,-2) / (-1,-4) / (0,-5) / (3,-3) / (6,0) / (0,-1) / (-4,0) / (-2,-5)",6,"(2,-3)/(2,-3)/(5,0)/(1,-3)/(3,3)/(2,0)/(3,-2)"
ChampionnatQuebecois2026,5.67,f,A,0,3,"(4,-3) / (-1,5) / (3,0) / (4,-2) / (2,0) / (-3,0) / (-3,0) / (0,-3) / (6,-5) / (-2,0) / (-1,0) / (-4,-4)",7,"(0,-4)/(0,-3)/(0,4)/(-1,4)/(-3,0)/(4,0)/(5,2)/(3,-2)"
ChampionnatQuebecois2026,5.67,f,A,0,4,"(0,-1) / (0,3) / (3,-3) / (4,-2) / (3,0) / (5,-4) / (4,0) / (6,-3) / (0,-4) / (4,-5) / (-4,0) / (6,0) /",5,"(6,0)/(-2,0)/(0,5)/(-3,0)/(5,0)/(3,-2)"
ChampionnatQuebecois2026,5.67,f,A,0,5,"(0,-4) / (1,4) / (5,-1) / (-3,0) / (-5,-2) / (5,0) / (0,-3) / (4,-1) / (4,0) / (5,-2) / (4,0) / (6,-3)",7,"(0,5)/(3,2)/(0,4)/(1,-1)/(3,0)/(-3,0)/(2,3)/(3,-2)"
ChampionnatQuebecois2026,5.67,f,A,1,1,"(0,5) / (4,-2) / (-3,6) / (-4,-4) / (-3,0) / (0,-3) / (4,0) / (-3,-3) / (5,0) / (4,0) / (-2,0) / (-4,0) / (4,0)",6,"(-4,0)/(-2,2)/(0,4)/(-3,-2)/(3,3)/(0,1)/(2,0)"
ChampionnatQuebecois2026,5.67,f,A,1,2,"(0,-4) / (-5,-2) / (-1,-4) / (3,0) / (-2,-5) / (0,-4) / (-3,-3) / (5,-2) / (0,-4) / (2,0) / (-4,-2) /",5,"(4,-2)/(4,-2)/(4,2)/(2,-3)/(3,3)/"
PerthFavouritesEvening2026,5.67,c,A,0,1,"(0,5) / (3,0) / (4,4) / (3,-3) / (2,-1) / (1,0) / (0,-3) / (-1,-2) / (-3,0) / (2,-1) / (1,0) / (0,-1)",8,"(4,-2)/(2,-3)/(0,-1)/(2,3)/(2,0)/(0,1)/(3,0)/(0,5)/(3,-2)"
PerthFavouritesEvening2026,5.67,c,A,0,2,"(-2,-3) / (6,-3) / (-3,-3) / (-4,-1) / (-5,-3) / (0,-3) / (-1,0) / (-5,0) / (-4,-4) / (-2,-3) / (6,0)",7,"(4,-2)/(-2,-1)/(1,-2)/(1,-3)/(2,0)/(3,0)/(4,6)/(2,0)"
PerthFavouritesEvening2026,5.67,c,A,0,3,"(1,0) / (-1,5) / (0,3) / (4,-5) / (6,-1) / (0,-3) / (-1,0)",5,"(1,0)/(0,3)/(-4,0)/(-2,1)/(-4,-1)/(3,-2)"
PerthFavouritesEvening2026,5.67,c,A,0,4,"(0,5) / (3,0) / (1,-5) / (0,-3) / (3,0) / (0,-3) / (5,-3) / (3,0) / (1,0) / (2,-4) / (4,0) / (2,0) / (-2,-2)",7,"(2,2)/(-2,0)/(2,-2)/(3,0)/(-3,0)/(1,3)/(6,3)/(2,0)"
PerthFavouritesEvening2026,5.67,c,A,0,5,"(-2,0) / (2,-1) / (-5,-2) / (-3,0) / (5,-1) / (0,-2) / (3,0) / (-3,-4) / (0,-4) / (6,-5) / (4,0) / (3,0)",6,"(0,2)/(4,1)/(-4,-2)/(-2,2)/(2,-3)/(3,3)/"
PerthFavouritesEvening2026,5.67,c,A,1,1,"(0,2) / (-5,4) / (-4,-1) / (-5,-2) / (5,-4) / (1,-3) / (-3,-3) / (-5,0) / (4,0) / (-4,0) / (0,-4) / (-4,-2)",6,"(2,-2)/(4,2)/(1,-2)/(-5,0)/(3,-1)/(3,3)/"
PerthFavouritesEvening2026,5.67,c,A,1,2,"(-5,0) / (0,3) / (0,6) / (-3,0) / (5,-4) / (1,-2) / (-3,-1) / (-3,-3) / (5,0) / (-4,0) / (2,0)",5,"(-2,0)/(4,0)/(-5,0)/(3,3)/(0,4)/(2,0)"
EstonianChampionship2025,5.67,d,B,0,1,"(0,-4) / (3,0) / (1,-5) / (6,0) / (-4,-4) / (-2,-3) / (-3,0) / (5,-2) / (6,-4) / (0,-2) / (5,-2) / (0,-5)",7,"(6,0)/(3,-2)/(-4,2)/(1,-4)/(2,3)/(0,3)/(0,2)/(3,-2)"
EstonianChampionship2025,5.67,d,B,0,2,"(4,0) / (-4,2) / (-2,-5) / (-4,-1) / (1,0) / (-3,-3) / (-5,0) / (6,-2) / (6,-4)",6,"(6,0)/(-3,-2)/(-5,0)/(3,-1)/(3,3)/(6,5)/(3,-2)"
EstonianChampionship2025,5.67,d,B,0,3,"(1,0) / (0,3) / (-1,2) / (6,-5) / (-3,-3) / (3,0) / (-1,-3) / (-4,-2) / (-2,0) / (-2,0) / (5,0) / (2,0)",8,"(4,-1)/(4,-1)/(2,-2)/(2,-2)/(-3,2)/(3,3)/(3,-2)/(0,3)/(2,0)"
EstonianChampionship2025,5.67,d,B,0,4,"(0,-4) / (3,0) / (-5,-2) / (0,-3) / (2,-4) / (3,0) / (-2,0) / (-3,-3) / (-1,-4) / (2,0)",5,"(2,1)/(3,3)/(-5,0)/(0,3)/(-4,-1)/(3,-2)"
EstonianChampionship2025,5.67,d,B,0,5,"(0,-4) / (0,-3) / (4,4) / (5,-1) / (1,-2) / (-1,0) / (-3,0) / (3,0) / (-5,-3) / (4,0) / (2,-4) /",6,"/(4,-2)/(-1,4)/(1,0)/(0,3)/(6,-2)/(2,0)"
EstonianChampionship2025,5.67,d,B,1,1,"(-5,0) / (-3,-3) / (5,2) / (-2,-5) / (3,0) / (-3,0) / (-1,0) / (3,-3) / (6,-3) / (0,-3) / (-2,-4) / (-2,0)",4,"(2,0)/(-1,-2)/(-3,0)/(-5,-3)/(2,0)"
EstonianChampionship2025,5.67,d,B,1,2,"(0,5) / (1,-2) / (5,-4) / (3,0) / (3,0) / (-3,-3) / (0,-5) / (-3,0) / (3,0) / (6,0) / (-5,0) / (-2,0) / (-2,0) / (-4,0)",7,"(0,-4)/(-3,-2)/(-2,0)/(3,-2)/(-2,3)/(2,1)/(3,0)/"
BilbaoOpen2025,5.67,f,A,0,1,"(0,2) / (0,-3) / (4,1) / (-3,-3) / (0,-3) / (-3,-3) / (5,0) / (3,0) / (-5,0) / (3,0) / (6,0) /",4,"/(-1,-3)/(-3,0)/(-3,-4)/(3,-2)"
BilbaoOpen2025,5.67,f,A,0,2,"(0,5) / (6,3) / (-2,4) / (5,-4) / (-3,0) / (3,-5) / (0,-3) / (-3,-3) / (-3,0)",4,"(3,-3)/(0,5)/(0,-3)/(4,1)/(2,0)"
BilbaoOpen2025,5.67,f,A,0,3,"(0,2) / (3,0) / (-3,0) / (-2,-5) / (3,0) / (3,0) / (5,0) / (-3,0) / (4,-1) / (6,-2) / (-2,0) / (-4,0)",8,"(4,0)/(2,0)/(0,-4)/(0,-4)/(4,1)/(2,3)/(3,0)/(4,3)/(2,0)"
BilbaoOpen2025,5.67,f,A,0,4,"(0,2) / (0,3) / (1,4) / (0,-3) / (-3,-3) / (6,0) / (-4,0) / (-3,-3) / (2,0) / (-5,0) / (0,-3) / (-2,0) / (-2,0)",6,"(-4,-2)/(4,2)/(2,0)/(3,0)/(3,3)/(2,0)/(3,-2)"
BilbaoOpen2025,5.67,f,A,0,5,"(0,-1) / (-3,-3) / (-2,-5) / (3,0) / (5,-1) / (0,-3) / (-2,0) / (-3,-3) / (-5,-4) / (-2,-4) / (-2,-4) /",7,"(2,2)/(2,2)/(4,0)/(3,2)/(3,3)/(2,0)/(-3,6)/(3,-2)"
BilbaoOpen2025,5.67,f,A,1,1,"(4,0) / (5,2) / (0,-3) / (6,0) / (0,-5) / (-3,0) / (-2,0) / (0,-1) / (4,0) / (-3,0) / (-2,-3) / (-1,-5) / (6,0)",8,"(3,0)/(2,-1)/(1,-2)/(-2,3)/(-1,0)/(-2,0)/(0,-3)/(2,-3)/(3,-2)"
BilbaoOpen2025,5.67,f,A,1,2,"(0,2) / (6,3) / (-2,4) / (3,0) / (0,-3) / (3,-1) / (0,-3) / (-1,0) / (-2,-4) / (2,0) / (0,-4) / (4,0) / (0,-4)",8,"(2,-2)/(4,0)/(3,2)/(4,1)/(2,3)/(-1,0)/(-3,0)/(-5,3)/(2,0)"
IsraelChampionship2025,5.67,d,A,0,1,"(4,0) / (2,-1) / (-2,1) / (0,-3) / (-3,-3) / (-1,0) / (0,-3) / (4,-1) / (0,-4) / (0,-3) / (-2,-2) / (-2,-4) /",7,"(4,2)/(-1,2)/(4,-1)/(-2,1)/(-4,0)/(3,2)/(3,3)/(2,-2)"
IsraelChampionship2025,5.67,d,A,0,2,"(4,3) / (0,3) / (0,-3) / (-1,-1) / (-2,-5) / (0,-3) / (5,0) / (0,-3) / (4,0) / (-1,0) / (3,0) / (-3,0)",4,"(3,-3)/(3,1)/(0,-3)/(2,5)/(3,-2)"
IsraelChampionship2025,5.67,d,A,0,3,"(0,-4) / (-3,0) / (3,0) / (0,-3) / (-5,-2) / (-3,0) / (0,-3) / (0,-4) / (-3,-3) / (1,0) / (2,0) / (6,-4) / (4,0) / (4,0)",6,"(4,-2)/(0,2)/(2,0)/(3,2)/(3,3)/(-3,4)/(2,0)"
IsraelChampionship2025,5.67,d,A,0,4,"(0,-4) / (-3,3) / (-5,4) / (-3,-3) / (3,0) / (-4,-3) / (-3,-3) / (3,0) / (5,-5) / (0,-2) / (2,0) /",6,"(-4,0)/(2,2)/(-4,2)/(0,-2)/(2,1)/(-3,-3)/(2,-2)"
IsraelChampionship2025,5.67,d,A,0,5,"(0,2) / (-3,0) / (4,-5) / (-3,0) / (2,-1) / (6,-3) / (4,0) / (3,0) / (-4,0) / (-5,0) / (4,-3) / (6,-4) / (1,0)",8,"(6,0)/(1,-4)/(0,-3)/(0,-4)/(0,-2)/(-1,4)/(-3,0)/(-5,6)/(2,0)"
IsraelChampionship2025,5.67,d,A,1,1,"(-5,3) / (-4,-1) / (1,-5) / (3,0) / (-4,-1) / (6,-2) / (3,0) / (-5,0) / (2,0) / (-2,-4) / (-5,0) / (4,0)",5,"(-4,2)/(4,2)/(-4,0)/(2,-3)/(-3,-3)/(2,-2)"
IsraelChampionship2025,5.67,d,A,1,2,"(1,0) / (-3,6) / (-1,2) / (3,0) / (-2,-2) / (-3,0) / (-1,0) / (-3,-3) / (2,-3) / (-4,-4) / (2,0) / (-2,0) /",7,"(4,-2)/(-2,0)/(4,2)/(3,2)/(3,3)/(-4,0)/(0,-3)/(3,-2)"
SparkMelbourneJuly2025,5.67,d,A,0,1,"(0,5) / (-3,0) / (-3,0) / (0,-3) / (6,0) / (-5,-2) / (-3,-1) / (-3,-3) / (5,0) / (-2,-4) / (6,-4) / (-4,-3) /",7,"(5,0)/(-4,1)/(-2,0)/(2,0)/(1,-4)/(3,3)/(-1,3)/(3,-2)"
SparkMelbourneJuly2025,5.67,d,A,0,2,"(-3,-1) / (-5,-2) / (-1,-4) / (-2,-5) / (-1,-4) / (0,-5) / (-3,-3) / (-3,0) / (-5,-1) / (2,0) / (4,0) /",5,"(-4,2)/(0,-2)/(0,-2)/(2,1)/(3,3)/"
SparkMelbourneJuly2025,5.67,d,A,0,3,"(-5,0) / (3,-3) / (-3,0) / (-4,-1) / (-3,0) / (-5,0) / (-3,-3) / (6,-2) / (6,-1) / (4,-5) / (2,-2) /",7,"(6,0)/(0,-4)/(0,4)/(1,2)/(3,3)/(2,3)/(4,1)/(2,0)"
SparkMelbourneJuly2025,5.67,d,A,0,4,"(1,0) / (2,5) / (6,-3) / (4,-2) / (0,-3) / (-3,0) / (-1,0) / (-3,0) / (3,0) / (-5,-1) / (-4,0) / (2,0) /",6,"(2,-2)/(-4,0)/(4,2)/(-2,0)/(2,1)/(3,0)/"
SparkMelbourneJuly2025,5.67,d,A,0,5,"(-2,3) / (-4,2) / (1,-2) / (5,-4) / (3,0) / (-3,-2) / (6,0) / (3,-3) / (-3,0) / (-1,0) /",4,"/(1,-3)/(3,3)/(0,4)/(2,0)"
SparkMelbourneJuly2025,5.67,d,A,1,1,"(-5,0) / (0,3) / (-3,0) / (5,-1) / (-3,0) / (0,-2) / (-3,0) / (-2,0) / (0,-1) / (4,-3) / (0,-2) / (2,0) / (4,0) / (0,-1)",7,"(5,0)/(1,0)/(-2,-3)/(-4,2)/(0,4)/(-3,-2)/(6,3)/(2,-2)"
SparkMelbourneJuly2025,5.67,d,A,1,2,"(0,-4) / (-2,-2) / (-3,3) / (-4,-1) / (0,-3) / (6,-2) / (-3,0) / (-2,-1) / (-2,0) / (-4,-3) / (1,0)",6,"(-1,-2)/(0,5)/(1,2)/(2,3)/(0,3)/(3,5)/(3,-2)"
PUCPCubingFestivalV2025,5.67,c,B,0,1,"(-3,2) / (-5,1) / (0,-3) / (5,-1) / (6,0) / (-5,0) / (0,-3) / (-1,0) / (4,0) / (2,-4) / (6,0)",7,"(4,0)/(0,-3)/(5,0)/(-4,-2)/(2,3)/(3,0)/(6,5)/(3,-2)"
PUCPCubingFestivalV2025,5.67,c,B,0,2,"(-2,3) / (-3,0) / (-3,3) / (5,-4) / (3,0) / (1,-3) / (-3,-3) / (3,0) / (2,0) / (0,-4) / (-4,0) /",6,"(3,0)/(5,0)/(-3,2)/(0,-4)/(3,-2)/(-3,-3)/"
PUCPCubingFestivalV2025,5.67,c,B,0,3,"(3,2) / (-3,6) / (-3,0) / (1,-2) / (5,-4) / (4,-3) / (-3,0) / (-1,0) / (-4,-3) / (-2,-2)",4,"(2,2)/(-2,-3)/(-3,-2)/(3,6)/(2,-2)"
PUCPCubingFestivalV2025,5.67,c,B,0,4,"(-5,0) / (3,0) / (2,5) / (3,0) / (4,-2) / (-3,0) / (-4,0) / (-3,0) / (4,0) / (-1,0) / (4,0) / (0,-3) / (-4,0) / (-4,0)",8,"(6,0)/(-4,2)/(-2,3)/(-2,-1)/(2,0)/(-4,1)/(0,3)/(0,-4)/(3,-2)"
PUCPCubingFestivalV2025,5.67,c,B,0,5,"(-2,0) / (5,2) / (1,4) / (0,-3) / (-4,0) / (3,0) / (-5,-3) / (-1,0) / (4,-3) / (2,-5) / (-4,0) / (0,-2) / (-2,0)",7,"(3,2)/(2,1)/(0,-2)/(4,-1)/(-3,0)/(0,-5)/(2,5)/(3,-2)"
PUCPCubingFestivalV2025,5.67,c,B,1,1,"(1,0) / (3,0) / (3,0) / (5,-1) / (-2,-2) / (-4,-1) / (-5,0) / (0,-3) / (5,0) / (6,0) /",5,"(1,4)/(-1,0)/(0,-3)/(1,-3)/(5,5)/(3,-2)"
PUCPCubingFestivalV2025,5.67,c,B,1,2,"(-3,5) / (-5,-2) / (2,-1) / (-3,0) / (-2,-5) / (-4,-3) / (0,-3) / (-2,-1) / (0,-2) / (-4,0) / (6,-5) / (6,0)",6,"(1,-4)/(0,-4)/(-4,-2)/(-1,0)/(-3,0)/(-3,-1)/(3,-2)"
Cube4funinBelchatow2025,5.67,f,A,0,1,"(4,0) / (3,0) / (5,2) / (-3,0) / (4,-5) / (2,0) / (6,-3) / (2,-5) / (4,-4) / (4,0) / (6,0)",6,"(-4,2)/(4,0)/(1,-4)/(3,0)/(-1,-3)/(1,4)/(2,0)"
Cube4funinBelchatow2025,5.67,f,A,0,2,"(-2,0) / (-3,0) / (5,-1) / (-3,0) / (6,-5) / (-3,0) / (4,-3) / (2,0) / (4,0) / (4,-3) / (2,0) /",7,"(2,2)/(0,5)/(2,0)/(0,-3)/(2,1)/(3,0)/(-2,6)/(2,0)"
Cube4funinBelchatow2025,5.67,f,A,0,3,"(3,-4) / (4,1) / (5,-1) / (4,-5) / (-1,-4) / (1,0) / (3,0) / (6,-3) / (-3,-2) / (-1,-2)",6,"(0,2)/(0,-1)/(1,-3)/(0,3)/(3,0)/(5,-3)/(3,-2)"
Cube4funinBelchatow2025,5.67,f,A,0,4,"(-3,5) / (0,3) / (-3,0) / (-3,0) / (4,-2) / (-3,0) / (-3,-4) / (-3,-3) / (-1,-2) / (4,-2) / (-4,-2) / (6,0)",7,"(2,-2)/(4,2)/(0,4)/(1,2)/(3,3)/(-1,3)/(1,4)/(2,0)"
Cube4funinBelchatow2025,5.67,f,A,0,5,"(-2,0) / (0,-3) / (0,-3) / (-1,-4) / (6,-3) / (-2,-3) / (-3,0) / (3,0) / (0,-2) / (-1,0) / (-2,0)",5,"(-1,3)/(0,-3)/(4,0)/(-4,-1)/(-2,-5)/(2,0)"
Cube4funinBelchatow2025,5.67,f,A,1,1,"(-2,0) / (2,5) / (-2,1) / (2,-1) / (4,-2) / (-4,0) / (-3,0) / (4,0) / (3,0) / (2,-1) /",5,"(1,3)/(1,0)/(-4,0)/(0,3)/(-2,6)/(2,0)"
Cube4funinBelchatow2025,5.67,f,A,1,2,"(-5,0) / (5,-1) / (0,3) / (4,-2) / (-3,0) / (0,-3) / (-1,0) / (0,-3) / (3,-1) / (-3,0) / (1,-4) / (2,-4)",6,"(0,-3)/(1,4)/(0,2)/(0,-1)/(0,-3)/(2,6)/(3,-2)"
AvenidaChileXXIII2025,5.67,d,B,0,1,"(0,-4) / (3,3) / (0,6) / (-3,0) / (-2,-5) / (3,0) / (2,-3) / (-3,-3) / (0,-1) / (-2,0) / (4,0) / (0,-2) / (-2,0)",7,"(2,0)/(-4,2)/(-2,0)/(-3,-2)/(3,3)/(-4,0)/(4,-5)/(2,0)"
AvenidaChileXXIII2025,5.67,d,B,0,2,"(0,-4) / (-5,4) / (3,0) / (0,-3) / (2,-1) / (-3,-5) / (3,0) / (3,-3) / (-4,-5) / (6,-4) /",6,"(4,-2)/(-4,2)/(4,0)/(0,-1)/(1,-3)/(-3,6)/"
AvenidaChileXXIII2025,5.67,d,B,0,3,"(3,-1) / (3,-3) / (-2,-5) / (3,0) / (2,-4) / (-5,0) / (-3,-3) / (3,0) / (4,0) / (6,0) / (-4,0) / (-2,0)",5,"(2,-2)/(-4,-2)/(1,4)/(3,3)/(-1,3)/(3,-2)"
AvenidaChileXXIII2025,5.67,d,B,0,4,"(-2,0) / (3,0) / (6,3) / (3,0) / (-1,-1) / (-5,0) / (-3,-3) / (-1,0) / (4,0) / (-2,0) /",6,"(0,-4)/(4,0)/(3,-2)/(3,3)/(0,4)/(-1,-4)/(3,-2)"
AvenidaChileXXIII2025,5.67,d,B,0,5,"(4,0) / (-1,5) / (0,-3) / (-3,0) / (1,-2) / (-1,-4) / (-2,0) / (0,-3) / (-1,0) / (-2,-2) / (3,0) / (-4,0)",4,"(0,-1)/(4,1)/(-3,2)/(6,-3)/"
AvenidaChileXXIII2025,5.67,d,B,1,1,"(0,2) / (0,-3) / (-2,1) / (3,0) / (-4,-4) / (6,0) / (-5,0) / (0,-3) / (-1,0) / (-5,0) / (2,0) / (-1,-2) / (6,0)",7,"(6,0)/(1,-4)/(-2,0)/(-1,4)/(1,4)/(-4,0)/(3,0)/"
AvenidaChileXXIII2025,5.67,d,B,1,2,"(-3,5) / (0,-3) / (0,-3) / (4,-2) / (-4,-1) / (-3,-5) / (-3,-3) / (-2,-1) / (-2,0) / (4,0) / (4,-5) / (6,0)",7,"(-1,0)/(-2,-3)/(0,4)/(4,0)/(2,-2)/(3,-2)/(-3,-3)/"
KindaMaybeMinisota2025,5.67,1,A,0,1,"(0,-1) / (3,0) / (-5,4) / (5,-4) / (-2,-5) / (0,-3) / (2,0) / (-3,0) / (6,-1) / (-5,-3) / (-3,-3)",5,"(3,-3)/(1,0)/(0,-3)/(2,0)/(3,0)/"
KindaMaybeMinisota2025,5.67,1,A,0,2,"(0,5) / (-3,6) / (1,1) / (3,0) / (3,0) / (0,-1) / (0,-3) / (-3,0) / (0,-4) / (-4,0) / (-2,0) / (4,0) / (2,-4)",7,"(4,-2)/(0,2)/(3,2)/(0,5)/(-3,2)/(2,1)/(6,-3)/(2,-2)"
KindaMaybeMinisota2025,5.67,1,A,0,3,"(0,2) / (6,3) / (-2,4) / (0,-3) / (-4,-1) / (4,0) / (-3,0) / (5,-3) / (0,-5) / (0,-5) / (4,-4) / (0,-5) /",6,"(0,-4)/(0,5)/(2,-3)/(5,0)/(1,3)/(-3,6)/"
KindaMaybeMinisota2025,5.67,1,A,0,4,"(-2,0) / (2,-1) / (6,3) / (1,-5) / (2,-1) / (-5,0) / (3,0) / (0,-3) / (-2,0) / (-4,0) / (3,0)",6,"(3,-3)/(5,0)/(1,-3)/(3,0)/(3,1)/(-3,-3)/(2,0)"
KindaMaybeMinisota2025,5.67,1,A,0,5,"(-2,0) / (3,0) / (-4,5) / (-5,-5) / (6,0) / (-1,0) / (3,0) / (1,0) / (4,0) / (0,-4) / (1,-4) / (-2,0) / (5,0) / (1,0)",8,"(5,1)/(2,0)/(4,-1)/(0,4)/(-1,4)/(1,4)/(-4,0)/(3,0)/"
KindaMaybeMinisota2025,5.67,1,A,1,1,"(3,2) / (0,6) / (-3,0) / (4,-5) / (3,0) / (-4,-1) / (0,-2) / (0,-3) / (0,-1) / (0,-4) / (-2,-5) / (-1,0) / (-2,0)",6,"(0,-1)/(-1,4)/(0,2)/(1,2)/(0,3)/(3,-5)/(2,0)"
KindaMaybeMinisota2025,5.67,1,A,1,2,"(-2,0) / (0,-3) / (-3,0) / (3,0) / (5,-1) / (3,0) / (-3,-5) / (3,0) / (-3,0) / (-2,-4) / (0,-2) / (0,-5) / (3,0)",5,"(2,0)/(2,0)/(-2,-1)/(-3,0)/(2,6)/(3,-2)"
UCDCubeDays2025,5.67,c,B,0,1,"(0,-1) / (-3,-3) / (0,3) / (1,-2) / (6,0) / (-1,0) / (-3,-3) / (-2,-1) / (-4,0) / (4,0) / (0,-5)",6,"(2,1)/(4,0)/(-4,0)/(1,2)/(3,3)/(-1,6)/(3,-2)"
UCDCubeDays2025,5.67,c,B,0,2,"(0,-1) / (0,-3) / (-3,0) / (-2,-5) / (0,-3) / (0,-3) / (0,-4) / (6,-3) / (-5,-4) / (-4,0) / (0,-2) / (0,-1) / (0,-2) / (0,-3)",7,"(0,4)/(0,-2)/(0,-3)/(-4,0)/(4,-1)/(-3,0)/(3,-2)/(2,0)"
UCDCubeDays2025,5.67,c,B,0,3,"(-3,-4) / (6,0) / (0,3) / (-3,-3) / (-2,-5) / (3,0) / (0,-4) / (-3,0) / (5,-3) / (1,0) / (6,-2)",6,"(0,-4)/(-2,-1)/(-2,-3)/(5,0)/(0,-3)/(-3,5)/(3,-2)"
UCDCubeDays2025,5.67,c,B,0,4,"(4,0) / (2,-4) / (1,4) / (-1,-4) / (-2,-5) / (6,-4) / (0,-3) / (-1,0) / (0,-2) / (0,-2) / (-5,-4) / (4,0)",7,"(-4,0)/(-1,-2)/(2,-3)/(-2,0)/(-1,-3)/(0,-3)/(1,6)/(2,0)"
UCDCubeDays2025,5.67,c,B,0,5,"(-3,-4) / (4,1) / (2,-4) / (-3,0) / (3,-3) / (4,-3) / (3,0) / (3,-5) / (0,-4) / (0,-3) / (-5,-2)",5,"(-4,-1)/(3,3)/(0,5)/(1,4)/(-3,6)/(2,0)"
UCDCubeDays2025,5.67,c,B,1,1,"(0,2) / (0,3) / (-5,4) / (-1,-4) / (3,0) / (6,0) / (-5,0) / (0,-3) / (3,-2) / (3,0) / (-3,-1)",4,"(2,0)/(4,0)/(0,-3)/(-3,4)/(2,0)"
UCDCubeDays2025,5.67,c,B,1,2,"(0,-1) / (0,3) / (-2,1) / (5,-4) / (3,0) / (6,0) / (-2,0) / (-3,0) / (3,0) / (2,-2) / (0,-4) / (1,0) / (6,0)",7,"(6,0)/(-1,0)/(0,4)/(1,-1)/(3,0)/(-3,0)/(5,6)/(3,-2)"
RacinginRosemount2025,5.67,d,C,0,1,"(3,5) / (-2,-5) / (-3,0) / (-4,-4) / (0,-3) / (0,-3) / (-5,0) / (-3,-3) / (5,0) / (0,-4) / (-2,0) / (-4,-2) /",7,"(-4,0)/(4,0)/(2,2)/(-2,2)/(3,2)/(3,3)/(5,3)/(3,-2)"
RacinginRosemount2025,5.67,d,C,0,2,"(-5,-3) / (3,0) / (-1,-1) / (0,-3) / (3,0) / (4,-5) / (5,0) / (-3,-3) / (0,-5) / (4,0) / (-4,-2) / (0,-2) / (6,0)",8,"(2,-2)/(-4,-2)/(-4,0)/(0,-4)/(2,-3)/(3,3)/(1,3)/(3,6)/(2,0)"
RacinginRosemount2025,5.67,d,C,0,3,"(-2,3) / (-3,0) / (-1,5) / (1,-2) / (5,-4) / (-2,-3) / (3,0) / (0,-5) / (2,-1) / (-2,0) / (-3,0)",4,"(-3,0)/(0,3)/(-2,-3)/(5,2)/(3,-2)"
RacinginRosemount2025,5.67,d,C,0,4,"(4,0) / (3,-3) / (6,0) / (-3,0) / (-4,-3) / (3,0) / (0,-4) / (-5,0) / (0,-4) / (2,0) / (1,0) / (2,-1) / (0,-2) / (4,0)",8,"(2,-3)/(0,-5)/(4,2)/(2,3)/(0,4)/(-1,4)/(-3,0)/(3,-4)/(3,-2)"
RacinginRosemount2025,5.67,d,C,0,5,"(1,0) / (6,0) / (-3,3) / (-3,0) / (-1,-4) / (-2,-3) / (-3,0) / (5,0) / (-2,0) / (-4,0) / (2,0) /",7,"(-2,0)/(-4,0)/(0,-2)/(4,-1)/(1,4)/(3,-1)/(6,3)/"
RacinginRosemount2025,5.67,d,C,1,1,"(1,0) / (-4,2) / (4,-5) / (2,-1) / (4,-2) / (3,-4) / (-3,-3) / (5,-2) / (2,-2) / (-4,-2)",6,"(2,2)/(4,-2)/(-4,1)/(3,3)/(4,0)/(5,2)/(3,-2)"
RacinginRosemount2025,5.67,d,C,1,2,"(0,-1) / (0,-3) / (-2,1) / (-3,-3) / (0,-3) / (0,-3) / (-4,0) / (3,0) / (0,-4) / (6,-2) / (0,-3) /",4,"(1,-3)/(2,-1)/(1,4)/(-3,6)/(2,0)"
SingaporeSkewbyMarch2025,5.67,f,A,0,1,"(4,0) / (0,3) / (-1,5) / (3,0) / (-3,0) / (1,-2) / (0,-1) / (-3,-3) / (1,0) / (0,-2) / (4,-4) / (0,-2) / (-2,-3)",6,"(2,1)/(-2,2)/(2,-2)/(1,-4)/(3,3)/(6,1)/(2,0)"
SingaporeSkewbyMarch2025,5.67,f,A,0,2,"(0,-4) / (0,3) / (-5,1) / (-3,-3) / (0,-3) / (-3,-3) / (0,-1) / (0,-3) / (-3,-2) / (0,-2) / (2,0) / (0,-4) / (4,0) /",7,"(0,-4)/(-2,0)/(3,-2)/(1,-3)/(2,0)/(3,0)/(3,-1)/(3,-2)"
SingaporeSkewbyMarch2025,5.67,f,A,0,3,"(-3,5) / (-5,1) / (3,0) / (0,-3) / (5,-1) / (6,-2) / (0,-3) / (4,0) / (0,-3) / (2,-4) / (-4,0) / (4,0)",5,"(-4,0)/(2,-2)/(2,3)/(3,0)/(0,-4)/(3,-2)"
SingaporeSkewbyMarch2025,5.67,f,A,0,4,"(0,2) / (-5,1) / (-1,2) / (3,0) / (-5,-2) / (-3,0) / (5,0) / (6,0) / (-3,0) / (0,-3) / (3,-5)",4,"(2,2)/(3,-2)/(-3,0)/(1,6)/(2,0)"
SingaporeSkewbyMarch2025,5.67,f,A,0,5,"(-3,5) / (-5,4) / (2,-4) / (6,-3) / (0,-3) / (4,0) / (0,-3) / (0,-2) / (0,-1) / (-4,0) / (-4,-1) /",6,"(1,-2)/(0,-2)/(0,-4)/(0,-1)/(0,-3)/(5,3)/(3,-2)"
SingaporeSkewbyMarch2025,5.67,f,A,1,1,"(0,-1) / (-5,-2) / (-4,5) / (1,-2) / (5,-1) / (3,-2) / (3,0) / (1,0) / (4,-4) / (-5,0) / (2,0) / (-2,0) /",8,"(2,-3)/(1,4)/(-4,-2)/(0,-5)/(3,-2)/(4,0)/(-3,2)/(0,3)/(2,-2)"
SingaporeSkewbyMarch2025,5.67,f,A,1,2,"(0,2) / (4,4) / (0,-3) / (6,0) / (-4,-4) / (3,0) / (4,0) / (0,-3) / (-1,-2) / (0,-2) / (0,-4) / (0,-5) / (3,-4) /",7,"/(3,-2)/(2,-2)/(5,0)/(1,-4)/(2,3)/(6,-3)/(2,-2)"
VIRecifeOpen2025,5.67,c,A,0,1,"(0,5) / (-2,1) / (2,-1) / (0,-3) / (4,-5) / (6,0) / (0,-1) / (-3,0) / (0,-2) / (5,0) / (0,-4)",5,"(3,-2)/(2,0)/(0,1)/(0,3)/(0,-4)/(3,-2)"
VIRecifeOpen2025,5.67,c,A,0,2,"(1,0) / (2,2) / (0,3) / (0,-3) / (-3,0) / (1,-5) / (2,-3) / (3,0) / (6,-4) / (-5,0) / (-1,-4) / (4,-5)",6,"(2,-1)/(4,0)/(0,-5)/(0,3)/(0,3)/(0,1)/(2,0)"
VIRecifeOpen2025,5.67,c,A,0,3,"(-2,3) / (0,3) / (-4,5) / (4,-5) / (2,-4) / (0,-2) / (3,0) / (1,-3) / (5,0) / (-3,-5) / (-2,-1)",6,"(4,0)/(1,3)/(0,-3)/(-3,0)/(-2,3)/(5,2)/(3,-2)"
VIRecifeOpen2025,5.67,c,A,0,4,"(0,-4) / (-2,-2) / (-3,6) / (3,0) / (-1,-1) / (0,-3) / (0,-5) / (0,-3) / (0,-3) / (0,-2) / (4,-1) / (0,-5) / (4,0) /",7,"(-2,2)/(2,3)/(2,2)/(2,-2)/(-1,0)/(-3,0)/(3,5)/(3,-2)"
VIRecifeOpen2025,5.67,c,A,0,5,"(1,0) / (-3,3) / (6,3) / (2,-4) / (3,-2) / (3,0) / (1,-4) / (4,0) / (-4,0) / (0,-5) / (-5,-4) / (4,-2)",7,"(-4,-2)/(4,1)/(0,-4)/(4,-1)/(0,-3)/(2,0)/(1,4)/(2,0)"
VIRecifeOpen2025,5.67,c,A,1,1,"(1,0) / (0,-3) / (3,0) / (-3,0) / (2,-4) / (1,-5) / (6,-1) / (-3,0) / (5,-3) / (3,-2) /",4,"/(-2,0)/(-3,2)/(3,0)/(2,-2)"
VIRecifeOpen2025,5.67,c,A,1,2,"(-2,0) / (5,5) / (1,-2) / (2,-1) / (3,0) / (4,0) / (3,0) / (-4,0) / (1,0) / (6,-2) / (-4,-1) / (-2,-2) /",8,"(2,-1)/(-2,-2)/(2,-3)/(2,2)/(2,0)/(-2,-3)/(-3,0)/(-3,-2)/(2,0)"
ANewYearinSingapore2025,5.67,f,A,0,1,"(-5,0) / (0,3) / (-4,2) / (-3,0) / (6,0) / (0,-3) / (-3,0) / (0,-5) / (-3,-3) / (-4,-1) / (-2,0) / (0,-4) / (-4,-2) /",7,"(-2,-2)/(4,2)/(2,2)/(-2,1)/(0,-5)/(2,0)/(-3,-3)/(2,-2)"
ANewYearinSingapore2025,5.67,f,A,0,2,"(-5,0) / (0,-3) / (5,2) / (0,-3) / (3,0) / (1,-5) / (0,-4) / (3,0) / (6,-5) / (0,-4) / (2,0) /",5,"(0,-5)/(3,0)/(0,3)/(0,-4)/(-2,-5)/(2,0)"
ANewYearinSingapore2025,5.67,f,A,0,3,"(-2,0) / (-4,5) / (4,4) / (3,0) / (0,-3) / (-4,-4) / (0,-2) / (-3,0) / (4,-3) / (-4,0) / (2,0) / (6,-4) /",6,"(4,0)/(-4,2)/(4,1)/(-4,0)/(1,3)/(6,-3)/"
ANewYearinSingapore2025,5.67,f,A,0,4,"(4,0) / (0,3) / (-1,-4) / (0,-3) / (0,-3) / (3,0) / (3,0) / (0,-2) / (0,-3) / (-3,0) / (3,-5) / (6,-2) / (-1,0) /",7,"(1,0)/(-1,2)/(-3,2)/(-2,-1)/(0,-3)/(3,-2)/(-3,-3)/(2,0)"
ANewYearinSingapore2025,5.67,f,A,0,5,"(0,5) / (3,0) / (-3,-3) / (-3,0) / (-5,-5) / (-3,-3) / (0,-4) / (-3,-3) / (5,0) / (0,-2) / (2,0) / (6,-4) / (-3,0)",5,"(-1,-2)/(0,2)/(2,-2)/(1,-4)/(3,3)/(2,-2)"
ANewYearinSingapore2025,5.67,f,A,1,1,"(1,-3) / (0,3) / (-4,5) / (6,0) / (-3,-3) / (0,-2) / (0,-3) / (3,0) / (0,-5) / (0,-4) / (1,-2) / (-2,-1)",6,"(-4,1)/(0,2)/(4,0)/(-1,-2)/(-3,0)/(4,-3)/(2,0)"
ANewYearinSingapore2025,5.67,f,A,1,2,"(3,-4) / (4,-5) / (-1,-1) / (6,0) / (-3,0) / (-5,0) / (-3,0) / (3,0) / (-4,-2) / (0,-3) / (-4,0) / (-2,0) / (4,0)",7,"(-4,1)/(0,2)/(2,-3)/(1,2)/(3,0)/(2,-3)/(3,0)/(3,-2)"
CanetdenBerenguerOpen2024,5.67,f,A,0,1,"(3,-1) / (-3,3) / (3,0) / (-2,-2) / (-3,0) / (0,-3) / (0,-1) / (0,-3) / (3,-3) / (0,-3) / (0,-2)",5,"(2,2)/(-2,3)/(-3,0)/(3,-2)/(-1,-4)/(3,-2)"
CanetdenBerenguerOpen2024,5.67,f,A,0,2,"(0,-1) / (0,3) / (3,3) / (-2,-2) / (6,-3) / (0,-3) / (-4,0) / (0,-3) / (4,-1) / (0,-4) / (2,-5) / (6,-4) /",7,"(4,0)/(3,2)/(-3,-2)/(3,0)/(5,0)/(-3,-2)/(6,3)/(2,-2)"
CanetdenBerenguerOpen2024,5.67,f,A,0,3,"(0,-1) / (4,-5) / (3,0) / (0,-3) / (3,0) / (5,-4) / (-5,0) / (0,-3) / (-1,-2) / (-3,0) / (2,0) / (1,0) / (-2,0) / (5,0)",7,"(1,-2)/(0,-4)/(2,1)/(2,2)/(2,-2)/(3,2)/(3,0)/(2,-2)"
CanetdenBerenguerOpen2024,5.67,f,A,0,4,"(-2,0) / (5,5) / (4,3) / (3,0) / (-4,-3) / (-5,-2) / (-4,0) / (-4,0) / (6,-2) / (0,-2) / (6,-5) / (-3,0)",8,"(2,3)/(1,-4)/(0,-4)/(-4,0)/(2,-2)/(-1,-4)/(-3,1)/(0,3)/"
CanetdenBerenguerOpen2024,5.67,f,A,0,5,"(-5,0) / (0,3) / (-3,0) / (-3,0) / (-1,-1) / (3,0) / (0,-2) / (3,0) / (3,0) / (-2,0) / (-2,0) / (-2,-3) / (2,0) / (-4,-3)",7,"(0,5)/(0,-2)/(-2,-3)/(-2,3)/(-2,-1)/(-3,0)/(3,-5)/(2,0)"
CanetdenBerenguerOpen2024,5.67,f,A,1,1,"(-5,0) / (6,3) / (0,3) / (-4,-4) / (-3,0) / (-2,-5) / (0,-1) / (-3,0) / (0,-3) / (-3,0)",5,"(3,0)/(5,0)/(-3,1)/(3,0)/(-5,0)/(2,0)"
CanetdenBerenguerOpen2024,5.67,f,A,1,2,"(-5,-3) / (3,0) / (-1,-1) / (-3,-3) / (-3,0) / (-2,-3) / (6,-3) / (0,-4) / (0,-5) / (-3,0) / (2,0)",5,"(2,0)/(3,2)/(-3,0)/(0,-3)/(-3,-4)/(3,-2)"
CentroSubaBogotaIV2024,5.67,d,B,0,1,"(0,2) / (-3,3) / (3,0) / (4,-2) / (-3,-3) / (3,0) / (0,-4) / (-3,0) / (6,0) / (2,0) / (-5,0) / (-2,0)",5,"(2,0)/(2,1)/(3,0)/(-5,0)/(6,-3)/(2,0)"
CentroSubaBogotaIV2024,5.67,d,B,0,2,"(1,0) / (0,-3) / (0,-3) / (-4,-4) / (6,-3) / (-5,-5) / (2,0) / (3,0) / (-3,0) / (4,-4) / (4,0) / (-1,0) / (-2,0)",6,"(2,0)/(-3,0)/(-2,1)/(0,1)/(-3,-1)/(6,3)/"
CentroSubaBogotaIV2024,5.67,d,B,0,3,"(1,0) / (0,3) / (-1,2) / (-3,0) / (-2,-5) / (-4,-1) / (-5,0) / (-3,0) / (0,-3) / (6,-3) / (5,0) / (1,0) /",6,"(1,-4)/(0,3)/(0,4)/(5,0)/(0,-3)/(-2,0)/(2,0)"
CentroSubaBogotaIV2024,5.67,d,B,0,4,"(4,0) / (3,0) / (2,2) / (-5,-5) / (6,0) / (-3,0) / (0,-4) / (0,-3) / (-3,-2) / (0,-2) / (6,-4) / (-4,0) / (5,-3)",8,"(1,-3)/(0,-4)/(-4,0)/(4,-2)/(0,-4)/(0,-1)/(0,-3)/(-1,3)/(3,-2)"
CentroSubaBogotaIV2024,5.67,d,B,0,5,"(-3,-4) / (-5,4) / (2,-1) / (0,-3) / (3,0) / (-2,0) / (0,-3) / (-1,0) / (0,-2) / (6,-2) / (0,-2) / (-3,0)",5,"(3,0)/(-4,2)/(0,-2)/(-3,-2)/(6,3)/(2,-2)"
CentroSubaBogotaIV2024,5.67,d,B,1,1,"(-5,-3) / (6,3) / (-4,-1) / (3,-3) / (0,-3) / (0,-2) / (-3,0) / (0,-3) / (4,0) / (4,-1) / (3,0) / (4,0) / (-2,0)",7,"(4,0)/(0,-3)/(4,0)/(-1,4)/(0,-3)/(3,2)/(3,3)/(3,-2)"
CentroSubaBogotaIV2024,5.67,d,B,1,2,"(1,0) / (2,-1) / (0,3) / (4,-2) / (6,0) / (-3,-1) / (3,0) / (-4,-3) / (0,-4) / (1,-2) / (-3,-2) / (2,0) /",7,"(3,0)/(1,2)/(-1,2)/(-3,2)/(0,2)/(1,0)/(0,3)/(2,-2)"
BanskaBystricaOpen2024,5.67,c,A,0,1,"(1,0) / (0,-3) / (0,-3) / (-3,0) / (-4,-4) / (3,0) / (6,0) / (0,-2) / (-3,0) / (-2,0) / (0,-4) / (-2,-5) / (-4,0) / (3,0) /",6,"(-2,-2)/(-1,-2)/(0,2)/(-5,0)/(3,2)/(6,-3)/"
BanskaBystricaOpen2024,5.67,c,A,0,2,"(0,-4) / (4,1) / (-1,-4) / (4,-5) / (-3,-1) / (-3,-3) / (-1,-2) / (-2,-4) / (4,0) / (0,-2)",5,"(6,0)/(4,0)/(2,1)/(3,3)/(-2,-3)/(2,0)"
BanskaBystricaOpen2024,5.67,c,A,0,3,"(0,-1) / (3,0) / (1,1) / (0,-3) / (5,-1) / (4,-2) / (-1,0) / (3,0) / (3,0) / (-2,0) / (4,0) / (-1,0) / (-4,-3) /",8,"(2,2)/(0,1)/(3,-2)/(0,5)/(3,-2)/(0,-3)/(0,3)/(6,-4)/(3,-2)"
BanskaBystricaOpen2024,5.67,c,A,0,4,"(0,2) / (0,-3) / (3,3) / (-2,-5) / (5,-1) / (-5,0) / (-3,-3) / (-1,0) / (2,-4) / (0,-2) / (0,-2) / (-2,0)",5,"(2,2)/(0,2)/(4,-2)/(3,-2)/(-3,-3)/"
BanskaBystricaOpen2024,5.67,c,A,0,5,"(0,-1) / (4,1) / (-1,2) / (3,0) / (0,-3) / (4,-2) / (5,0) / (-3,-3) / (0,-3) / (-2,-4)",6,"(2,1)/(3,3)/(-5,0)/(-3,0)/(-4,-1)/(-5,-2)/(2,0)"
BanskaBystricaOpen2024,5.67,c,A,1,1,"(0,5) / (3,0) / (-5,-2) / (-4,-1) / (4,-5) / (0,-1) / (-3,-3) / (-5,0) / (0,-2) / (4,0) / (0,-2) / (-5,-4)",9,"(1,-2)/(2,-2)/(2,-2)/(-4,0)/(-4,0)/(2,-3)/(3,3)/(1,0)/(0,3)/(2,0)"
BanskaBystricaOpen2024,5.67,c,A,1,2,"(-2,-3) / (-4,5) / (4,-5) / (5,-4) / (0,-5) / (-3,0) / (4,0) / (-1,0) / (0,-4) / (-3,-2) / (0,-2) / (-4,0) / (-2,0)",8,"(2,-2)/(3,-2)/(-4,0)/(0,-2)/(-4,1)/(0,3)/(0,5)/(1,4)/(2,0)"
RutaValencianaIITioPep2024,5.67,c,A,0,1,"(-2,-3) / (5,-1) / (6,-3) / (-3,0) / (-2,-5) / (-1,-3) / (0,-3) / (-2,0) / (2,0) / (-2,0) / (1,0) / (4,-3)",8,"(2,-3)/(0,-1)/(2,3)/(0,4)/(2,3)/(3,0)/(1,3)/(2,-1)/(3,-2)"
RutaValencianaIITioPep2024,5.67,c,A,0,2,"(3,-4) / (3,6) / (1,-5) / (0,-3) / (2,-1) / (6,-2) / (-3,-3) / (-4,-1) / (2,0) / (0,-2) / (0,-2) / (-2,0)",7,"(2,-2)/(-4,0)/(0,-2)/(2,-2)/(2,-3)/(3,3)/(6,5)/(3,-2)"
RutaValencianaIITioPep2024,5.67,c,A,0,3,"(0,2) / (3,3) / (-2,-5) / (3,-3) / (5,-4) / (1,-3) / (0,-3) / (5,0) / (6,0) / (-2,-4) / (-1,-4)",5,"(1,4)/(2,-2)/(0,1)/(0,3)/(0,-4)/(3,-2)"
RutaValencianaIITioPep2024,5.67,c,A,0,4,"(-2,0) / (3,6) / (3,0) / (5,-4) / (-3,0) / (6,-5) / (-3,0) / (0,-1) / (-4,-5) / (2,0) / (-4,0) / (-2,0) / (-1,0) /",8,"(3,-1)/(2,0)/(4,-2)/(-4,0)/(-1,-3)/(3,0)/(0,-3)/(-3,4)/(2,0)"
RutaValencianaIITioPep2024,5.67,c,A,0,5,"(-5,0) / (-4,-1) / (-3,0) / (-5,-2) / (5,-3) / (0,-3) / (3,-1) / (-3,0) / (3,-2) / (-2,-3) / (1,0) / (-2,-1)",7,"(4,-2)/(0,-2)/(0,-1)/(-3,2)/(-1,-3)/(1,3)/(3,0)/(2,-2)"
RutaValencianaIITioPep2024,5.67,c,A,1,1,"(-5,0) / (3,0) / (3,-3) / (5,-1) / (6,-3) / (1,0) / (-3,0) / (5,0) / (3,-5) / (5,-5) / (6,-4)",5,"(0,-2)/(-4,1)/(0,3)/(1,0)/(5,5)/(3,-2)"
RutaValencianaIITioPep2024,5.67,c,A,1,2,"(1,0) / (3,0) / (2,-1) / (3,0) / (1,-2) / (3,-3) / (5,0) / (-3,-3) / (0,-1) / (2,-4) / (2,0) / (4,-4) /",5,"(0,4)/(2,-2)/(2,3)/(3,3)/(6,-1)/(3,-2)"
KoreanChampionship2024,5.67,d,C,0,1,"(-2,0) / (5,-1) / (0,-3) / (3,0) / (-5,-5) / (0,-3) / (-4,-3) / (3,0) / (-5,-4) / (0,-2) / (6,-2) / (0,-4) /",5,"(2,0)/(5,1)/(0,3)/(0,-3)/(-5,-3)/(2,0)"
KoreanChampionship2024,5.67,d,C,0,2,"(-2,0) / (0,3) / (2,5) / (0,-3) / (1,-2) / (5,-1) / (0,-5) / (3,0) / (0,-3) / (0,-5) / (5,0) / (3,0)",6,"(6,0)/(0,5)/(-3,-2)/(-3,0)/(3,2)/(-5,-5)/(2,0)"
KoreanChampionship2024,5.67,d,C,0,3,"(4,0) / (-3,0) / (3,0) / (0,-3) / (0,-3) / (6,0) / (0,-1) / (-3,0) / (-3,-2) / (-2,0)",4,"(2,-3)/(0,-1)/(-3,0)/(0,-2)/(2,0)"
KoreanChampionship2024,5.67,d,C,0,4,"(0,-1) / (3,-3) / (4,-2) / (3,0) / (-4,-4) / (4,0) / (3,0) / (2,-3) / (0,-2) / (-4,0) / (3,0) / (4,0)",7,"(-2,-2)/(-5,0)/(2,0)/(-3,-2)/(2,1)/(0,3)/(-2,3)/(2,0)"
KoreanChampionship2024,5.67,d,C,0,5,"(1,0) / (-4,2) / (0,-3) / (4,-5) / (-3,0) / (3,0) / (-1,-3) / (-3,0) / (6,-1) / (4,-2) / (4,-1) / (0,-2) /",6,"/(0,2)/(-2,0)/(1,0)/(3,0)/(-3,4)/(2,0)"
KoreanChampionship2024,5.67,d,C,1,1,"(-3,-1) / (3,-3) / (-2,-2) / (0,-3) / (5,-4) / (3,-2) / (-3,-3) / (-3,0) / (-5,-1) / (-4,0) / (-2,-4)",7,"(2,2)/(-2,0)/(-4,-2)/(4,-2)/(1,-4)/(3,3)/(-3,1)/(2,0)"
KoreanChampionship2024,5.67,d,C,1,2,"(0,-4) / (1,4) / (0,-3) / (-3,0) / (5,0) / (0,-3) / (-2,0) / (-4,0) / (4,-3) / (6,-5) / (0,-2) / (4,-3) / (-3,-1)",8,"(3,3)/(-2,0)/(0,-2)/(0,-1)/(0,2)/(2,1)/(3,3)/(4,0)/(2,0)"
RitmoBoyacaInnovoDuitama2024,5.67,d,B,0,1,"(1,0) / (0,-3) / (0,-3) / (6,0) / (2,-1) / (-3,-3) / (-3,-2) / (3,0) / (1,-3) / (0,-1) / (-2,0) / (-4,-5) / (-3,0)",8,"(3,0)/(-2,-1)/(0,2)/(2,-2)/(3,-3)/(0,-3)/(3,0)/(0,1)/(2,0)"
RitmoBoyacaInnovoDuitama2024,5.67,d,B,0,2,"(-2,0) / (-4,-1) / (0,-3) / (-3,-3) / (-5,-2) / (0,-4) / (3,0) / (-4,-3) / (1,0) / (0,-4) /",5,"(0,-5)/(2,0)/(1,3)/(0,3)/(-1,0)/(3,-2)"
RitmoBoyacaInnovoDuitama2024,5.67,d,B,0,3,"(3,5) / (3,6) / (-2,-5) / (3,0) / (-3,-3) / (2,0) / (3,0) / (-5,0) / (3,0) / (0,-1) / (6,-2)",6,"(0,-4)/(4,-1)/(0,-3)/(5,0)/(0,3)/(-2,-5)/(2,0)"
RitmoBoyacaInnovoDuitama2024,5.67,d,B,0,4,"(0,-4) / (6,-3) / (1,4) / (2,0) / (0,-3) / (0,-1) / (6,-2) / (4,-3) / (-2,0) / (2,0) / (5,0) / (1,0) /",7,"(-1,3)/(0,2)/(0,-2)/(0,-4)/(3,-2)/(-3,-2)/(6,3)/(2,-2)"
RitmoBoyacaInnovoDuitama2024,5.67,d,B,0,5,"(1,0) / (5,2) / (-3,0) / (1,-5) / (2,-1) / (-5,0) / (3,0) / (0,-3) / (-2,-4) / (4,-3) / (-5,0)",5,"(5,0)/(2,-3)/(-2,-1)/(-3,0)/(0,-5)/(2,0)"
RitmoBoyacaInnovoDuitama2024,5.67,d,B,1,1,"(1,0) / (-4,-1) / (0,-3) / (4,-2) / (-3,0) / (0,-3) / (-3,-4) / (-3,-3) / (-1,0) / (0,-4) / (0,-4) / (2,-2) /",7,"(2,2)/(4,-2)/(0,4)/(2,3)/(3,3)/(-5,0)/(5,-4)/(3,-2)"
RitmoBoyacaInnovoDuitama2024,5.67,d,B,1,2,"(3,-1) / (1,-2) / (2,-4) / (1,-2) / (3,0) / (-1,-3) / (-3,0) / (0,-3) / (6,-3) / (2,0) / (0,-5) /",6,"(0,3)/(1,2)/(3,0)/(-3,1)/(3,-3)/(-1,-4)/(3,-2)"
DesafioCenturyHonduras2024,5.67,c,A,0,1,"(0,2) / (3,3) / (-3,0) / (-5,-5) / (0,-3) / (3,0) / (2,-3) / (-3,0) / (0,-1) / (6,-5) / (2,0) / (0,-3) / (2,0)",6,"(-2,3)/(-2,2)/(-5,0)/(-3,0)/(-3,0)/(2,-3)/(3,-2)"
DesafioCenturyHonduras2024,5.67,c,A,0,2,"(0,5) / (-5,1) / (2,-1) / (0,-3) / (4,-5) / (-3,-1) / (0,-3) / (-3,-2) / (0,-4)",6,"(3,-2)/(-1,-4)/(1,3)/(3,-3)/(0,3)/(-4,3)/(3,-2)"
DesafioCenturyHonduras2024,5.67,c,A,0,3,"(4,-3) / (5,-4) / (-2,-5) / (3,0) / (-3,0) / (-3,-1) / (3,0) / (-4,0) / (-3,0) / (-2,-2) /",5,"(-4,0)/(3,-3)/(0,-3)/(3,0)/(6,-2)/(2,0)"
DesafioCenturyHonduras2024,5.67,c,A,0,4,"(0,2) / (-3,0) / (4,1) / (0,-3) / (-4,-4) / (-2,-5) / (5,0) / (6,-3) / (-4,-3) / (6,-5) / (0,-4) / (-2,0)",5,"(6,0)/(-3,2)/(0,-1)/(0,-3)/(-3,-5)/(2,0)"
DesafioCenturyHonduras2024,5.67,c,A,0,5,"(0,5) / (-5,1) / (-4,-1) / (1,-5) / (2,-3) / (0,-3) / (0,-1) / (0,-4) / (0,-2) / (-3,-4) / (4,-2)",8,"(2,2)/(-2,2)/(1,-4)/(2,-3)/(0,2)/(0,1)/(0,3)/(4,6)/(2,0)"
DesafioCenturyHonduras2024,5.67,c,A,1,1,"(-5,0) / (-4,-4) / (-3,0) / (3,0) / (4,-5) / (0,-3) / (5,0) / (0,-3) / (0,-3) / (-3,-4) / (2,0) / (1,0) / (6,0)",7,"(6,0)/(-1,0)/(2,0)/(-3,0)/(2,1)/(0,3)/(-2,-3)/(2,0)"
DesafioCenturyHonduras2024,5.67,c,A,1,2,"(1,0) / (3,3) / (-1,2) / (-5,-5) / (3,0) / (-4,-3) / (-3,-3) / (0,-5) / (-2,0) / (2,0) / (-2,0) / (5,0) /",8,"(-4,-1)/(2,1)/(-1,4)/(-2,1)/(2,0)/(1,3)/(0,3)/(0,4)/(2,0)"
HariHariHoras32024,5.67,c,B,0,1,"(0,-1) / (0,3) / (4,4) / (-3,0) / (-1,-4) / (-3,-3) / (4,0) / (3,0) / (-3,-5) / (5,0) / (1,0) / (6,0)",6,"(0,-1)/(-5,0)/(2,-3)/(0,3)/(-3,0)/(-3,1)/(2,0)"
HariHariHoras32024,5.67,c,B,0,2,"(-5,0) / (-1,-1) / (0,-3) / (1,-2) / (0,-3) / (0,-3) / (0,-4) / (-3,0) / (0,-2) / (0,-4) / (1,0)",6,"(-4,-2)/(0,-4)/(1,2)/(2,3)/(0,3)/(4,-3)/(2,0)"
HariHariHoras32024,5.67,c,B,0,3,"(0,5) / (1,-2) / (-4,2) / (-2,-5) / (-3,0) / (-1,-3) / (-3,0) / (0,-1) / (-4,0) / (4,0) / (2,0) / (-2,0) / (6,-5)",7,"(2,3)/(-4,0)/(0,2)/(-4,1)/(2,3)/(3,0)/(-2,3)/(2,0)"
HariHariHoras32024,5.67,c,B,0,4,"(0,5) / (1,-5) / (2,5) / (1,-5) / (-1,-4) / (3,-2) / (0,-3) / (3,-3) / (-3,0) / (3,0)",5,"(-3,0)/(-3,0)/(0,3)/(3,1)/(2,5)/(3,-2)"
HariHariHoras32024,5.67,c,B,0,5,"(0,5) / (0,3) / (-5,-5) / (2,-4) / (-3,0) / (1,0) / (-3,0) / (5,-2) / (4,0) / (2,-3) / (-2,-4) / (-5,0) /",7,"(6,0)/(1,-4)/(-2,0)/(0,1)/(0,-4)/(0,3)/(3,-2)/(2,0)"
HariHariHoras32024,5.67,c,B,1,1,"(-2,0) / (0,-3) / (0,3) / (2,-1) / (0,-3) / (-2,0) / (3,0) / (0,-5) / (-4,-1) / (-5,0) / (-4,-1) / (4,0) / (6,-2)",7,"(-3,-2)/(0,5)/(-3,2)/(0,4)/(-3,2)/(3,0)/(-1,-3)/(3,-2)"
HariHariHoras32024,5.67,c,B,1,2,"(0,-4) / (-3,3) / (0,3) / (1,-2) / (3,0) / (-4,-4) / (0,-2) / (3,0) / (1,0) / (-2,-3) / (-4,-1)",5,"(4,1)/(4,-1)/(-3,-2)/(-3,0)/(3,5)/(3,-2)"
SideEventsBangaloreJune2024,5.67,c,B,0,1,"(0,5) / (1,-2) / (0,-3) / (-1,-4) / (0,-3) / (0,-3) / (6,-2) / (0,-3) / (0,-1) / (-5,0) / (0,-4) / (0,-3) / (6,0) / (2,0)",7,"(-2,-3)/(-3,0)/(-2,3)/(5,1)/(0,-1)/(1,-3)/(-3,-3)/"
SideEventsBangaloreJune2024,5.67,c,B,0,2,"(4,0) / (0,-3) / (0,3) / (-3,0) / (-4,-1) / (0,-3) / (-2,0) / (3,0) / (2,-5) / (-4,0) / (0,-2) / (0,-2) / (3,0)",7,"(2,0)/(-5,0)/(-1,0)/(0,2)/(1,-4)/(3,0)/(-4,0)/(3,-2)"
SideEventsBangaloreJune2024,5.67,c,B,0,3,"(0,-1) / (3,0) / (0,3) / (6,0) / (-2,-2) / (3,0) / (0,-3) / (-1,0) / (-3,-3) / (-4,-3) / (4,0) / (4,0) / (4,0) /",6,"(0,-4)/(0,2)/(-4,1)/(3,3)/(-3,2)/(4,1)/(2,0)"
SideEventsBangaloreJune2024,5.67,c,B,0,4,"(-5,3) / (2,5) / (-2,-5) / (-4,-1) / (3,0) / (6,-5) / (3,0) / (-5,-4) / (-3,-4) / (0,-2) / (-1,-2)",7,"(1,2)/(0,2)/(-3,-2)/(4,2)/(0,-3)/(3,0)/(-3,2)/(3,-2)"
SideEventsBangaloreJune2024,5.67,c,B,0,5,"(0,-4) / (0,-3) / (0,-3) / (3,0) / (0,-3) / (-3,0) / (4,-5) / (0,-1) / (-3,0) / (6,-3) / (0,-5) / (5,0) /",6,"/(1,0)/(3,2)/(0,2)/(3,-2)/(0,-3)/"
SideEventsBangaloreJune2024,5.67,c,B,1,1,"(-3,-4) / (3,6) / (-2,-5) / (-4,-1) / (0,-3) / (3,-5) / (3,0) / (0,-3) / (3,-5) / (6,0) / (0,-3)",5,"(2,2)/(3,-2)/(3,-3)/(-3,0)/(4,0)/(2,0)"
SideEventsBangaloreJune2024,5.67,c,B,1,2,"(0,-4) / (0,3) / (6,0) / (-5,-5) / (-1,-4) / (0,-3) / (-5,0) / (3,0) / (2,-5) / (2,0) / (0,-1) / (6,-5) / (2,0) /",5,"(2,-1)/(-2,0)/(-4,0)/(2,1)/(3,0)/"
IceCubingSzczecinek2024,5.67,d,B,0,1,"(0,5) / (1,-2) / (3,0) / (-3,0) / (-1,-4) / (-5,-2) / (2,0) / (-3,0) / (4,-1) / (0,-2) / (2,-5) / (6,0) / (0,-5)",8,"(2,-1)/(3,-2)/(-2,-1)/(0,2)/(-1,-2)/(0,-3)/(1,-3)/(6,-3)/(2,0)"
IceCubingSzczecinek2024,5.67,d,B,0,2,"(-5,3) / (-3,0) / (0,3) / (-4,-1) / (0,-3) / (1,-5) / (5,0) / (-3,-3) / (2,-5) / (2,0) / (6,-4) / (-4,-4)",6,"/(0,2)/(2,-2)/(-3,2)/(3,3)/(-1,6)/(3,-2)"
IceCubingSzczecinek2024,5.67,d,B,0,3,"(0,2) / (0,3) / (-5,-2) / (-1,-4) / (0,-3) / (3,0) / (3,-5) / (-3,0) / (-3,-1) / (-5,0) / (-5,0) / (0,-2) / (-4,0)",5,"(-2,2)/(4,0)/(2,1)/(3,0)/(3,2)/(3,-2)"
IceCubingSzczecinek2024,5.67,d,B,0,4,"(0,5) / (0,3) / (-5,1) / (2,-1) / (3,0) / (-5,-5) / (5,0) / (3,-3) / (6,0) / (-3,0) / (0,-3) /",4,"(3,3)/(-1,0)/(3,0)/(-2,-5)/(2,0)"
IceCubingSzczecinek2024,5.67,d,B,0,5,"(0,5) / (-2,-2) / (-1,-4) / (3,-3) / (4,-5) / (0,-4) / (-3,-3) / (5,0) / (2,0) / (2,0) / (5,-2) / (2,-1)",7,"(4,0)/(-4,-1)/(-2,2)/(4,-2)/(-4,1)/(3,3)/(-3,-1)/(3,-2)"
IceCubingSzczecinek2024,5.67,d,B,1,1,"(3,2) / (1,1) / (6,0) / (-1,-4) / (-3,0) / (-2,-3) / (0,-3) / (-1,0) / (-2,0) / (2,0) / (0,-4)",6,"(0,4)/(-2,0)/(5,0)/(-2,-3)/(0,-3)/(-1,3)/(3,-2)"
IceCubingSzczecinek2024,5.67,d,B,1,2,"(0,-4) / (4,-5) / (0,3) / (2,-1) / (4,0) / (0,-3) / (5,-2) / (-4,0) / (-5,-2) / (0,-2) / (0,-5) / (-1,0) /",7,"(-2,1)/(3,2)/(0,-2)/(2,-2)/(-5,0)/(3,3)/(0,-2)/(2,0)"
WinterVibeWroclaw2024,5.67,2,A,0,1,"(0,-1) / (-2,1) / (-4,5) / (-5,-2) / (6,-3) / (5,0) / (3,0) / (1,0) / (0,-1) / (4,0) / (0,-2) / (2,-4) /",6,"(1,-2)/(2,0)/(0,-4)/(-2,-1)/(0,-3)/(-1,6)/(3,-2)"
WinterVibeWroclaw2024,5.67,2,A,0,2,"(3,5) / (-2,4) / (0,-3) / (0,-3) / (3,0) / (0,-1) / (6,-3) / (0,-4) / (-5,0) / (6,0)",5,"/(3,1)/(5,0)/(-3,0)/(6,-4)/(3,-2)"
WinterVibeWroclaw2024,5.67,2,A,0,3,"(-2,0) / (6,-3) / (-4,-1) / (-5,-2) / (2,-4) / (-5,0) / (-3,0) / (5,-2) / (4,0) / (6,0)",7,"(2,3)/(2,2)/(2,3)/(-2,1)/(0,-1)/(1,3)/(3,0)/(2,-2)"
WinterVibeWroclaw2024,5.67,2,A,0,4,"(-5,0) / (0,-3) / (-4,2) / (1,-2) / (5,-4) / (-3,0) / (0,-2) / (0,-3) / (0,-3) / (0,-4) / (-5,0) / (5,-4) / (0,-2)",6,"(6,0)/(-4,0)/(1,2)/(3,0)/(2,-3)/(6,3)/(3,-2)"
WinterVibeWroclaw2024,5.67,2,A,0,5,"(0,-4) / (-3,0) / (-3,0) / (4,-5) / (-1,-4) / (0,-3) / (6,-5) / (-3,-3) / (2,-1) / (4,0) / (0,-4) / (-2,-4)",7,"(4,-2)/(-4,2)/(4,2)/(-2,2)/(-3,2)/(3,3)/(3,1)/(2,0)"
WinterVibeWroclaw2024,5.67,2,A,1,1,"(-2,0) / (5,2) / (-3,0) / (0,-3) / (-2,-2) / (0,-3) / (5,-3) / (3,0) / (0,-4) / (-3,-2) / (0,-4) / (-5,0)",5,"(3,0)/(0,-2)/(2,3)/(0,3)/(6,2)/(3,-2)"
WinterVibeWroclaw2024,5.67,2,A,1,2,"(-5,0) / (5,5) / (-2,-2) / (6,-1) / (-3,0) / (0,-3) / (-1,0) / (-4,-2) / (-3,-4) / (6,-4) / (0,-2) / (-3,-1)",8,"(3,-3)/(-2,2)/(0,2)/(-1,0)/(3,-2)/(-3,-2)/(0,-3)/(-2,0)/(2,0)"
ThankfulforCubingRPV2023,5.67,d,A,0,1,"(0,-4) / (-2,-5) / (3,0) / (-1,-1) / (1,-2) / (-3,0) / (-1,0) / (6,-3) / (3,-3) / (3,0) /",5,"(0,-3)/(0,3)/(3,-2)/(2,2)/(-5,-5)/(2,0)"
ThankfulforCubingRPV2023,5.67,d,A,0,2,"(0,-4) / (-5,4) / (3,-3) / (-1,-4) / (0,-3) / (-2,-3) / (6,-3) / (1,0) / (0,-4) / (0,-3) / (-1,-4) / (-5,0)",7,"(3,-2)/(-3,0)/(-1,-4)/(-2,3)/(-3,-2)/(-3,0)/(-5,6)/(2,0)"
ThankfulforCubingRPV2023,5.67,d,A,0,3,"(0,-4) / (0,-3) / (-3,0) / (-5,-2) / (2,-1) / (0,-3) / (-5,0) / (0,-3) / (-3,-2) / (0,-4) / (-3,-4)",5,"(-3,-2)/(-2,0)/(2,3)/(3,0)/(6,5)/(3,-2)"
ThankfulforCubingRPV2023,5.67,d,A,0,4,"(-2,0) / (-3,-3) / (3,0) / (-4,-4) / (-5,-5) / (-1,0) / (-3,-3) / (-2,0) / (0,-1) / (-1,-5) / (1,-2)",6,"(2,2)/(4,0)/(2,-2)/(1,-2)/(3,3)/(6,-5)/(2,0)"
ThankfulforCubingRPV2023,5.67,d,A,0,5,"(1,3) / (0,3) / (0,-3) / (5,-1) / (-3,0) / (1,-5) / (-1,0) / (3,0) / (1,0) / (0,-4) / (-2,-2) / (-4,0) / (2,0)",6,"(1,-4)/(1,-4)/(-2,0)/(2,1)/(3,0)/(6,5)/(3,-2)"
ThankfulforCubingRPV2023,5.67,d,A,1,1,"(0,-1) / (-2,1) / (-4,5) / (-5,-2) / (5,0) / (-3,0) / (0,-3) / (4,-3) / (6,0) / (0,-1) / (0,-4) / (-2,0) / (-1,-2)",7,"(1,4)/(0,-5)/(-1,-4)/(-3,2)/(-2,-1)/(0,-3)/(-4,0)/(3,-2)"
ThankfulforCubingRPV2023,5.67,d,A,1,2,"(-3,2) / (-5,-2) / (3,0) / (-4,-1) / (-2,0) / (-3,0) / (-1,0) / (4,-2) / (0,-4) / (4,0) / (-1,0) / (-4,-5) / (-1,0)",8,"(1,2)/(0,-1)/(-2,2)/(2,0)/(2,3)/(5,0)/(1,-3)/(-3,-3)/"
ClesTooHotForCubing2023,5.67,c,B,0,1,"(-5,3) / (-4,-1) / (4,-5) / (-4,-1) / (-5,0) / (-3,-3) / (-1,0) / (2,0) / (2,-2) / (4,-4) /",5,"(0,4)/(-4,-2)/(2,-3)/(3,3)/(0,-4)/(3,-2)"
ClesTooHotForCubing2023,5.67,c,B,0,2,"(3,-4) / (-3,0) / (-5,-2) / (0,-3) / (2,-1) / (6,0) / (0,-2) / (0,-3) / (-2,0) / (5,0) / (0,-3) / (-2,-2) / (6,-1)",6,"(0,-5)/(-4,2)/(1,0)/(2,3)/(0,3)/(0,-4)/(3,-2)"
ClesTooHotForCubing2023,5.67,c,B,0,3,"(0,-4) / (3,3) / (-2,-5) / (3,-3) / (-1,-4) / (0,-5) / (6,-3) / (2,0) / (-5,0) / (-4,0) / (-4,-5) / (4,0)",7,"(-4,0)/(-2,-1)/(3,-2)/(0,-4)/(0,1)/(3,0)/(-3,5)/(3,-2)"
ClesTooHotForCubing2023,5.67,c,B,0,4,"(1,0) / (3,0) / (2,-1) / (1,-2) / (6,0) / (-3,0) / (-1,-3) / (3,0) / (0,-3) / (0,-5) / (0,-4)",5,"(-1,3)/(-2,0)/(-3,0)/(3,1)/(-3,-3)/(2,0)"
ClesTooHotForCubing2023,5.67,c,B,0,5,"(3,-1) / (0,-3) / (3,0) / (-5,-2) / (-3,0) / (-4,0) / (3,0) / (3,-3) / (-4,-5) / (4,0) / (-4,-1) / (-4,0)",8,"(2,-2)/(2,-1)/(4,0)/(2,1)/(0,-4)/(0,5)/(3,1)/(6,-3)/(2,-2)"
ClesTooHotForCubing2023,5.67,c,B,1,1,"(-5,0) / (3,6) / (-1,5) / (0,-3) / (0,-3) / (1,-5) / (-1,0) / (-3,-3) / (3,0) / (0,-1) / (0,-5) / (1,-2)",6,"(2,2)/(4,0)/(-3,2)/(3,3)/(5,0)/(-2,-5)/(2,0)"
ClesTooHotForCubing2023,5.67,c,B,1,2,"(4,-3) / (5,-1) / (3,0) / (3,0) / (-5,-2) / (-3,0) / (-4,0) / (0,-3) / (0,-3) / (0,-2) / (4,0) / (-4,0) / (1,0) /",8,"(2,2)/(0,-4)/(3,2)/(-2,0)/(0,-4)/(-1,-2)/(0,-3)/(4,6)/(2,0)"
MasonCubeChallenge2023,5.67,c,A,0,1,"(-3,-1) / (-5,-2) / (-3,0) / (-3,0) / (-1,-1) / (-3,0) / (-5,0) / (0,-3) / (6,-2) / (-3,-4) / (-4,0) / (2,-2)",6,"(-2,-3)/(0,-1)/(-5,0)/(0,-5)/(-3,-1)/(0,-3)/(2,-2)"
MasonCubeChallenge2023,5.67,c,A,0,2,"(-2,0) / (-1,5) / (3,0) / (4,-2) / (3,0) / (3,0) / (0,-1) / (3,0) / (-4,-3) / (-2,0) / (2,0) / (-1,-2) / (2,-2)",8,"(2,0)/(1,-4)/(0,-2)/(3,2)/(2,1)/(0,3)/(-3,2)/(4,1)/(2,0)"
MasonCubeChallenge2023,5.67,c,A,0,3,"(1,0) / (-3,-3) / (-1,-4) / (3,0) / (1,-5) / (0,-4) / (-3,-3) / (1,0) / (4,-2) / (-4,0) / (6,-2)",5,"(-2,-2)/(0,-2)/(-5,0)/(3,3)/(-1,3)/(3,-2)"
MasonCubeChallenge2023,5.67,c,A,0,4,"(1,0) / (-4,2) / (1,-2) / (-3,0) / (-4,-4) / (-3,0) / (0,-2) / (-3,-3) / (6,-5) / (0,-2) / (4,0) / (4,0) /",6,"(2,-2)/(-2,2)/(4,-2)/(3,-2)/(3,3)/(-4,3)/(3,-2)"
MasonCubeChallenge2023,5.67,c,A,0,5,"(3,-1) / (-5,-2) / (2,-1) / (-5,-2) / (0,-3) / (-1,-3) / (-3,-3) / (-2,-1) / (6,-4) / (2,0) / (-2,-1)",5,"(0,1)/(0,-2)/(1,-4)/(3,3)/(6,1)/(2,0)"
MasonCubeChallenge2023,5.67,c,A,1,1,"(-2,0) / (0,-3) / (0,3) / (0,-3) / (-1,-4) / (6,-3) / (4,0) / (-3,-3) / (-5,0) / (-2,0) / (-2,-4) / (2,-2) / (4,0)",7,"(2,-2)/(0,-2)/(2,1)/(4,2)/(-4,1)/(3,0)/(-3,-4)/(3,-2)"
MasonCubeChallenge2023,5.67,c,A,1,2,"(4,0) / (-3,3) / (0,-3) / (6,-3) / (-4,-4) / (-2,0) / (6,-3) / (3,-4) / (0,-2) / (0,-4) / (-3,-2) / (6,0)",7,"(0,-2)/(-4,-2)/(-3,2)/(2,-3)/(-2,-1)/(-3,0)/(3,-5)/(2,0)"
CMTGrandJunction2023,5.67,f,A,0,1,"(0,5) / (0,3) / (-2,1) / (0,-3) / (0,-3) / (3,0) / (6,0) / (-4,0) / (-3,-3) / (6,-1) / (-4,0) / (-4,0)",7,"(2,-2)/(0,-2)/(0,-3)/(-4,-2)/(1,-4)/(0,3)/(6,1)/(2,0)"
CMTGrandJunction2023,5.67,f,A,0,2,"(0,-4) / (0,6) / (-5,4) / (0,-3) / (-1,-1) / (-2,-2) / (-1,0) / (0,-3) / (-2,-3) / (0,-4) / (-4,-4) / (-4,0) /",6,"(0,4)/(2,-2)/(2,0)/(0,-5)/(3,0)/(1,6)/(2,0)"
CMTGrandJunction2023,5.67,f,A,0,3,"(-2,0) / (0,-3) / (2,-1) / (3,0) / (3,-3) / (4,-5) / (0,-1) / (-3,0) / (3,-3) / (5,0) / (0,-3) / (-5,0)",4,"(3,-3)/(-3,0)/(-1,3)/(1,4)/(2,0)"
CMTGrandJunction2023,5.67,f,A,0,4,"(3,-1) / (0,3) / (-5,1) / (-3,0) / (2,-4) / (6,0) / (-2,0) / (-3,-3) / (0,-2) / (5,0) / (5,-4) / (0,-4) /",7,"(-4,2)/(2,-2)/(-2,2)/(4,0)/(1,-4)/(3,3)/(-1,6)/(3,-2)"
CMTGrandJunction2023,5.67,f,A,0,5,"(4,0) / (3,0) / (2,2) / (0,-3) / (-3,0) / (1,-2) / (-4,-3) / (-3,0) / (3,-1) / (4,0) / (6,0)",5,"(3,0)/(2,-3)/(3,0)/(1,-2)/(-3,0)/(2,0)"
CMTGrandJunction2023,5.67,f,A,1,1,"(-5,0) / (5,-1) / (0,3) / (-3,0) / (-3,0) / (1,-5) / (2,0) / (0,-3) / (6,-1) / (4,0) / (0,-4) / (2,-2) / (0,-4)",7,"(1,-4)/(-4,-2)/(-2,3)/(4,0)/(-1,4)/(0,-3)/(0,5)/(3,-2)"
CMTGrandJunction2023,5.67,f,A,1,2,"(-2,0) / (-3,6) / (-3,0) / (2,-1) / (-2,-5) / (6,-1) / (0,-3) / (3,0) / (-2,-4) / (4,0) / (6,0)",6,"(6,0)/(-4,0)/(5,1)/(0,3)/(0,-3)/(4,0)/(2,0)"
OstervangOpen2023,5.67,f,B,0,1,"(0,2) / (3,3) / (0,-3) / (3,0) / (-5,-5) / (-1,-3) / (-3,-3) / (0,-5) / (6,-2) / (0,-4) / (2,-4)",5,"(-4,2)/(0,-4)/(-4,0)/(3,2)/(3,3)/(2,-2)"
OstervangOpen2023,5.67,f,B,0,2,"(3,-1) / (4,-2) / (0,-3) / (-1,-4) / (4,-3) / (-3,0) / (-1,0) / (2,-2) / (6,-1) / (-1,-2) / (0,-3) / (-2,0)",8,"(2,0)/(0,-1)/(0,2)/(0,4)/(0,-1)/(-3,1)/(3,0)/(1,-3)/(2,0)"
OstervangOpen2023,5.67,f,B,0,3,"(4,0) / (-4,5) / (3,0) / (3,0) / (-3,-3) / (3,0) / (3,-2) / (-3,0) / (0,-1) / (2,0) / (0,-2) / (2,-3) / (6,0)",8,"(2,-1)/(1,-2)/(3,-2)/(2,0)/(0,-2)/(1,0)/(0,3)/(5,-3)/(3,-2)"
OstervangOpen2023,5.67,f,B,0,4,"(-5,0) / (5,-4) / (0,-3) / (-2,-2) / (-3,-3) / (-3,0) / (-4,0) / (-3,-3) / (0,-3) / (6,-4) / (-4,-4) / (-2,-1)",6,"(2,-3)/(-2,-2)/(1,2)/(3,3)/(-4,0)/(3,0)/(3,-2)"
OstervangOpen2023,5.67,f,B,0,5,"(0,-1) / (-2,-5) / (3,0) / (-4,-1) / (6,-3) / (0,-5) / (0,-3) / (0,-1) / (-3,-4) / (0,-2) / (3,-4) / (1,0) / (2,0)",8,"(4,0)/(-3,0)/(-1,4)/(0,5)/(3,-2)/(-2,-3)/(0,-3)/(5,3)/(3,-2)"
OstervangOpen2023,5.67,f,B,1,1,"(0,5) / (4,-5) / (5,-4) / (3,0) / (3,0) / (-3,-3) / (4,0) / (-3,-3) / (-3,-2) / (0,-2) / (-4,-2)",5,"(4,2)/(0,2)/(3,2)/(3,3)/(-1,-3)/(3,-2)"
OstervangOpen2023,5.67,f,B,1,2,"(0,2) / (-5,4) / (0,3) / (-1,-4) / (6,-3) / (4,-3) / (6,-3) / (-5,0) / (-4,0) / (0,-4) / (6,0) /",6,"(0,-5)/(1,3)/(-3,-1)/(-3,0)/(2,-3)/(1,4)/(2,0)"
EverythinginEvanstonA2023,5.67,f,A,0,1,"(3,-1) / (0,-3) / (-2,1) / (6,0) / (0,-3) / (-4,-1) / (1,0) / (3,0) / (-3,-3) / (-3,0) / (5,0) / (6,-2)",5,"(4,0)/(3,2)/(3,3)/(-4,0)/(1,4)/(2,0)"
EverythinginEvanstonA2023,5.67,f,A,0,2,"(4,3) / (0,-3) / (-1,5) / (1,-2) / (5,-1) / (3,-2) / (3,0) / (0,-3) / (-1,-5) / (2,0) / (4,-1) /",7,"(-1,-2)/(4,0)/(-2,-1)/(1,0)/(0,3)/(3,-3)/(5,3)/(3,-2)"
EverythinginEvanstonA2023,5.67,f,A,0,3,"(-5,0) / (2,-4) / (0,3) / (-3,0) / (3,-3) / (4,-5) / (2,0) / (3,0) / (1,0) / (-4,0) / (2,0) / (-2,0) /",6,"(0,2)/(-4,-2)/(0,-4)/(4,-1)/(0,-3)/(-1,6)/(3,-2)"
EverythinginEvanstonA2023,5.67,f,A,0,4,"(-3,-4) / (-3,0) / (-5,4) / (-3,0) / (5,-4) / (6,0) / (0,-5) / (3,0) / (1,-4) / (4,0) / (3,-4) / (6,0)",7,"(6,0)/(-4,-2)/(-5,0)/(0,-4)/(0,-2)/(-3,-1)/(3,6)/"
EverythinginEvanstonA2023,5.67,f,A,0,5,"(4,0) / (-1,-1) / (3,0) / (-5,-5) / (-3,0) / (-4,-1) / (-2,0) / (3,0) / (-3,0) / (5,-5) / (-4,0) / (0,-4) / (-2,0)",6,"(0,-2)/(-1,-2)/(0,1)/(0,3)/(-2,0)/(-1,-4)/(3,-2)"
EverythinginEvanstonA2023,5.67,f,A,1,1,"(0,-1) / (-5,4) / (-1,5) / (4,-2) / (-3,0) / (2,-3) / (3,0) / (3,0) / (-3,-3) / (-3,-5)",5,"(0,-1)/(1,-3)/(2,2)/(-3,-2)/(6,3)/(2,-2)"
EverythinginEvanstonA2023,5.67,f,A,1,2,"(-5,0) / (-3,0) / (0,-3) / (-4,-4) / (0,-3) / (-2,0) / (0,-3) / (0,-3) / (-3,-1) / (6,-4) / (-2,0) / (0,-4) / (2,0) /",8,"(1,-2)/(-5,0)/(-1,-4)/(2,-3)/(-2,-1)/(-3,0)/(-4,0)/(0,3)/(3,-2)"
LincolnshireWinter2023,5.67,d,B,0,1,"(-3,5) / (-2,-5) / (6,0) / (0,-3) / (-4,-1) / (3,-2) / (0,-3) / (4,0) / (6,-3) / (5,-2) / (4,0) / (-2,0)",7,"(2,0)/(2,-2)/(2,3)/(5,0)/(1,3)/(3,0)/(2,6)/(3,-2)"
LincolnshireWinter2023,5.67,d,B,0,2,"(3,-4) / (0,-3) / (-2,4) / (5,-4) / (6,0) / (-5,0) / (-3,0) / (0,-3) / (1,0) / (0,-2) / (6,-1) / (4,0)",7,"(0,-2)/(-4,-2)/(-2,-3)/(2,-3)/(2,1)/(3,0)/(6,2)/(3,-2)"
LincolnshireWinter2023,5.67,d,B,0,3,"(0,-1) / (1,-5) / (2,2) / (6,0) / (0,-5) / (-3,-3) / (3,0) / (-5,0) / (5,0) / (-4,-1) / (-4,0) / (6,-5) / (0,-2)",7,"(0,4)/(2,1)/(2,3)/(-2,3)/(0,-4)/(1,3)/(3,0)/(2,-2)"
LincolnshireWinter2023,5.67,d,B,0,4,"(6,2) / (-5,1) / (-3,0) / (2,-4) / (0,-3) / (3,0) / (0,-2) / (0,-3) / (-2,-1) / (-3,-4) / (0,-2) / (1,0) / (-4,0)",7,"(-4,-2)/(1,2)/(-1,-4)/(0,-3)/(1,2)/(3,0)/(6,-5)/(2,0)"
LincolnshireWinter2023,5.67,d,B,0,5,"(-5,0) / (2,-4) / (-5,1) / (-4,-1) / (0,-3) / (3,-5) / (3,0) / (0,-3) / (5,-3) / (-2,0)",4,"(2,1)/(3,-3)/(0,3)/(-2,3)/(2,0)"
LincolnshireWinter2023,5.67,d,B,1,1,"(-5,3) / (-4,-1) / (-3,0) / (3,0) / (-3,0) / (-3,-3) / (1,0) / (0,-3) / (-3,-3) / (0,-3) /",4,"(2,-3)/(-2,1)/(0,3)/(-1,-4)/(3,-2)"
LincolnshireWinter2023,5.67,d,B,1,2,"(0,2) / (3,3) / (-2,-2) / (0,-3) / (-3,-3) / (0,-3) / (5,0) / (-3,-3) / (-2,-3) / (-4,0) / (4,-2) / (2,0)",6,"(2,0)/(-2,-2)/(2,-2)/(2,1)/(3,3)/(-2,-3)/(2,0)"
LincolnshireWinter2023,5.67,d,A,0,1,"(-5,0) / (2,-4) / (1,-2) / (-3,-3) / (-1,-4) / (-5,0) / (3,0) / (0,-5) / (-3,-4) / (2,-5) / (-3,-4)",5,"(-3,-2)/(2,1)/(3,0)/(3,-3)/(6,1)/(2,0)"
LincolnshireWinter2023,5.67,d,A,0,2,"(1,0) / (3,-3) / (-1,-4) / (3,-3) / (-2,-5) / (6,-4) / (-3,0) / (3,0) / (2,-3) / (1,0)",5,"(2,0)/(1,0)/(2,3)/(3,-2)/(3,6)/(2,-2)"
LincolnshireWinter2023,5.67,d,A,0,3,"(0,-4) / (-5,1) / (0,6) / (0,-3) / (-3,0) / (-4,0) / (3,0) / (0,-4) / (1,0) / (0,-4) / (2,0) / (-3,-2) / (0,-3) /",7,"(3,0)/(-4,0)/(-2,0)/(4,0)/(0,1)/(-3,-1)/(0,-3)/(2,-2)"
LincolnshireWinter2023,5.67,d,A,0,4,"(0,-4) / (-5,-5) / (3,3) / (-1,-1) / (3,0) / (3,0) / (0,-2) / (3,0) / (1,-3) / (0,-1) / (-2,-4) / (6,-3)",6,"(6,0)/(-4,2)/(0,-4)/(2,-2)/(1,-4)/(3,3)/(2,-2)"
LincolnshireWinter2023,5.67,d,A,0,5,"(4,0) / (2,-1) / (0,3) / (0,-3) / (1,-5) / (0,-3) / (0,-1) / (-3,-3) / (6,-2) / (5,0) / (0,-2) / (-5,0)",7,"(2,0)/(0,-4)/(-2,-3)/(0,4)/(2,1)/(0,3)/(-2,6)/(2,0)"
LincolnshireWinter2023,5.67,d,A,1,1,"(4,3) / (-1,5) / (-2,-5) / (-1,-1) / (3,0) / (1,-3) / (0,-3) / (-3,-2) / (0,-2) / (2,0) / (-1,0) / (0,-2) /",7,"(-1,-2)/(2,-2)/(0,4)/(4,0)/(0,5)/(-3,0)/(-3,-5)/(2,0)"
LincolnshireWinter2023,5.67,d,A,1,2,"(4,3) / (-3,3) / (-4,-4) / (-3,0) / (4,0) / (-3,-3) / (-5,0) / (0,-4) / (2,0) / (-2,-2) / (0,-1) / (2,0) / (4,0)",6,"(-2,3)/(1,2)/(-4,0)/(-1,0)/(-3,1)/(0,3)/"
PiticOpen2023,5.67,c,B,0,1,"(-5,0) / (2,-1) / (-3,0) / (3,0) / (0,-3) / (-2,-2) / (-4,-3) / (-3,-3) / (0,-1) / (-2,-4) / (0,-2) / (-1,-4)",5,"(1,-2)/(2,-2)/(-3,-2)/(3,3)/(5,-3)/(3,-2)"
PiticOpen2023,5.67,c,B,0,2,"(4,0) / (3,-3) / (-4,-1) / (-2,-5) / (-3,0) / (6,-1) / (-3,0) / (0,-3) / (0,-3) / (5,0) / (0,-4) / (2,0) / (-1,0) /",6,"(0,-2)/(3,-2)/(0,4)/(-3,2)/(3,0)/(3,-2)/(2,0)"
PiticOpen2023,5.67,c,B,0,3,"(0,2) / (6,-3) / (1,-2) / (0,-3) / (2,-1) / (-3,-5) / (-3,-3) / (-2,-5) / (4,0) / (-4,-2) / (-2,0)",7,"(2,2)/(-2,2)/(4,2)/(2,-2)/(1,2)/(3,3)/(3,4)/(2,0)"
PiticOpen2023,5.67,c,B,0,4,"(0,5) / (3,6) / (0,3) / (-2,-2) / (-3,0) / (3,0) / (5,0) / (0,-3) / (0,-3) / (0,-2) / (-2,0) / (-4,0) / (0,-2)",5,"(4,2)/(4,-1)/(0,-3)/(-4,0)/(6,-3)/(3,-2)"
PiticOpen2023,5.67,c,B,0,5,"(0,2) / (-3,0) / (0,3) / (3,-3) / (-2,-2) / (0,-3) / (3,-4) / (0,-3) / (3,0) / (4,0) / (-4,0) / (4,-3)",6,"(2,-3)/(0,-2)/(2,3)/(3,0)/(1,0)/(5,-4)/(3,-2)"
PiticOpen2023,5.67,c,B,1,1,"(-5,0) / (-4,-4) / (-5,1) / (2,-1) / (4,-5) / (5,-3) / (-3,0) / (0,-3) / (0,-3) / (2,0) / (-4,0) / (-4,0)",7,"(-4,0)/(2,3)/(-5,0)/(2,0)/(3,-3)/(0,3)/(1,-3)/(2,0)"
PiticOpen2023,5.67,c,B,1,2,"(1,0) / (2,2) / (-3,-3) / (3,0) / (-5,-2) / (6,-1) / (-3,-3) / (-5,0) / (-2,0) / (-2,-2) / (-2,-4) / (6,0)",8,"(2,-1)/(-5,0)/(4,-1)/(0,-4)/(2,0)/(1,-4)/(3,3)/(-3,4)/(2,0)"
DontrienOpen2023,5.67,d,B,0,1,"(1,-3) / (-3,6) / (0,-3) / (2,-1) / (3,-3) / (-5,0) / (0,-3) / (0,-2) / (5,0) / (3,-2) / (-3,-2)",6,"(3,2)/(-3,2)/(4,0)/(-3,-1)/(0,-3)/(-3,-2)/(2,0)"
DontrienOpen2023,5.67,d,B,0,2,"(1,0) / (5,-4) / (0,-3) / (3,-3) / (-3,0) / (1,0) / (0,-3) / (0,-2) / (-1,0) / (1,-2) / (-3,-2) / (2,0) / (-3,-2)",7,"(1,4)/(0,2)/(3,2)/(3,-2)/(2,0)/(3,1)/(0,3)/"
DontrienOpen2023,5.67,d,B,0,3,"(1,-3) / (-1,-4) / (6,-3) / (-3,0) / (3,0) / (1,-3) / (6,-3) / (-5,-4) / (2,0) / (5,0) / (-2,-3)",6,"(2,-2)/(0,-2)/(1,2)/(0,3)/(2,3)/(-3,0)/(3,-2)"
DontrienOpen2023,5.67,d,B,0,4,"(-3,-4) / (4,1) / (2,-1) / (4,-2) / (0,-1) / (0,-3) / (-3,0) / (3,-2) / (-2,0) / (-5,-4) / (0,-2) / (2,0)",7,"(4,2)/(-4,-2)/(0,-5)/(3,-2)/(-2,-1)/(0,-3)/(5,3)/(3,-2)"
DontrienOpen2023,5.67,d,B,0,5,"(0,5) / (0,3) / (4,-2) / (-3,0) / (-4,-1) / (-3,0) / (1,0) / (-3,0) / (-3,-2) / (-2,-3) / (2,0) / (4,-1) / (6,0)",7,"(6,0)/(2,1)/(-2,3)/(0,2)/(-2,0)/(-3,0)/(-3,-2)/(2,0)"
DontrienOpen2023,5.67,d,B,1,1,"(0,-4) / (4,4) / (-1,2) / (0,-3) / (1,-2) / (3,0) / (5,0) / (6,0) / (-3,0) / (0,-3) / (3,0)",5,"(2,-3)/(0,-5)/(0,3)/(1,0)/(2,2)/(3,-2)"
DontrienOpen2023,5.67,d,B,1,2,"(1,0) / (0,3) / (5,5) / (4,-2) / (5,-4) / (0,-3) / (-2,0) / (-3,0) / (0,-3) / (3,0) / (2,0) / (4,0) / (4,0)",5,"(2,3)/(4,0)/(2,0)/(0,3)/(0,2)/(3,-2)"
JesuitinasTxantreaOpen2022,5.67,e,A,0,1,"(0,-4) / (3,0) / (3,-3) / (3,0) / (-3,0) / (1,-5) / (-3,-4) / (-3,-3) / (-3,-2) / (4,0)",5,"(-4,0)/(3,2)/(3,3)/(-3,-2)/(-4,-1)/(3,-2)"
JesuitinasTxantreaOpen2022,5.67,e,A,0,2,"(-5,0) / (-4,-4) / (-2,-5) / (-3,-3) / (2,0) / (0,-3) / (4,-1) / (0,-4) / (4,0) / (0,-2) / (2,0)",8,"(-2,0)/(4,2)/(-4,0)/(2,-2)/(-4,0)/(4,-1)/(-3,0)/(0,-5)/(2,0)"
JesuitinasTxantreaOpen2022,5.67,e,A,0,3,"(3,2) / (3,0) / (-2,1) / (3,0) / (5,-4) / (-3,0) / (4,0) / (-3,0) / (3,0) / (-4,0) / (6,0) /",4,"(-3,-2)/(0,-3)/(3,-3)/(0,4)/(2,0)"
JesuitinasTxantreaOpen2022,5.67,e,A,0,4,"(4,0) / (2,5) / (0,-3) / (0,-3) / (6,0) / (-2,-5) / (-3,-4) / (-3,-3) / (-1,0) / (-4,0) / (4,0) / (-2,-4) / (2,0)",6,"(2,2)/(0,-2)/(-4,0)/(-4,1)/(3,3)/(0,-1)/(3,-2)"
JesuitinasTxantreaOpen2022,5.67,e,A,0,5,"(4,0) / (-3,-3) / (5,2) / (3,-3) / (3,-5) / (3,0) / (1,0) / (4,0) / (5,0) / (4,-4) / (4,0) / (3,-2) /",7,"(3,3)/(3,-1)/(-4,0)/(2,1)/(-2,0)/(1,2)/(3,0)/(2,-2)"
JesuitinasTxantreaOpen2022,5.67,e,A,1,1,"(-2,0) / (-3,3) / (5,2) / (4,-5) / (6,0) / (-1,-3) / (-3,0) / (-3,0) / (-1,0) / (4,-4) / (0,-2) / (6,-2)",7,"(0,-4)/(2,0)/(3,-2)/(0,2)/(0,-2)/(-3,0)/(0,2)/(3,-2)"
JesuitinasTxantreaOpen2022,5.67,e,A,1,2,"(0,5) / (3,0) / (-5,4) / (2,-1) / (3,0) / (-2,-5) / (0,-1) / (-3,-3) / (3,-4) / (2,0) / (0,-2) / (-2,0) / (-4,0)",6,"(4,2)/(-4,-2)/(-4,-2)/(3,2)/(3,3)/(-1,6)/(3,-2)"
Cube4funKedzierzynKozle2022,5.67,f,A,0,1,"(-3,-4) / (1,-2) / (5,-4) / (0,-3) / (6,0) / (0,-5) / (-3,-3) / (0,-3) / (2,0) / (-4,0) / (1,-2) / (4,0) / (0,-1)",7,"(0,-3)/(2,3)/(0,-5)/(0,-2)/(-2,-1)/(1,0)/(3,0)/(2,-2)"
Cube4funKedzierzynKozle2022,5.67,f,A,0,2,"(0,5) / (4,-2) / (2,5) / (3,0) / (-3,0) / (1,-5) / (2,0) / (6,0) / (-3,0) / (-5,-4) / (0,-2) / (0,-2)",5,"(0,2)/(0,2)/(-1,-2)/(0,-3)/(6,-1)/(3,-2)"
Cube4funKedzierzynKozle2022,5.67,f,A,0,3,"(1,0) / (-1,2) / (-2,-5) / (0,-3) / (3,0) / (-1,-1) / (-5,0) / (-3,-3) / (-5,0) / (4,-2) / (6,0) / (-4,-4)",6,"(4,-2)/(-2,-2)/(-5,0)/(3,3)/(2,0)/(1,-2)/(2,0)"
Cube4funKedzierzynKozle2022,5.67,f,A,0,4,"(-5,0) / (5,2) / (-5,4) / (-1,-1) / (3,-3) / (-5,-3) / (0,-3) / (-1,-2) / (0,-2) / (-3,0) / (-3,0) / (4,0)",7,"(2,0)/(1,0)/(-4,0)/(0,2)/(1,2)/(3,3)/(0,-5)/(2,0)"
Cube4funKedzierzynKozle2022,5.67,f,A,0,5,"(0,2) / (6,0) / (-3,-3) / (0,-3) / (-5,-5) / (5,-4) / (-5,0) / (3,0) / (6,-5) / (5,0) / (0,-2) / (6,0)",5,"(6,0)/(0,2)/(-5,0)/(3,2)/(0,3)/(2,-2)"
Cube4funKedzierzynKozle2022,5.67,f,A,1,1,"(-2,0) / (-1,2) / (-2,-5) / (3,-3) / (-4,-1) / (-5,-3) / (3,0) / (-4,0) / (3,0) / (6,-2) / (-4,0) / (-2,0)",6,"(6,0)/(-4,2)/(2,-3)/(0,1)/(3,0)/(0,-1)/(3,-2)"
Cube4funKedzierzynKozle2022,5.67,f,A,1,2,"(4,0) / (-1,-1) / (-2,-5) / (3,0) / (-1,-1) / (0,-3) / (-2,0) / (3,0) / (0,-3) / (4,0) / (-4,0) / (-2,0) / (-5,0) / (-4,0)",7,"(4,0)/(5,0)/(2,-3)/(-5,0)/(2,0)/(0,3)/(4,6)/(2,0)"
MedanRevival2022,5.67,c,A,0,1,"(0,-4) / (-3,0) / (4,-2) / (3,0) / (2,-4) / (0,-2) / (3,0) / (1,-3) / (6,-3) / (0,-2) / (-4,-1) /",5,"(4,1)/(-4,-2)/(-2,-3)/(0,-3)/(-3,1)/(2,0)"
MedanRevival2022,5.67,c,A,0,2,"(4,0) / (0,-3) / (0,6) / (2,-1) / (-3,0) / (0,-2) / (-3,0) / (-2,0) / (0,-1) / (0,-5) / (5,-2) / (-5,0) / (0,-4) / (-2,-3)",8,"(2,3)/(-1,-2)/(2,0)/(-2,0)/(2,-3)/(0,3)/(1,-3)/(-1,-1)/(3,-2)"
MedanRevival2022,5.67,c,A,0,3,"(0,-1) / (4,-5) / (6,0) / (-3,0) / (-1,-4) / (0,-3) / (-2,0) / (3,0) / (3,0) / (-5,0) / (5,-2) / (0,-3) / (-3,-2) /",8,"(1,-1)/(2,0)/(3,0)/(2,3)/(1,-4)/(3,-3)/(3,0)/(1,0)/(2,0)"
MedanRevival2022,5.67,c,A,0,4,"(1,-3) / (3,0) / (-3,0) / (3,0) / (-1,-4) / (-2,-3) / (0,-3) / (5,-2) / (6,-2) / (3,-4) / (6,0)",6,"(6,0)/(3,-2)/(-4,0)/(-4,1)/(0,3)/(-5,0)/(2,0)"
MedanRevival2022,5.67,c,A,0,5,"(-5,0) / (3,0) / (5,5) / (-3,0) / (-5,-2) / (0,-3) / (0,-4) / (3,0) / (2,0) / (0,-5) / (-4,-1)",6,"(4,1)/(0,5)/(-2,0)/(-3,0)/(2,3)/(-5,4)/(2,0)"
MedanRevival2022,5.67,c,A,1,1,"(-5,0) / (0,-3) / (5,-4) / (0,-3) / (1,-3) / (-3,-3) / (-5,0) / (4,0) / (0,-4) / (2,0) / (-4,0)",7,"(2,-2)/(0,-2)/(0,2)/(-4,-2)/(2,-3)/(3,3)/(0,-4)/(3,-2)"
MedanRevival2022,5.67,c,A,1,2,"(-5,3) / (-4,-4) / (-3,0) / (1,-2) / (-3,-3) / (-3,-1) / (3,0) / (-4,0) / (3,-2) / (4,0)",5,"(-1,-4)/(1,1)/(-4,0)/(0,3)/(-2,3)/(2,0)"
WinnipegOpen2022,5.67,d,A,0,1,"(3,2) / (-3,0) / (3,0) / (-3,0) / (0,-3) / (-5,-2) / (0,-1) / (0,-3) / (5,-2) / (0,-2) / (2,0) / (6,0) / (6,-4) /",7,"(0,2)/(-2,2)/(2,2)/(-3,2)/(-2,-3)/(0,-3)/(2,0)/(3,-2)"
WinnipegOpen2022,5.67,d,A,0,2,"(3,5) / (-2,4) / (2,-4) / (-3,0) / (3,0) / (-3,-2) / (-3,0) / (-2,0) / (5,0) / (2,-3)",5,"(-2,0)/(-2,0)/(3,2)/(3,0)/(-4,3)/(3,-2)"
WinnipegOpen2022,5.67,d,A,0,3,"(-3,2) / (-3,0) / (-5,4) / (-4,-3) / (0,-3) / (4,-1) / (4,-4) / (2,-2) / (-2,-1) / (-3,0) / (0,-3) / (-1,0)",7,"(0,-2)/(-2,2)/(2,-2)/(1,-4)/(0,3)/(5,0)/(-5,-2)/(2,0)"
WinnipegOpen2022,5.67,d,A,0,4,"(0,5) / (3,0) / (0,6) / (-3,0) / (-2,-5) / (5,0) / (3,0) / (0,-4) / (-5,-2) / (-1,-2) / (4,0) / (0,-1)",7,"(-2,-3)/(-2,0)/(0,4)/(2,0)/(-1,4)/(-3,0)/(4,0)/(2,0)"
WinnipegOpen2022,5.67,d,A,0,5,"(0,2) / (4,-2) / (0,3) / (5,-1) / (3,0) / (3,0) / (-2,-3) / (0,-3) / (0,-2) / (2,0) / (-5,-2) / (2,0) / (-1,0)",6,"(-5,0)/(0,-2)/(-1,-2)/(0,-3)/(-5,0)/(0,3)/(2,0)"
WinnipegOpen2022,5.67,d,A,1,1,"(3,5) / (-3,0) / (0,3) / (0,-3) / (1,-5) / (-4,-1) / (1,0) / (-3,0) / (0,-2) / (-1,0) / (-4,-3) / (4,-4)",6,"(2,-2)/(-4,-2)/(0,-2)/(-3,0)/(0,-3)/(3,-1)/(3,-2)"
WinnipegOpen2022,5.67,d,A,1,2,"(3,2) / (0,-3) / (-2,-5) / (-1,-4) / (0,-3) / (-2,-3) / (-3,-3) / (0,-4) / (0,-5) / (-3,0) / (6,0) /",5,"(-2,0)/(-4,-2)/(1,-2)/(3,3)/(2,-3)/(3,-2)"
PesaroOpen2022,5.67,d,A,0,1,"(0,5) / (-3,0) / (-5,4) / (0,-3) / (0,-3) / (3,-1) / (-3,0) / (0,-3) / (-3,-3) / (6,-4) / (1,-4) / (4,-1)",7,"(4,0)/(-2,3)/(-2,3)/(1,3)/(-3,-1)/(-3,0)/(6,1)/(2,0)"
PesaroOpen2022,5.67,d,A,0,2,"(0,-1) / (4,4) / (-4,5) / (-5,-5) / (-3,0) / (-4,0) / (0,-3) / (6,-1) / (-2,-5) / (5,0) / (2,0) / (0,-1) / (-2,0)",8,"(2,-3)/(0,-2)/(0,-5)/(-2,0)/(-2,-3)/(0,-1)/(-3,0)/(0,-5)/(2,0)"
PesaroOpen2022,5.67,d,A,0,3,"(1,3) / (0,-3) / (-4,5) / (1,-2) / (0,-3) / (-3,0) / (2,0) / (-3,-3) / (0,-5) / (4,0) / (-2,-4) / (6,0) / (-4,0)",6,"(2,2)/(0,2)/(0,2)/(-2,2)/(3,-2)/(-3,-3)/"
PesaroOpen2022,5.67,d,A,0,4,"(0,2) / (6,3) / (-2,4) / (0,-3) / (5,-4) / (0,-3) / (-5,0) / (6,0) / (3,0) / (-1,0) / (0,-5) / (-4,0) / (0,-4)",5,"(-2,-2)/(2,-2)/(-3,-2)/(0,-3)/(-5,-3)/(2,0)"
PesaroOpen2022,5.67,d,A,0,5,"(4,0) / (0,-3) / (5,2) / (4,-5) / (-1,-1) / (0,-3) / (1,0) / (0,-3) / (-1,0) / (3,0) / (-5,-2)",5,"(0,-4)/(3,0)/(-3,-2)/(0,-3)/(-1,-4)/(3,-2)"
PesaroOpen2022,5.67,d,A,1,1,"(-5,3) / (0,-3) / (0,3) / (2,-1) / (-5,-2) / (0,-3) / (2,0) / (-3,-3) / (-4,-5) / (0,-2) / (-4,0) / (4,0) /",6,"(0,2)/(1,-4)/(3,3)/(-1,3)/(3,0)/(-5,-5)/(2,0)"
PesaroOpen2022,5.67,d,A,1,2,"(-2,0) / (-3,0) / (0,6) / (-4,-1) / (-5,-2) / (0,-3) / (3,-4) / (0,-3) / (-3,0) / (0,-2) / (0,-2) / (-1,0) / (0,-4) / (-2,0)",7,"(2,-2)/(4,0)/(2,3)/(-2,3)/(-2,-1)/(-3,0)/(5,6)/(3,-2)"
SummerKubeVilaVelha2020,5.67,c,B,0,1,"(0,-1) / (1,4) / (-3,0) / (5,-1) / (-3,-2) / (0,-3) / (0,-1) / (-3,-4) / (6,-2) /",5,"(-4,0)/(1,0)/(2,3)/(0,3)/(1,0)/(2,0)"
SummerKubeVilaVelha2020,5.67,c,B,0,2,"(-2,0) / (0,3) / (5,-4) / (6,-3) / (-5,-5) / (0,-3) / (0,-4) / (0,-3) / (-1,0) / (0,-2) / (0,-2) / (-5,-4) / (4,0)",7,"(2,0)/(0,-4)/(-2,3)/(0,-4)/(1,0)/(3,-1)/(0,-3)/(2,-2)"
SummerKubeVilaVelha2020,5.67,c,B,0,3,"(1,0) / (0,-3) / (0,3) / (2,-1) / (6,0) / (-2,-2) / (-1,-3) / (3,0) / (-5,0) / (-4,0) / (2,-3) / (-2,0) /",8,"(2,-1)/(0,-2)/(-2,-3)/(1,0)/(-1,-1)/(-2,0)/(-3,0)/(-4,-3)/(3,-2)"
SummerKubeVilaVelha2020,5.67,c,B,0,4,"(-5,0) / (2,5) / (-5,4) / (2,-4) / (0,-3) / (3,-5) / (0,-3) / (-2,0) / (2,-1) / (-5,0) / (4,0) / (0,-4) / (-4,0)",7,"(4,0)/(2,0)/(4,-2)/(2,0)/(-4,1)/(0,3)/(-5,3)/(2,0)"
SummerKubeVilaVelha2020,5.67,c,B,0,5,"(4,3) / (2,-4) / (4,-5) / (2,-1) / (4,-5) / (0,-4) / (3,0) / (-4,0) / (-3,-2) / (-2,0) / (-2,-1)",6,"(0,3)/(-4,0)/(0,4)/(0,2)/(1,-4)/(3,0)/(2,-2)"
SummerKubeVilaVelha2020,5.67,c,B,1,1,"(3,5) / (3,0) / (-5,4) / (6,-3) / (5,-4) / (3,-5) / (3,0) / (1,0) / (-4,-3) / (0,-4) / (0,-4)",6,"(1,-2)/(0,-1)/(3,1)/(3,0)/(-5,0)/(-1,-4)/(3,-2)"
SummerKubeVilaVelha2020,5.67,c,B,1,2,"(0,5) / (3,0) / (-2,1) / (5,-1) / (0,-3) / (3,0) / (-3,-2) / (0,-3) / (0,-1) / (-5,0) / (-3,0) / (3,-4)",5,"(0,4)/(3,-2)/(0,-3)/(3,-1)/(-3,0)/(2,-2)"
XlingenOpen2019,5.67,d,A,0,1,"(-2,3) / (-3,0) / (0,-3) / (-1,-1) / (-3,0) / (4,-3) / (-3,0) / (-3,-2) / (2,0) / (-4,0) / (0,-4) / (1,0) / (2,0) /",7,"(3,-2)/(3,-2)/(0,-5)/(-3,-1)/(3,-3)/(-3,0)/(3,-5)/(2,0)"
XlingenOpen2019,5.67,d,A,0,2,"(0,2) / (0,-3) / (4,1) / (2,-4) / (3,0) / (0,-3) / (-5,-3) / (-3,-3) / (-1,0) / (4,-4) / (-2,0) / (2,0) /",7,"(2,2)/(4,0)/(-4,-2)/(0,-2)/(2,1)/(3,3)/(-5,0)/(2,0)"
XlingenOpen2019,5.67,d,A,0,3,"(0,-1) / (4,-2) / (3,0) / (3,0) / (-4,-4) / (1,-5) / (-4,0) / (-3,0) / (4,0) / (3,0) / (4,-4) / (6,-5) / (3,0)",8,"(3,-2)/(-4,0)/(0,-1)/(-2,3)/(1,3)/(0,3)/(-3,0)/(0,2)/(3,-2)"
XlingenOpen2019,5.67,d,A,0,4,"(-3,-1) / (-2,-2) / (3,0) / (0,-3) / (5,-1) / (3,0) / (-2,0) / (0,-3) / (-1,0) / (-2,-2)",5,"(-3,0)/(0,-1)/(0,-3)/(3,-2)/(2,5)/(3,-2)"
XlingenOpen2019,5.67,d,A,0,5,"(0,-1) / (4,-2) / (3,0) / (-3,-3) / (-1,-1) / (4,-3) / (0,-3) / (-1,0) / (3,-4) / (-2,0) / (-5,0) / (-3,0) /",6,"(1,-4)/(-2,0)/(-2,1)/(-5,0)/(2,0)/(-3,6)/(2,-2)"
XlingenOpen2019,5.67,d,A,1,1,"(0,-4) / (1,4) / (-3,0) / (-3,0) / (-1,-4) / (1,-2) / (0,-4) / (3,0) / (-3,-3) / (3,0) / (6,0)",5,"(3,3)/(2,-3)/(0,3)/(3,-3)/(-2,-5)/(2,0)"
XlingenOpen2019,5.67,d,A,1,2,"(1,0) / (5,-4) / (4,4) / (-3,0) / (2,-4) / (-2,-3) / (-3,-3) / (5,0) / (-4,0) / (-2,-4) / (4,0) / (0,-2)",6,"(4,0)/(-2,0)/(2,-2)/(3,0)/(3,3)/(5,6)/(3,-2)"
WarmUpSydney2019,5.67,d,D,0,1,"(0,-1) / (3,0) / (-5,1) / (3,0) / (0,-3) / (-4,-4) / (3,-2) / (3,0) / (3,0) / (-2,0) / (4,-4) / (3,-4) / (2,0)",7,"(0,-2)/(0,2)/(-1,-4)/(2,-3)/(3,2)/(-3,-2)/(0,-3)/"
WarmUpSydney2019,5.67,d,D,0,2,"(-2,0) / (2,5) / (3,3) / (-5,-2) / (0,-3) / (-3,0) / (2,0) / (0,-3) / (4,0) / (-4,-1) / (-5,0) / (6,0)",6,"(3,0)/(5,0)/(0,-2)/(-3,0)/(0,-3)/(1,0)/(2,0)"
WarmUpSydney2019,5.67,d,D,0,3,"(-5,-3) / (-1,-4) / (1,-5) / (0,-3) / (5,-4) / (1,0) / (3,0) / (-4,0) / (-3,0) / (-4,0) / (4,0)",6,"(2,-2)/(3,2)/(0,1)/(-3,-1)/(-3,0)/(5,-3)/(3,-2)"
WarmUpSydney2019,5.67,d,D,0,4,"(-5,0) / (-1,-1) / (-3,0) / (6,0) / (-5,-2) / (-4,-1) / (-5,0) / (-3,-3) / (-3,0) / (-2,0) / (-2,-4) / (-4,0) /",7,"(2,-2)/(4,0)/(0,-2)/(1,0)/(3,3)/(2,-3)/(-5,4)/(2,0)"
WarmUpSydney2019,5.67,d,D,0,5,"(4,-3) / (3,0) / (-3,0) / (3,-3) / (2,-1) / (3,0) / (-5,0) / (-3,-3) / (-3,0) / (-4,-2) / (0,-4) / (6,-2)",5,"(2,2)/(2,-2)/(-4,-2)/(2,1)/(3,3)/"
WarmUpSydney2019,5.67,d,D,1,1,"(0,2) / (-2,1) / (3,-3) / (5,-4) / (3,-3) / (6,-2) / (0,-3) / (4,-3) / (0,-4) / (0,-3) / (-1,-4) / (1,0)",8,"(4,0)/(-5,0)/(0,-2)/(-3,1)/(1,3)/(-3,2)/(3,0)/(3,-2)/(2,0)"
WarmUpSydney2019,5.67,d,D,1,2,"(0,2) / (0,-3) / (1,1) / (-3,0) / (-3,0) / (-1,-4) / (6,-2) / (-3,0) / (4,0) / (3,0) / (0,-3) / (0,-1)",5,"(3,3)/(3,0)/(2,0)/(4,-2)/(-4,-1)/(3,-2)"
ManchesterOpen2019,5.67,c,B,0,1,"(-5,6) / (-4,5) / (-3,0) / (3,0) / (-3,0) / (-5,-2) / (-1,0) / (-3,-3) / (2,-1) / (0,-2) / (-4,-2) / (0,-2)",5,"(4,2)/(2,0)/(3,2)/(3,3)/(2,6)/(3,-2)"
ManchesterOpen2019,5.67,c,B,0,2,"(4,0) / (0,3) / (5,2) / (-5,-2) / (-3,-3) / (0,-1) / (0,-3) / (-3,0) / (3,0) / (2,0)",5,"(1,-3)/(3,0)/(3,0)/(1,0)/(3,6)/(2,0)"
ManchesterOpen2019,5.67,c,B,0,3,"(-2,0) / (-1,2) / (-3,0) / (0,-3) / (1,-5) / (0,-3) / (2,0) / (0,-3) / (0,-1) / (-3,-4) / (4,0) / (0,-4) / (6,0) / (0,-2)",8,"(3,2)/(-2,0)/(5,0)/(2,-2)/(2,0)/(2,0)/(-3,0)/(-3,0)/"
ManchesterOpen2019,5.67,c,B,0,4,"(0,-4) / (-3,6) / (0,-3) / (-5,-5) / (3,0) / (3,-4) / (-3,0) / (0,-2) / (6,-1) / (4,0) / (5,-2) / (-2,-3)",8,"(2,-1)/(-5,0)/(0,-5)/(0,2)/(-2,3)/(0,-5)/(-4,0)/(0,3)/"
ManchesterOpen2019,5.67,c,B,0,5,"(3,5) / (-3,6) / (4,-5) / (5,-4) / (4,-5) / (0,-1) / (0,-3) / (-1,0) / (6,0) / (-2,-2) / (-1,0)",5,"(-3,2)/(1,4)/(-4,0)/(3,0)/(-3,2)/(3,-2)"
ManchesterOpen2019,5.67,c,B,1,1,"(1,3) / (-4,-1) / (3,0) / (0,-3) / (3,-5) / (-3,0) / (4,-3) / (2,-1) / (1,0) / (6,-2) / (2,0) / (0,-1)",7,"(0,1)/(2,0)/(2,2)/(-2,-3)/(1,0)/(3,0)/(-1,3)/(3,-2)"
ManchesterOpen2019,5.67,c,B,1,2,"(3,5) / (6,3) / (1,-5) / (0,-3) / (-4,-1) / (-3,-5) / (0,-3) / (6,0) / (-3,0) / (0,-1) / (0,-5) / (5,-4) /",7,"(4,-2)/(5,0)/(-2,0)/(0,-2)/(-1,-2)/(0,-3)/(4,6)/(2,0)"
CMITessellateCubeOpen2019,5.67,c,A,0,1,"(3,-4) / (-5,4) / (-4,-1) / (0,-3) / (0,-3) / (-3,-5) / (3,0) / (0,-3) / (5,-5) / (4,0) / (4,-1) / (-2,0)",7,"(2,0)/(-4,1)/(-4,0)/(1,-4)/(0,3)/(-4,0)/(-3,0)/(3,-2)"
CMITessellateCubeOpen2019,5.67,c,A,0,2,"(1,0) / (6,3) / (0,3) / (0,-3) / (-4,-1) / (6,-3) / (4,0) / (-3,0) / (0,-2) / (5,-1) / (3,0) / (2,0) / (-5,0) /",6,"(2,0)/(-3,-2)/(2,0)/(0,5)/(1,-3)/(3,0)/(2,-2)"
CMITessellateCubeOpen2019,5.67,c,A,0,3,"(-5,-3) / (-4,-4) / (0,-3) / (3,0) / (4,-2) / (0,-3) / (2,0) / (3,-3) / (3,0) / (-3,-3) / (0,-3)",4,"(3,3)/(-3,1)/(-4,-1)/(4,1)/(2,0)"
CMITessellateCubeOpen2019,5.67,c,A,0,4,"(0,-1) / (0,-3) / (-2,4) / (0,-3) / (-3,0) / (-3,0) / (3,0) / (-1,0) / (-3,-3) / (2,-1) / (-2,0) / (2,0) / (2,0) / (0,-4)",8,"(2,-2)/(2,-2)/(-2,-2)/(2,1)/(-4,-2)/(1,-4)/(0,3)/(-4,0)/(3,-2)"
CMITessellateCubeOpen2019,5.67,c,A,0,5,"(0,5) / (-5,4) / (-3,6) / (3,0) / (-4,-1) / (0,-3) / (0,-5) / (0,-3) / (3,-1) / (6,0) / (0,-5)",5,"(0,-1)/(-2,-3)/(-3,0)/(3,0)/(-1,3)/(3,-2)"
CMITessellateCubeOpen2019,5.67,c,A,1,1,"(-3,5) / (-2,1) / (0,-3) / (3,0) / (-4,-4) / (0,-3) / (-5,0) / (3,0) / (-4,0) / (-3,0) / (-4,0) / (4,-2)",6,"(-4,2)/(-4,-2)/(0,-1)/(-3,0)/(2,0)/(-2,-5)/(2,0)"
CMITessellateCubeOpen2019,5.67,c,A,1,2,"(-5,0) / (3,-3) / (0,3) / (-1,-1) / (3,0) / (0,-3) / (-5,0) / (3,0) / (-4,-5) / (6,0) / (0,-2) / (-1,0) / (-5,-4) /",7,"(-1,-4)/(2,1)/(-2,0)/(0,-2)/(1,-4)/(3,3)/(5,0)/(3,-2)"
BayAreaSpeedcubin132019,5.67,c,A,0,1,"(4,0) / (3,0) / (6,-3) / (5,-4) / (-3,0) / (3,0) / (6,-2) / (-3,-3) / (4,-1) / (0,-2) / (-2,-5) / (2,-5)",8,"(4,-1)/(1,-2)/(0,-2)/(4,-2)/(1,-3)/(-3,0)/(3,3)/(-2,0)/(2,0)"
BayAreaSpeedcubin132019,5.67,c,A,0,2,"(0,-1) / (-2,1) / (6,3) / (2,-1) / (1,-5) / (-3,-4) / (-3,0) / (5,0) / (4,-2) / (4,0) / (6,-4)",6,"(-1,4)/(0,3)/(0,-2)/(1,2)/(0,3)/(-4,0)/(3,-2)"
BayAreaSpeedcubin132019,5.67,c,A,0,3,"(0,-1) / (-3,6) / (4,1) / (3,-3) / (2,-1) / (-3,-2) / (3,0) / (6,-4) / (-3,0) / (3,0) / (-3,-4)",5,"(1,2)/(2,3)/(3,0)/(3,-3)/(3,-5)/(2,0)"
BayAreaSpeedcubin132019,5.67,c,A,0,4,"(0,5) / (-5,4) / (-3,0) / (3,0) / (2,-1) / (-2,-2) / (-1,0) / (0,-3) / (0,-3) / (6,-2) / (-4,0) / (0,-2) / (-3,-2)",6,"(-1,2)/(-3,-2)/(3,-2)/(3,-3)/(0,-3)/(0,-2)/(2,0)"
BayAreaSpeedcubin132019,5.67,c,A,0,5,"(0,5) / (0,3) / (3,3) / (0,-3) / (3,-2) / (3,0) / (0,-4) / (-5,0) / (0,-4) / (-4,-3) / (0,-5) / (6,0) / (-2,0) / (0,-3)",6,"(2,-3)/(2,2)/(-2,1)/(0,-4)/(1,-4)/(-3,6)/"
BayAreaSpeedcubin132019,5.67,c,A,1,1,"(-5,3) / (-4,5) / (1,-5) / (-4,-1) / (-3,0) / (-3,-5) / (3,0) / (-3,0) / (6,-3) / (6,-5) /",5,"(5,0)/(-3,0)/(4,0)/(2,-1)/(6,3)/(3,-2)"
BayAreaSpeedcubin132019,5.67,c,A,1,2,"(-2,-3) / (3,0) / (-4,-1) / (0,-3) / (-5,-2) / (5,0) / (0,-3) / (-3,0) / (0,-5) / (4,-1) / (-2,-1) /",8,"(2,2)/(4,-2)/(-3,-2)/(-2,0)/(2,-2)/(-3,-2)/(0,-3)/(-3,-1)/(3,-2)"
SUAO2018,5.67,d,B,0,1,"(0,-1) / (-5,4) / (-1,5) / (-3,0) / (1,-2) / (0,-1) / (-3,-3) / (-5,0) / (2,-2) / (0,-5) / (3,0) / (4,0) /",7,"/(0,-5)/(-4,-1)/(-3,2)/(-1,3)/(1,3)/(3,0)/(2,-2)"
SUAO2018,5.67,d,B,0,2,"(-5,0) / (-1,2) / (1,-5) / (-3,0) / (-1,-1) / (6,0) / (0,-2) / (0,-3) / (0,-1) / (-5,0) / (-4,-4) / (0,-5) / (2,-4)",8,"(2,-2)/(-1,0)/(1,-2)/(-4,2)/(4,0)/(0,-1)/(0,-3)/(2,3)/(3,-2)"
SUAO2018,5.67,d,B,0,3,"(1,0) / (-1,-1) / (0,-3) / (6,-3) / (-3,0) / (4,-5) / (0,-4) / (-3,-3) / (0,-2) / (6,-1) / (2,-5) / (6,-2)",5,"(-2,-2)/(-2,2)/(-3,2)/(3,3)/(6,1)/(2,0)"
SUAO2018,5.67,d,B,0,4,"(-2,0) / (3,0) / (-4,-1) / (3,0) / (4,-5) / (-3,0) / (2,-3) / (-3,-3) / (-3,0) / (0,-5) / (5,-1)",6,"(6,0)/(1,-3)/(3,3)/(3,1)/(-4,-1)/(0,-3)/(3,-2)"
SUAO2018,5.67,d,B,0,5,"(-3,-4) / (-2,1) / (5,-1) / (0,-3) / (-2,-2) / (-1,0) / (6,0) / (-3,0) / (-5,-4) / (0,-2) / (2,0) / (-5,0) / (-4,0)",8,"(4,2)/(0,-2)/(0,-2)/(-4,-2)/(1,4)/(-4,0)/(3,0)/(3,-1)/(3,-2)"
SUAO2018,5.67,d,B,1,1,"(-5,3) / (-4,2) / (1,-2) / (3,0) / (0,-3) / (3,0) / (0,-4) / (0,-3) / (-1,0) / (0,-2) / (-2,-2)",5,"(-4,0)/(-4,0)/(-2,2)/(3,2)/(6,-3)/"
SUAO2018,5.67,d,B,1,2,"(1,0) / (3,-3) / (2,-1) / (-3,0) / (3,0) / (-5,-5) / (5,0) / (3,0) / (1,0) / (-2,0) / (-4,-1) / (6,0)",6,"(1,4)/(-1,2)/(1,4)/(-2,-1)/(-3,-2)/(-3,0)/"
BaiaMareNorthOpen2018,5.67,d,B,0,1,"(-5,0) / (3,3) / (-4,5) / (-3,0) / (-5,-2) / (-3,0) / (0,-1) / (-3,0) / (-1,0) / (0,-3) / (1,0) /",5,"(3,0)/(2,-3)/(0,-3)/(1,4)/(5,2)/(3,-2)"
BaiaMareNorthOpen2018,5.67,d,B,0,2,"(-2,0) / (0,6) / (-1,5) / (-5,-2) / (0,-3) / (0,-4) / (-3,0) / (0,-2) / (0,-4) / (3,-2) / (0,-5) / (6,-4) / (4,0)",7,"(-4,-2)/(5,0)/(1,-4)/(2,0)/(0,-3)/(-3,0)/(0,-2)/(2,0)"
BaiaMareNorthOpen2018,5.67,d,B,0,3,"(0,-1) / (3,6) / (-2,-5) / (5,-1) / (3,0) / (-3,0) / (1,0) / (6,0) / (3,-3) / (-1,0) / (0,-4) / (-2,0) / (-3,-4)",7,"(1,-2)/(0,4)/(-1,-4)/(4,2)/(1,-4)/(3,0)/(-3,-2)/(2,0)"
BaiaMareNorthOpen2018,5.67,d,B,0,4,"(0,-4) / (-2,-5) / (2,5) / (-5,-2) / (-1,-4) / (-5,-3) / (-3,-3) / (1,0) / (-2,0) / (4,-2) / (-4,-5)",7,"(-4,-1)/(-2,0)/(4,2)/(-4,0)/(-3,2)/(3,3)/(0,4)/(2,0)"
BaiaMareNorthOpen2018,5.67,d,B,0,5,"(0,-1) / (3,0) / (3,0) / (4,-2) / (0,-3) / (-3,0) / (3,0) / (-4,0) / (-3,0) / (6,-1) / (0,-2) / (0,-4) / (3,0)",6,"(1,0)/(2,2)/(-3,2)/(-2,-3)/(0,-3)/(0,1)/(2,0)"
BaiaMareNorthOpen2018,5.67,d,B,1,1,"(0,5) / (-2,-5) / (-3,0) / (0,-3) / (-4,-4) / (-2,-5) / (5,0) / (-3,-3) / (4,0) / (0,-1) / (6,-5) /",5,"(-3,-1)/(3,3)/(0,-4)/(1,-2)/(-3,0)/(2,0)"
BaiaMareNorthOpen2018,5.67,d,B,1,2,"(-2,0) / (3,3) / (2,5) / (3,0) / (0,-3) / (1,-5) / (5,0) / (-3,-3) / (-3,-5) / (6,0) / (0,-1) / (-2,0) /",6,"(0,3)/(0,-3)/(-4,0)/(-2,-1)/(-3,0)/(5,6)/(3,-2)"
CrystalOpen2018,5.67,c,B,0,1,"(0,-1) / (-2,-5) / (2,-1) / (-2,-2) / (-3,0) / (2,0) / (-3,0) / (3,-3) / (-2,-1) / (6,-2) / (0,-3) / (0,-2) /",7,"(-5,-1)/(1,3)/(-2,3)/(0,-1)/(2,0)/(-4,1)/(6,-3)/(2,-2)"
CrystalOpen2018,5.67,c,B,0,2,"(-5,-3) / (-1,-1) / (-3,0) / (1,-2) / (-4,-1) / (1,0) / (0,-3) / (5,-2) / (-4,0) / (3,0) / (6,0) / (0,-2) / (-4,0)",7,"(0,-2)/(3,0)/(-1,-4)/(-2,0)/(-3,2)/(2,1)/(0,3)/"
CrystalOpen2018,5.67,c,B,0,3,"(1,0) / (0,3) / (0,-3) / (-4,-1) / (6,-3) / (0,-3) / (6,-5) / (6,-3) / (2,0) / (1,-5) / (-1,-3) /",6,"(0,-3)/(1,0)/(-1,-4)/(0,-3)/(4,1)/(-4,-1)/(3,-2)"
CrystalOpen2018,5.67,c,B,0,4,"(0,2) / (0,3) / (3,0) / (0,-3) / (-2,-5) / (3,-3) / (-1,-3) / (-3,0) / (-3,0) / (-1,0) / (0,-4) / (0,-2) / (-4,0) / (-5,0)",6,"(4,-2)/(-2,-2)/(-4,0)/(1,-2)/(3,3)/(5,0)/(3,-2)"
CrystalOpen2018,5.67,c,B,0,5,"(-5,-3) / (-4,-1) / (-3,0) / (3,0) / (-2,0) / (-3,0) / (-1,0) / (0,-2) / (0,-3) / (-4,0) / (3,0) / (-4,-3) / (-1,0)",7,"(1,-3)/(-2,0)/(0,1)/(-4,0)/(0,-1)/(-3,0)/(5,3)/(3,-2)"
CrystalOpen2018,5.67,c,B,1,1,"(-5,0) / (-4,-4) / (-3,0) / (-2,-2) / (0,-3) / (0,-3) / (-3,-1) / (3,0) / (-3,0) / (3,0) / (-3,0) / (-1,0) /",5,"(1,1)/(5,-1)/(1,4)/(-4,-1)/(-3,6)/(3,-2)"
CrystalOpen2018,5.67,c,B,1,2,"(0,-1) / (1,4) / (-4,5) / (-2,-5) / (5,-1) / (-5,0) / (3,0) / (2,0) / (0,-3) / (4,0) / (6,0)",5,"(-1,3)/(1,1)/(3,-1)/(0,-3)/(-3,-2)/(2,0)"
PhoenixCubeChampionship2018,5.67,f,B,0,1,"(1,-3) / (0,-3) / (-4,-4) / (-2,-5) / (2,-4) / (-3,-5) / (0,-3) / (3,0) / (-3,0)",6,"(2,3)/(1,-3)/(-3,0)/(0,3)/(1,0)/(3,3)/(2,0)"
PhoenixCubeChampionship2018,5.67,f,B,0,2,"(-5,3) / (-3,3) / (2,-1) / (3,-3) / (3,0) / (1,0) / (-3,0) / (5,0) / (4,0) / (-4,-3) / (0,-4) / (-4,0) / (0,-2)",6,"/(-2,-3)/(-4,-2)/(1,-4)/(3,3)/(-4,6)/(3,-2)"
PhoenixCubeChampionship2018,5.67,f,B,0,3,"(0,-1) / (4,-2) / (0,3) / (3,0) / (-3,0) / (-1,-4) / (-2,-3) / (-3,0) / (5,0) / (-3,0)",5,"(0,4)/(0,-3)/(1,-3)/(3,-3)/(5,-4)/(3,-2)"
PhoenixCubeChampionship2018,5.67,f,B,0,4,"(-5,0) / (-3,0) / (-4,5) / (-2,-5) / (-3,0) / (5,-4) / (0,-5) / (3,0) / (-3,-3) /",5,"(6,0)/(0,-5)/(2,-3)/(0,3)/(-3,2)/(3,-2)"
PhoenixCubeChampionship2018,5.67,f,B,0,5,"(0,2) / (-2,4) / (-4,5) / (-3,0) / (-5,-5) / (3,0) / (-1,0) / (-3,0) / (-2,-1) / (2,0) / (3,0) / (-4,0)",7,"(-2,3)/(-2,-1)/(4,-2)/(-2,2)/(-4,1)/(3,3)/(1,3)/(2,0)"
PhoenixCubeChampionship2018,5.67,f,B,1,1,"(-2,0) / (-1,5) / (-5,-2) / (5,-4) / (6,-3) / (-2,0) / (3,0) / (6,-5) / (3,-2) / (5,0) / (0,-2) / (5,0)",7,"(1,-4)/(0,-5)/(0,2)/(2,3)/(0,3)/(-3,-1)/(-3,6)/(3,-2)"
PhoenixCubeChampionship2018,5.67,f,B,1,2,"(1,0) / (-1,5) / (4,-2) / (3,0) / (-3,-3) / (0,-1) / (-3,0) / (-1,-3) / (1,-3) / (-5,-2) / (2,-1) /",7,"(3,-2)/(0,3)/(0,-4)/(4,0)/(0,2)/(0,3)/(2,-3)/(3,-2)"
No3x3x3Waterloo2018,5.67,1,A,0,1,"(0,2) / (-3,3) / (0,3) / (-3,0) / (-5,-5) / (-4,-1) / (4,0) / (-3,0) / (-1,0) / (4,-2) / (2,0)",5,"(0,-3)/(0,1)/(-3,2)/(0,3)/(-4,3)/(3,-2)"
No3x3x3Waterloo2018,5.67,1,A,0,2,"(-3,-1) / (-3,0) / (0,3) / (-2,-2) / (3,0) / (2,0) / (0,-3) / (4,0) / (-1,0) / (5,-5) / (-2,0) / (2,0) / (-2,0) / (5,0)",7,"(-3,2)/(4,-2)/(2,-3)/(-1,0)/(-3,0)/(0,2)/(1,4)/(2,0)"
No3x3x3Waterloo2018,5.67,1,A,0,3,"(0,2) / (-5,1) / (-4,2) / (0,-3) / (-2,-2) / (6,-1) / (-3,0) / (-1,-2) / (2,0) / (4,-1) / (5,-2)",6,"(6,0)/(4,0)/(-2,2)/(-2,-3)/(-3,0)/(-3,4)/(2,0)"
No3x3x3Waterloo2018,5.67,1,A,0,4,"(-3,2) / (0,3) / (0,3) / (4,-2) / (5,-4) / (-3,-2) / (0,-3) / (4,0) / (-1,0) / (-1,-5) / (-2,0) / (4,0) /",7,"(0,-1)/(5,0)/(-4,-2)/(2,3)/(3,0)/(-5,0)/(2,-1)/(3,-2)"
No3x3x3Waterloo2018,5.67,1,A,0,5,"(-5,0) / (3,3) / (0,3) / (5,-4) / (3,0) / (4,-5) / (5,0) / (6,-3) / (0,-3) / (-3,0) / (6,0)",5,"(-3,0)/(2,-3)/(4,-2)/(-1,2)/(4,1)/(2,0)"
No3x3x3Waterloo2018,5.67,1,A,1,1,"(0,-1) / (4,4) / (5,-1) / (-2,-5) / (0,-3) / (-3,0) / (-4,0) / (3,0) / (3,0) / (-4,0) / (-5,-4) / (-3,0) /",6,"(-5,0)/(0,-4)/(2,-3)/(3,3)/(1,3)/(2,-1)/(3,-2)"
No3x3x3Waterloo2018,5.67,1,A,1,2,"(-2,0) / (2,-4) / (3,0) / (1,-2) / (-3,-3) / (6,0) / (-1,0) / (-3,-3) / (-4,-5) / (-2,0) / (0,-4) / (3,0) / (6,0)",8,"(1,0)/(3,0)/(0,4)/(0,2)/(-3,2)/(5,0)/(3,1)/(-3,-3)/(2,-2)"
JohorCubeOpen2018,5.67,c,A,0,1,"(0,-4) / (-2,4) / (0,3) / (-1,-1) / (0,-3) / (3,-3) / (-5,0) / (-3,-3) / (-1,-4) / (2,0) / (0,-2) / (-4,0) /",6,"(4,2)/(-2,0)/(-4,-2)/(2,-3)/(3,3)/(-2,3)/(2,0)"
JohorCubeOpen2018,5.67,c,A,0,2,"(-2,0) / (0,-3) / (-3,-3) / (-3,0) / (-1,-4) / (-2,0) / (3,0) / (2,-5) / (0,-2)",5,"(0,2)/(4,-1)/(0,-3)/(2,0)/(1,4)/(2,0)"
JohorCubeOpen2018,5.67,c,A,0,3,"(1,3) / (3,0) / (3,0) / (-1,-4) / (-2,-5) / (-1,0) / (0,-3) / (0,-1) / (3,-4) / (-2,0) / (-3,-4) / (0,-4)",6,"(-3,2)/(0,2)/(0,-2)/(0,1)/(0,3)/(0,-4)/(3,-2)"
JohorCubeOpen2018,5.67,c,A,0,4,"(4,-3) / (0,-3) / (0,3) / (-4,-1) / (0,-3) / (-3,-3) / (1,0) / (3,0) / (3,-5) / (0,-4) / (3,0) / (3,0)",4,"(2,3)/(-3,0)/(4,1)/(-4,-1)/(3,-2)"
JohorCubeOpen2018,5.67,c,A,0,5,"(4,0) / (0,3) / (2,-1) / (-3,0) / (0,-3) / (3,0) / (-2,0) / (-3,0) / (5,-2) / (4,0) / (0,-1) / (2,-5) / (0,-5) / (2,0)",7,"(2,-3)/(0,-4)/(1,0)/(3,-2)/(2,0)/(-3,-2)/(6,3)/(2,-2)"
JohorCubeOpen2018,5.67,c,A,1,1,"(0,2) / (6,0) / (1,-2) / (-4,-1) / (0,-3) / (0,-5) / (6,-3) / (2,0) / (0,-5) / (4,0) / (-2,0) / (0,-1) / (6,-5)",7,"(4,-1)/(2,0)/(2,2)/(2,-3)/(-2,-3)/(-3,0)/(0,4)/(2,0)"
JohorCubeOpen2018,5.67,c,A,1,2,"(4,0) / (0,3) / (0,3) / (2,-1) / (3,-3) / (0,-3) / (4,-3) / (3,0) / (2,0) / (-5,-3) / (4,0) / (1,0) / (4,0)",7,"(0,-2)/(-2,-3)/(3,-2)/(0,5)/(0,-2)/(-3,0)/(6,-4)/(3,-2)"
NLC5thAnniversary2017,5.67,f,B,0,1,"(0,5) / (-5,4) / (2,5) / (0,-3) / (1,-5) / (0,-3) / (-1,0) / (-3,-3) / (-2,-5) / (2,0) / (-4,-4) / (-3,0)",5,"(-3,1)/(3,3)/(-2,0)/(2,-1)/(6,3)/(3,-2)"
NLC5thAnniversary2017,5.67,f,B,0,2,"(3,-1) / (0,-3) / (3,0) / (-2,-2) / (3,-3) / (0,-3) / (0,-1) / (0,-3) / (3,0) / (4,0) / (0,-4) / (2,0)",6,"(4,2)/(4,0)/(-1,0)/(-3,-2)/(0,-3)/(6,-4)/(3,-2)"
NLC5thAnniversary2017,5.67,f,B,0,3,"(4,0) / (3,0) / (0,3) / (6,0) / (-3,-3) / (-1,-1) / (-5,0) / (-3,-3) / (3,0) / (2,0) / (2,0) / (4,-2) / (-3,0) /",7,"(0,5)/(-1,2)/(0,2)/(-4,0)/(2,-1)/(3,3)/(3,-4)/(3,-2)"
NLC5thAnniversary2017,5.67,f,B,0,4,"(0,2) / (-3,0) / (3,0) / (0,-3) / (-2,-2) / (-4,-1) / (4,0) / (0,-3) / (0,-3) / (0,-5) / (2,-2) / (1,0) / (2,-4) /",8,"(4,-2)/(0,-1)/(2,-3)/(2,1)/(3,0)/(1,0)/(2,-1)/(3,6)/(3,-2)"
NLC5thAnniversary2017,5.67,f,B,0,5,"(1,0) / (-3,-3) / (-3,0) / (0,-3) / (-1,-1) / (3,0) / (-5,-3) / (3,0) / (6,-5) / (-4,0) / (3,-2) / (-3,0) /",6,"(0,-4)/(-2,1)/(2,2)/(2,-3)/(1,0)/(-3,6)/"
NLC5thAnniversary2017,5.67,f,B,1,1,"(-5,0) / (0,3) / (-3,-3) / (-1,-4) / (3,0) / (1,-5) / (0,-1) / (-3,-3) / (6,0)",5,"(3,-3)/(3,3)/(-5,0)/(2,-1)/(-2,-2)/(2,0)"
NLC5thAnniversary2017,5.67,f,B,1,2,"(1,0) / (2,5) / (4,-5) / (3,0) / (3,0) / (0,-3) / (5,0) / (6,-3) / (0,-3) / (2,0) / (-2,0) / (0,-2) / (0,-5) / (-1,0)",7,"(6,0)/(2,0)/(-5,0)/(5,0)/(3,0)/(0,-3)/(2,-3)/(3,-2)"
RamenskoeOpen2017,5.67,d,A,0,1,"(-5,3) / (3,0) / (-4,-1) / (1,-5) / (0,-3) / (6,-1) / (3,0) / (0,-3) / (4,-4) / (0,-2) / (6,-4) /",7,"(0,2)/(-2,0)/(4,0)/(-4,0)/(1,0)/(0,3)/(5,-3)/(3,-2)"
RamenskoeOpen2017,5.67,d,A,0,2,"(0,5) / (0,-3) / (-3,0) / (-2,-2) / (2,-1) / (1,0) / (-3,-3) / (-5,0) / (0,-4) / (-2,-4) / (2,0) / (6,0)",6,"(-2,0)/(2,0)/(-4,0)/(-4,1)/(3,3)/(-3,5)/(3,-2)"
RamenskoeOpen2017,5.67,d,A,0,3,"(0,-4) / (3,-3) / (4,-5) / (-1,-4) / (4,-2) / (-3,-4) / (-3,-3) / (-5,0) / (-4,0) / (-2,-2)",5,"(-4,-1)/(5,0)/(1,3)/(3,3)/(-1,6)/(3,-2)"
RamenskoeOpen2017,5.67,d,A,0,4,"(0,-4) / (-3,0) / (3,0) / (3,0) / (-2,-5) / (0,-3) / (3,0) / (0,-4) / (0,-3) / (5,-2) / (0,-2) / (2,0) / (-1,0) /",7,"(-3,0)/(1,4)/(2,2)/(4,0)/(-1,0)/(0,-3)/(-3,2)/(3,-2)"
RamenskoeOpen2017,5.67,d,A,0,5,"(0,-4) / (-3,3) / (-3,6) / (0,-3) / (-2,-5) / (2,-3) / (0,-3) / (4,0) / (-1,-1) / (-5,0)",4,"(2,1)/(0,3)/(-2,-3)/(-4,-1)/(3,-2)"
RamenskoeOpen2017,5.67,d,A,1,1,"(-5,3) / (-3,0) / (-4,-1) / (0,-3) / (-3,0) / (1,-3) / (0,-3) / (-1,-2) / (0,-4) / (0,-4) / (-2,0) / (5,0) /",6,"(0,-2)/(-1,2)/(4,0)/(-2,-3)/(-3,0)/(-3,1)/(2,0)"
RamenskoeOpen2017,5.67,d,A,1,2,"(-5,0) / (3,0) / (-3,3) / (-1,-1) / (1,-2) / (-3,-4) / (3,0) / (2,-5) / (0,-2) / (2,-4) / (-2,-2)",7,"(6,0)/(0,-4)/(1,-4)/(3,0)/(-3,1)/(0,3)/(-1,-4)/(3,-2)"
UtahMegacompII2017,5.67,d,B,0,1,"(0,5) / (-2,4) / (-1,5) / (3,0) / (0,-3) / (-3,-3) / (-2,0) / (-3,-3) / (3,0) / (-4,-2) / (2,0) / (0,-1) /",5,"/(0,1)/(-2,0)/(1,-4)/(3,3)/(2,-2)"
UtahMegacompII2017,5.67,d,B,0,2,"(-2,0) / (-3,-3) / (0,3) / (-1,-4) / (-3,0) / (1,-2) / (5,0) / (0,-3) / (-3,0) / (0,-5) / (4,0) / (-4,0) / (3,0) /",8,"(4,-2)/(-4,2)/(-3,2)/(-3,2)/(-2,-1)/(0,-3)/(-1,-3)/(1,4)/(2,0)"
UtahMegacompII2017,5.67,d,B,0,3,"(0,5) / (0,3) / (-3,3) / (-3,0) / (-5,-5) / (3,0) / (-3,-1) / (3,0) / (0,-3) / (4,0) / (5,0) / (-2,0) / (-5,-2)",7,"(-1,-4)/(4,2)/(0,-4)/(2,3)/(0,1)/(3,0)/(0,5)/(3,-2)"
UtahMegacompII2017,5.67,d,B,0,4,"(4,0) / (2,-4) / (-3,0) / (-5,-5) / (-3,0) / (0,-1) / (3,0) / (2,-5) / (6,-2) / (3,-4) / (4,0)",7,"(6,0)/(-1,-2)/(2,0)/(1,2)/(0,-1)/(0,-3)/(5,-3)/(3,-2)"
UtahMegacompII2017,5.67,d,B,0,5,"(1,0) / (-4,-1) / (0,3) / (-2,-5) / (-3,0) / (2,-4) / (4,0) / (-3,0) / (-1,-3) / (0,-5) / (6,-1) / (-4,-2)",5,"(-2,0)/(0,2)/(1,0)/(3,0)/(-4,0)/(3,-2)"
UtahMegacompII2017,5.67,d,B,1,1,"(0,-1) / (-3,-3) / (3,0) / (3,0) / (-5,-5) / (5,-4) / (1,0) / (0,-3) / (3,0) / (0,-4)",5,"(3,0)/(1,-3)/(3,0)/(3,-3)/(3,-1)/(3,-2)"
UtahMegacompII2017,5.67,d,B,1,2,"(1,0) / (-1,5) / (0,3) / (3,0) / (4,-2) / (-1,-4) / (0,-5) / (-3,-3) / (2,-5) / (0,-4) / (6,-4) /",7,"(-4,2)/(-4,-2)/(4,2)/(4,1)/(0,5)/(1,-3)/(-3,-3)/"
BONDOpen2017,5.67,c,A,0,1,"(-2,-3) / (-3,0) / (3,0) / (-4,-4) / (-3,0) / (-5,-2) / (0,-1) / (-3,-3) / (-1,-2) / (0,-2) / (4,0) / (6,0) / (-2,0)",7,"(-4,2)/(4,-2)/(-2,0)/(-4,1)/(3,3)/(1,0)/(0,3)/(2,0)"
BONDOpen2017,5.67,c,A,0,2,"(1,0) / (-4,2) / (1,-2) / (5,-4) / (3,0) / (6,-2) / (-3,-3) / (-3,0) / (5,-5) / (0,-4) / (4,-4)",7,"(2,-2)/(4,0)/(1,2)/(3,0)/(3,3)/(-3,0)/(-3,1)/(2,0)"
BONDOpen2017,5.67,c,A,0,3,"(-2,0) / (3,6) / (-4,2) / (-3,-3) / (-3,0) / (3,0) / (-2,0) / (-3,-3) / (-3,0) / (6,-4) / (-4,-2) / (-2,0) /",7,"(1,-2)/(0,-2)/(1,4)/(0,-4)/(2,-3)/(3,3)/(-2,6)/(2,0)"
BONDOpen2017,5.67,c,A,0,4,"(0,-1) / (-3,0) / (-3,0) / (-5,-2) / (5,-1) / (4,-2) / (2,0) / (-3,-3) / (0,-1) / (-2,0) / (2,0) / (-3,0)",5,"(1,2)/(2,-1)/(3,3)/(0,5)/(1,4)/(2,0)"
BONDOpen2017,5.67,c,A,0,5,"(-5,0) / (5,-1) / (-3,0) / (0,-3) / (-5,-2) / (3,0) / (-4,0) / (3,0) / (1,0) / (-4,-4) / (0,-3)",5,"(-2,-3)/(3,0)/(0,-3)/(1,-3)/(3,3)/(2,0)"
BONDOpen2017,5.67,c,A,1,1,"(-2,3) / (-4,-1) / (-5,-2) / (5,-1) / (-3,0) / (6,-5) / (-3,0) / (4,0) / (-1,0) / (0,-4) / (-5,-4) / (-2,0)",7,"(2,0)/(-1,-2)/(4,0)/(4,-1)/(0,-3)/(2,-3)/(-3,-3)/(3,-2)"
BONDOpen2017,5.67,c,A,1,2,"(-5,-3) / (0,-3) / (-4,-1) / (4,-5) / (2,-1) / (4,0) / (0,-3) / (3,0) / (-3,-3) / (5,-3)",5,"(1,-3)/(0,3)/(3,0)/(2,-3)/(4,4)/(2,0)"
FrankfurtCubeDays2017,5.67,f,A,0,1,"(1,0) / (-1,5) / (-2,4) / (-3,0) / (2,-4) / (3,0) / (0,-5) / (-3,-3) / (-3,0) / (3,-5) / (4,-2) / (0,-2) /",6,"(2,2)/(-2,0)/(1,-1)/(3,0)/(3,3)/(4,3)/(2,0)"
FrankfurtCubeDays2017,5.67,f,A,0,2,"(1,0) / (-3,0) / (-4,-1) / (3,0) / (-3,0) / (-5,-5) / (3,-1) / (0,-3) / (-1,-2) / (3,-2) / (-5,-4) / (0,-4)",7,"(-4,2)/(-4,1)/(2,2)/(-2,3)/(-2,-3)/(-3,0)/(0,-2)/(2,0)"
FrankfurtCubeDays2017,5.67,f,A,0,3,"(1,0) / (5,5) / (0,-3) / (-3,0) / (4,-2) / (2,-1) / (0,-2) / (3,0) / (1,-4) / (6,-4) / (0,-1) / (3,-4) /",8,"(3,-2)/(1,0)/(0,-2)/(-4,1)/(0,3)/(0,-4)/(3,-3)/(1,4)/(2,0)"
FrankfurtCubeDays2017,5.67,f,A,0,4,"(0,5) / (3,0) / (-2,1) / (3,0) / (-3,0) / (5,-1) / (1,0) / (-3,0) / (6,-3) / (5,0) / (1,0) / (6,-2)",5,"(0,-4)/(-2,0)/(0,2)/(0,3)/(5,0)/(3,-2)"
FrankfurtCubeDays2017,5.67,f,A,0,5,"(-5,0) / (5,2) / (-2,-5) / (5,-4) / (-2,-5) / (-4,0) / (-3,0) / (4,0) / (5,0) / (4,0) / (0,-3) / (-2,0) / (0,-1) /",8,"(1,-2)/(0,-2)/(0,-1)/(0,2)/(0,4)/(-3,-1)/(-3,0)/(6,1)/(2,0)"
FrankfurtCubeDays2017,5.67,f,A,1,1,"(-2,0) / (3,6) / (0,3) / (-1,-4) / (3,0) / (-5,-5) / (-4,0) / (0,-3) / (3,0) / (3,0) / (0,-3) / (-1,-5)",5,"(1,0)/(-4,-1)/(-3,0)/(3,-3)/(-5,-2)/(2,0)"
FrankfurtCubeDays2017,5.67,f,A,1,2,"(0,-1) / (-5,-2) / (3,-3) / (3,0) / (2,-4) / (-2,-3) / (-3,-3) / (1,0) / (-4,0) / (0,-3) / (0,-1)",6,"(-5,1)/(2,-3)/(-3,0)/(3,3)/(0,-5)/(-1,-4)/(3,-2)"
MathSocOpen2017,5.67,d,C,0,1,"(-2,-3) / (0,3) / (-1,-4) / (1,-5) / (3,0) / (5,-3) / (0,-3) / (3,0) / (5,0) / (-2,0) / (2,-1) / (-3,0)",6,"(3,0)/(4,0)/(-5,0)/(-3,1)/(2,0)/(6,-3)/(2,-2)"
MathSocOpen2017,5.67,d,C,0,2,"(0,5) / (0,3) / (0,-3) / (1,-2) / (-3,-3) / (0,-3) / (0,-1) / (6,-3) / (-3,0) / (0,-3) / (6,-1)",5,"(4,-2)/(5,0)/(0,-3)/(1,3)/(0,3)/(2,0)"
MathSocOpen2017,5.67,d,C,0,3,"(-3,2) / (-5,-5) / (3,0) / (0,-3) / (-4,-4) / (-5,-3) / (-3,0) / (6,-2) / (-4,-3)",5,"(0,-3)/(2,3)/(-5,0)/(0,3)/(-3,1)/(2,0)"
MathSocOpen2017,5.67,d,C,0,4,"(0,-1) / (0,-3) / (4,1) / (-3,0) / (6,-3) / (-3,-4) / (-3,-3) / (-5,0) / (2,0) / (4,-2) / (0,-1) / (-4,0) / (4,0)",7,"(0,5)/(2,3)/(0,-4)/(-3,0)/(-3,2)/(1,2)/(6,-3)/"
MathSocOpen2017,5.67,d,C,0,5,"(-5,0) / (2,5) / (4,1) / (-3,0) / (5,-4) / (3,0) / (0,-5) / (-3,-3) / (3,-5) / (5,0) / (0,-4) / (6,0) /",7,"(6,0)/(1,-4)/(0,-4)/(0,4)/(-4,1)/(3,3)/(0,5)/(3,-2)"
MathSocOpen2017,5.67,d,C,1,1,"(0,2) / (-2,1) / (-1,2) / (1,-5) / (5,-4) / (1,-3) / (-3,-3) / (3,0) / (2,0) / (0,-2) / (-4,-4)",6,"(2,-2)/(-4,2)/(2,0)/(1,-2)/(3,3)/(0,1)/(2,0)"
MathSocOpen2017,5.67,d,C,1,2,"(0,-1) / (1,4) / (0,3) / (5,-4) / (3,-3) / (0,-5) / (3,0) / (0,-4) / (1,-5) / (0,-3) / (0,-1) / (4,0) / (-3,0) /",7,"(2,3)/(-3,-2)/(-2,3)/(2,0)/(-2,-3)/(0,-3)/(5,-3)/(3,-2)"
CliftonWinter2017,5.67,f,A,0,1,"(0,-4) / (1,1) / (0,-3) / (2,-1) / (3,-3) / (-3,0) / (1,0) / (3,0) / (-4,0) / (6,0) / (0,-2) / (-1,-4) / (0,-2)",6,"(0,2)/(1,4)/(0,-1)/(3,1)/(3,0)/(4,-3)/(2,0)"
CliftonWinter2017,5.67,f,A,0,2,"(0,-4) / (-5,-5) / (3,0) / (-3,-3) / (0,-3) / (-4,-4) / (-2,0) / (-3,-3) / (-3,0) / (0,-4) / (-4,0) / (0,-2) / (2,0)",5,"(-2,2)/(2,-2)/(2,3)/(3,3)/(6,-1)/(3,-2)"
CliftonWinter2017,5.67,f,A,0,3,"(0,-1) / (-3,-3) / (0,-3) / (3,0) / (-5,-5) / (-1,-4) / (-2,0) / (-3,-3) / (1,0) / (4,-2) / (0,-2) / (2,0) / (0,-2)",6,"(-4,2)/(-4,2)/(-2,2)/(2,3)/(3,3)/(6,2)/(3,-2)"
CliftonWinter2017,5.67,f,A,0,4,"(0,5) / (1,4) / (0,-3) / (6,0) / (-1,0) / (3,0) / (0,-4) / (1,0) / (4,0) / (3,-2) / (-4,-2) / (-2,0) / (0,-2)",8,"(1,-4)/(1,2)/(0,-2)/(2,0)/(0,-5)/(3,0)/(1,0)/(2,2)/(3,-2)"
CliftonWinter2017,5.67,f,A,0,5,"(0,2) / (6,0) / (-2,-5) / (-3,0) / (3,0) / (3,-1) / (0,-3) / (-1,-3) / (0,-5) / (-2,-5) / (5,0) / (6,0)",7,"(6,0)/(3,0)/(4,0)/(0,-4)/(-5,0)/(0,3)/(-1,3)/(3,-2)"
CliftonWinter2017,5.67,f,A,1,1,"(3,-1) / (1,-2) / (0,-3) / (3,0) / (-1,-4) / (-3,-2) / (-3,0) / (3,-1) / (-2,0) / (3,0) / (-2,0)",5,"(2,0)/(0,-3)/(-3,0)/(2,-3)/(-5,-5)/(2,0)"
CliftonWinter2017,5.67,f,A,1,2,"(0,-4) / (-5,4) / (3,-3) / (-4,-1) / (0,-3) / (6,0) / (0,-5) / (-3,0) / (0,-1) / (6,-2) / (2,0) / (4,-1)",7,"(2,-2)/(3,0)/(0,-3)/(-3,-2)/(1,2)/(0,3)/(6,-5)/(2,0)"
AsianChampionship2016,5.67,d,B,0,1,"(-3,2) / (0,6) / (3,0) / (3,0) / (-2,-5) / (0,-3) / (5,-3) / (0,-3) / (3,0) / (6,-5) / (5,0)",6,"(1,3)/(-1,0)/(-1,-3)/(1,-3)/(3,0)/(-1,6)/(3,-2)"
AsianChampionship2016,5.67,d,B,0,2,"(0,2) / (1,1) / (-3,-3) / (3,0) / (-1,-3) / (0,-3) / (-2,-1) / (0,-4) / (-4,-3) / (-4,-3) / (4,0) / (-1,0) /",7,"(-3,0)/(1,0)/(-1,-2)/(-2,1)/(2,-2)/(1,0)/(6,-3)/"
AsianChampionship2016,5.67,d,B,0,3,"(-5,0) / (-3,6) / (2,5) / (0,-3) / (6,-3) / (-3,-2) / (-3,-3) / (0,-5) / (6,-2) / (0,-2) / (-2,-4) / (4,0)",6,"(-4,2)/(-4,-2)/(0,2)/(-4,1)/(3,3)/(-2,6)/(2,0)"
AsianChampionship2016,5.67,d,B,0,4,"(-5,0) / (-1,5) / (0,3) / (-3,0) / (-3,0) / (6,-2) / (3,0) / (0,-4) / (-5,0) / (0,-2) / (0,-2) / (-3,0) / (2,0)",7,"(-2,2)/(0,2)/(0,4)/(3,-1)/(0,-3)/(0,3)/(0,1)/(2,0)"
AsianChampionship2016,5.67,d,B,0,5,"(1,0) / (3,0) / (-3,0) / (-4,-1) / (0,-2) / (3,0) / (-3,0) / (0,-4) / (1,0) / (-3,-4) / (6,0)",5,"(6,0)/(-3,-2)/(4,0)/(3,2)/(3,0)/(2,-2)"
AsianChampionship2016,5.67,d,B,1,1,"(-2,0) / (-1,-1) / (3,0) / (3,-3) / (3,0) / (-5,-5) / (0,-1) / (-3,0) / (5,-2) / (4,0) / (4,-1) / (4,-2)",6,"(4,0)/(4,-1)/(2,0)/(0,4)/(2,3)/(3,0)/"
AsianChampionship2016,5.67,d,B,1,2,"(0,-1) / (0,3) / (-5,1) / (2,-1) / (1,-2) / (-4,-3) / (-3,0) / (0,-1) / (6,0) / (-5,-3)",5,"(3,0)/(-3,0)/(-1,0)/(0,3)/(1,4)/(2,0)"
PinoyOlympics2015,5.67,f,A,0,1,"(0,-4) / (-3,0) / (0,3) / (4,-5) / (3,0) / (3,0) / (-1,-3) / (-3,0) / (3,-3) / (0,-3) / (-3,-4)",5,"(-3,0)/(3,-2)/(0,-3)/(1,3)/(0,3)/(2,0)"
PinoyOlympics2015,5.67,f,A,0,2,"(-5,0) / (0,-3) / (2,2) / (4,-5) / (-3,0) / (-3,-4) / (-3,0) / (-1,0) / (2,0) / (0,-2) / (4,0) / (0,-4) / (6,0) / (0,-2)",7,"(-2,0)/(-4,0)/(-4,-2)/(0,-4)/(1,2)/(0,3)/(6,4)/(2,0)"
PinoyOlympics2015,5.67,f,A,0,3,"(4,0) / (5,-4) / (-5,-2) / (3,0) / (6,-3) / (-1,0) / (3,0) / (1,-4) / (0,-4) / (4,0) / (0,-2) / (2,0) / (6,-4)",8,"(4,-2)/(0,2)/(0,2)/(4,0)/(0,2)/(2,1)/(0,3)/(-3,-1)/(3,-2)"
PinoyOlympics2015,5.67,f,A,0,4,"(0,5) / (1,4) / (5,-4) / (-3,0) / (1,-5) / (3,0) / (-4,0) / (0,-3) / (4,0) / (-4,-1) / (4,0)",5,"(3,-2)/(2,3)/(3,0)/(3,-3)/(-1,6)/(3,-2)"
PinoyOlympics2015,5.67,f,A,0,5,"(0,-4) / (0,-3) / (-2,4) / (2,-4) / (-3,0) / (3,-5) / (3,0) / (-3,0) / (3,-3)",5,"(3,-3)/(-3,0)/(0,3)/(5,0)/(-5,-5)/(2,0)"
PinoyOlympics2015,5.67,f,A,1,1,"(-2,3) / (-1,-4) / (-2,-2) / (0,-3) / (6,0) / (-1,0) / (-3,0) / (-2,-1) / (-2,-3) / (0,-2) / (-2,0) / (0,-1) / (6,0)",7,"(0,3)/(-3,2)/(-2,0)/(-1,-2)/(-2,-3)/(0,-3)/(-4,6)/(3,-2)"
PinoyOlympics2015,5.67,f,A,1,2,"(-3,5) / (1,1) / (-3,0) / (5,-1) / (-5,-2) / (-4,0) / (6,-3) / (-4,-3) / (4,0) / (-2,0) / (-4,-3) / (-2,0)",7,"(6,0)/(0,-2)/(3,-2)/(0,-4)/(-4,1)/(3,0)/(6,-4)/(3,-2)"
Galerias360Open2014,5.67,f,A,0,1,"(4,3) / (0,3) / (-4,-4) / (0,-3) / (3,0) / (0,-3) / (1,-3) / (0,-3) / (5,-2) / (6,0) / (-3,-2) / (-3,-4) /",7,"(0,4)/(1,-2)/(0,-4)/(-1,4)/(0,-3)/(1,0)/(6,-3)/(2,0)"
Galerias360Open2014,5.67,f,A,0,2,"(1,3) / (5,-4) / (0,-3) / (3,0) / (-2,0) / (3,0) / (3,0) / (5,0) / (2,0) / (0,-3) / (-2,0) / (-2,0) / (0,-3) / (0,-1)",8,"(0,-2)/(0,-3)/(-2,2)/(0,5)/(2,1)/(2,3)/(3,0)/(3,5)/(3,-2)"
Galerias360Open2014,5.67,f,A,0,3,"(-2,-3) / (3,0) / (0,-3) / (-1,-4) / (4,-5) / (-3,0) / (0,-1) / (3,0) / (6,0) / (0,-3) / (0,-3) / (-3,0)",5,"(3,3)/(3,-2)/(-3,0)/(3,-3)/(-1,-4)/(3,-2)"
Galerias360Open2014,5.67,f,A,0,4,"(0,-4) / (-5,1) / (2,5) / (0,-3) / (3,0) / (-2,0) / (6,-3) / (1,0) / (5,-2) / (4,0) / (6,-1)",6,"(0,-5)/(0,-4)/(1,-4)/(-1,0)/(0,-3)/(-3,2)/(3,-2)"
Galerias360Open2014,5.67,f,A,0,5,"(0,-4) / (-2,4) / (5,2) / (0,-3) / (-5,-2) / (-1,-3) / (3,0) / (3,0) / (-2,0) / (-2,-4) / (4,0) / (5,0) /",8,"(2,-2)/(-4,0)/(-1,4)/(2,0)/(-3,0)/(0,-5)/(3,-1)/(-3,0)/(2,-2)"
Galerias360Open2014,5.67,f,A,1,1,"(0,5) / (-3,-3) / (-5,-2) / (0,-3) / (0,-3) / (-4,-4) / (-5,0) / (-3,-3) / (-1,0) / (-4,0) / (6,-2) / (2,0)",6,"(-2,0)/(0,-4)/(-2,2)/(3,2)/(3,3)/(-3,1)/(2,0)"
Galerias360Open2014,5.67,f,A,1,2,"(-5,0) / (2,2) / (-5,4) / (-3,0) / (3,0) / (-3,-3) / (5,0) / (-3,-3) / (-4,-5) / (-2,0) / (0,-2) / (6,-4)",5,"/(0,2)/(1,-4)/(3,3)/(-4,6)/(3,-2)"
WelcomeToCambridge2014,5.67,f,A,0,1,"(1,0) / (-1,2) / (4,-5) / (-3,0) / (5,-4) / (0,-3) / (1,0) / (-3,-3) / (5,0) / (4,-4) / (-1,-4) / (0,-4) /",7,"(6,0)/(2,-3)/(4,2)/(-2,0)/(2,1)/(3,3)/(6,5)/(3,-2)"
WelcomeToCambridge2014,5.67,f,A,0,2,"(0,-1) / (3,3) / (-5,-2) / (-1,-4) / (3,-3) / (-3,-5) / (-3,0) / (-2,-3) / (4,-4) /",5,"/(2,-2)/(3,2)/(3,0)/(5,-3)/(3,-2)"
WelcomeToCambridge2014,5.67,f,A,0,3,"(-2,0) / (2,5) / (0,3) / (4,-5) / (0,-3) / (-3,0) / (-3,-4) / (-3,-3) / (3,0) / (0,-2) / (4,0) / (4,0) / (0,-2)",6,"(0,-2)/(2,-2)/(2,0)/(1,-2)/(3,3)/(-4,3)/(3,-2)"
WelcomeToCambridge2014,5.67,f,A,0,4,"(0,2) / (3,0) / (4,-5) / (3,-3) / (-3,0) / (6,-3) / (0,-1) / (0,-3) / (0,-2) / (-1,0) / (-5,-2) / (0,-4) / (4,0) /",6,"(0,-2)/(-4,2)/(0,4)/(-4,1)/(0,3)/(6,-4)/(3,-2)"
WelcomeToCambridge2014,5.67,f,A,0,5,"(0,2) / (-2,-2) / (-4,5) / (4,-2) / (2,-1) / (4,-3) / (0,-3) / (5,-2) / (2,0) / (0,-1) / (-2,0) / (4,0) /",7,"(2,3)/(1,2)/(2,-1)/(3,-2)/(-2,-3)/(0,-3)/(-1,3)/(3,-2)"
WelcomeToCambridge2014,5.67,f,A,1,1,"(1,0) / (3,-3) / (5,5) / (-3,0) / (1,-2) / (2,-3) / (-3,-3) / (-3,0) / (-5,-1) / (-2,-4) / (0,-3)",5,"(-2,-3)/(4,2)/(-4,1)/(3,3)/(1,-3)/(2,0)"
WelcomeToCambridge2014,5.67,f,A,1,2,"(3,5) / (0,3) / (-3,0) / (-2,-5) / (2,-3) / (-3,0) / (0,-3) / (-2,0) / (-2,-4) / (4,0) / (5,0) / (-4,-3) / (6,0)",8,"(4,0)/(2,-1)/(-4,2)/(2,0)/(4,-2)/(-4,1)/(3,3)/(4,3)/(2,0)"
ZaragozaOpen2014,5.67,f,B,0,1,"(1,3) / (-3,0) / (-1,-4) / (-3,-3) / (3,0) / (-3,-2) / (3,0) / (1,0) / (-2,-1) / (0,-2) / (-4,0)",6,"(-2,0)/(-3,2)/(0,-2)/(0,2)/(3,0)/(-3,4)/(2,0)"
ZaragozaOpen2014,5.67,f,B,0,2,"(-2,3) / (3,0) / (-1,2) / (3,0) / (-3,-3) / (3,0) / (1,0) / (3,0) / (2,-3) / (-2,-3)",5,"(2,0)/(4,0)/(0,-3)/(-1,-3)/(1,4)/(2,0)"
ZaragozaOpen2014,5.67,f,B,0,3,"(0,-4) / (-2,-5) / (5,-4) / (3,0) / (-2,-5) / (-4,0) / (0,-3) / (6,-1) / (-2,0) / (-2,0) / (6,-5) / (6,-4)",7,"(-1,-2)/(-4,-2)/(5,0)/(0,4)/(1,-4)/(0,3)/(5,-3)/(3,-2)"
ZaragozaOpen2014,5.67,f,B,0,4,"(-3,5) / (4,-2) / (6,0) / (0,-3) / (-1,-4) / (3,0) / (4,0) / (0,-3) / (-3,-2) / (-1,-2) / (-2,0) / (-5,0) /",7,"(2,2)/(4,2)/(0,-1)/(0,4)/(-4,1)/(0,3)/(1,6)/(2,0)"
ZaragozaOpen2014,5.67,f,B,0,5,"(0,-4) / (-3,0) / (6,-3) / (-3,0) / (-2,-5) / (-1,0) / (3,0) / (-3,0) / (4,-4) / (4,-4) / (2,-2) / (4,-1) /",8,"(0,3)/(2,1)/(2,-2)/(2,-2)/(2,1)/(3,3)/(-2,3)/(2,5)/(3,-2)"
ZaragozaOpen2014,5.67,f,B,1,1,"(-3,5) / (4,-5) / (5,-4) / (4,-5) / (3,0) / (6,-1) / (-3,0) / (5,0) / (6,0) / (-4,-2) / (0,-1) / (0,-3)",6,"(0,3)/(0,1)/(4,-1)/(0,1)/(3,0)/(-2,6)/(2,0)"
ZaragozaOpen2014,5.67,f,B,1,2,"(-2,0) / (-4,5) / (3,0) / (1,-2) / (0,-3) / (3,-3) / (-1,0) / (3,0) / (0,-3) / (0,-5) / (-1,0) / (0,-3) /",5,"(0,-1)/(1,0)/(3,0)/(3,1)/(-4,-1)/(3,-2)"
